Аббаси	Noun
Австралиялық	Noun
Австриялық	Noun
Албаниялық	Noun
Алла	Noun
Аллаһ	Noun
Аргентин	Noun
Ассириялық	Noun
Атлантикалық	Adjective
Ахемен	Noun
Аһимса	Noun
Баск	Noun
Бихар	Noun
Бразилиялық	Noun
Буддизм	Noun
Буддист	Noun
Бурмистер	Adjective
Бұрындық	Adjective
Веда	Noun
Венециялық	Noun
Галилеянин	Adjective
Гаутама	Noun
Голланд	Noun
Голландық	Noun
Грегориандық	Adjective
Дева	Noun
Египтолог	Noun
Еуропалық	Noun
Жапондық	Adjective
Жапондық	Noun
Желмая	Noun
Иврит	Noun
Израильдік	Noun
Изумо	Noun
Ирландық	Noun
Ислам	Noun
Исламист	Noun
Испан	Noun
Испандық	Noun
Иудаизм	Noun
Камерундық	Noun
Кведлинбургтік	Adjective
Кениян	Noun
Кипрлік	Noun
Кореялық	Noun
Косовар	Noun
Крев	Adjective
Кубалық	Adjective
Лава	Noun
Латыш	Noun
Ливиялық	Noun
Маоизм	Noun
Марксшіл	Noun
Махаяна	Noun
Мексика	Noun
Мисс	Noun
Миссис	Noun
Мистер	Noun
Мысырлық	Noun
Мұсылман	Noun
Мұсылмандық	Noun
Наурыз	Noun
Нигериялық	Noun
Норвегиялық	Noun
Олимпиада	Noun
Олимпиадалық	Adjective
Палестиналық	Noun
Римдік	Noun
Румын	Noun
Сакс	Noun
Самани	Noun
Сефеви	Noun
Сиддхарта	Noun
Сионизм	Noun
Сириялық	Noun
Словак	Noun
Сомалилық	Noun
Сопылық	Noun
Трипитака	Noun
Тынық	Adjective
Тәңір	Noun
Украиналық	Noun
Уругвайлық	Noun
Финка	Noun
Франколық	Adjective
Хань	Noun
Хорват	Noun
Христиандық	Noun
Христианин	Noun
Швейцариялық	Noun
Шотландық	Noun
Югослав	Noun
Югославиялық	Noun
Янки	Noun
аба	Noun
абадан	Adjective
абадан	Noun
абажа	Noun
абажадай	Adjective
абажур	Noun
абажурлы	Adjective
абаз	Noun
абазия	Noun
абай	Adjective
абай	Noun
абайла	Verb
абайламаушылық	Noun
абайлаушылық	Noun
абайлағыш	Adjective
абаймен	Adverb
абайсыз	Adjective
абайсызда	Adverb
абайсыздық	Noun
абайтанушы	Noun
абайшылдық	Noun
абака	Noun
абала	Verb
абалақ	Noun
абалақта	Verb
абалақтай	Adjective
абалоне	Noun
абана	Noun
абандон	Noun
абат	Adjective
абатта	Verb
абаттық	Noun
абатшылық	Noun
абақ	Noun
абақоңыр	Adjective
абақты	Adjective
абақты	Noun
абақы	Noun
аббар	Adverb
аббат	Noun
аббатиса	Noun
аббаттық	Noun
аббревиатура	Noun
аббревиация	Noun
абгора	Noun
абда	Adjective
абдан	Noun
абданлық	Noun
абдаста	Noun
абдикация	Noun
абдомен	Noun
абдоминалдық	Adjective
абдуктор	Noun
абдукция	Noun
абдукциялық	Adjective
абдыра	Noun
абдыра	Verb
абдырадай	Adjective
абдырас	Verb
абдырауық	Adjective
абдырағыш	Adjective
абдыраңқыра	Verb
абдырия	Noun
аберрация	Noun
абжауқын	Adjective
абжауқын	Adverb
абзал	Adjective
абзалдық	Noun
абзац	Noun
абзел	Noun
абиотикалық	Adjective
абиссаль	Adjective
абляция	Noun
аболиционист	Noun
абонемент	Noun
абонент	Noun
абоненттік	Adjective
абориген	Noun
аборт	Noun
абразия	Noun
абрис	Noun
абсент	Noun
абсентеизм	Noun
абсолют	Noun
абсолютивті	Adjective
абсолютизм	Noun
абсолютті	Adjective
абсолютті	Adverb
абсолюттік	Adjective
абсорбент	Adjective
абсорбент	Noun
абсорбциялан	Verb
абстракт	Noun
абстрактты	Adjective
абстрактылық	Noun
абстрактілі	Adjective
абстрактілік	Adjective
абстракция	Noun
абстракциялау	Noun
абстстракционизм	Noun
абсурд	Noun
абсурдтық	Adjective
абсцисса	Noun
абыз	Noun
абырж	Verb
абыржу	Noun
абыржушылық	Noun
абыржы	Verb
абыржымастан	Adverb
абыржыған	Adverb
абырой	Noun
абыройлы	Adjective
абыройлы	Adverb
абыройлылық	Noun
абыройсыз	Adjective
абысын	Noun
авангард	Noun
авангардизм	Noun
аванзал	Noun
аванпорт	Noun
аванпост	Noun
аванс	Noun
авансылау	Noun
авантюризм	Noun
авантюрист	Noun
авария	Noun
авгит	Noun
авгур	Noun
август	Noun
авеню	Noun
авиабайланыс	Noun
авиабағдаршам	Noun
авиабилет	Noun
авиадесант	Noun
авиажелі	Noun
авиазауыт	Noun
авиаклуб	Noun
авиакөкжиек	Noun
авиалайнер	Noun
авиамектеп	Noun
авиамоделизм	Noun
авиамодельші	Noun
авиамотор	Noun
авиапочта	Noun
авиаспорт	Noun
авиаспортшы	Noun
авиатор	Noun
авиахабарлама	Noun
авиация	Noun
авиациялық	Adjective
авиашапқын	Noun
авиақоректендіру	Noun
авиақұрылыс	Noun
авилайнер	Noun
авокадо	Noun
аврал	Noun
аврикула	Noun
автаркия	Noun
автаркты	Adjective
авто	Noun
автоара	Noun
автоаудармашы	Noun
автоағаштасығыш	Noun
автобақылау	Noun
автобекет	Noun
автобус	Noun
автобөлшек	Noun
автовокзал	Noun
автовус	Noun
автогамия	Noun
автоген	Noun
автогенші	Noun
автодинамикалық	Adjective
автодром	Noun
автодүкен	Noun
автожол	Noun
автозауыт	Noun
автоклав	Noun
автокран	Noun
автократ	Noun
автократия	Noun
автокөлік	Noun
автокөлікті	Adjective
автолитография	Noun
автомагистраль	Noun
автомат	Noun
автоматизация	Noun
автоматизм	Noun
автоматтандыр	Verb
автоматтандыру	Noun
автоматты	Adjective
автоматты	Noun
автоматша	Adverb
автоматшы	Noun
автомеханик	Noun
автомобилизм	Noun
автомобиль	Noun
автомобильдік	Adjective
автомобильші	Noun
автомоделизм	Noun
автоморфизм	Noun
автоморфты	Adjective
автомотоклуб	Noun
автомұнара	Noun
автонауа	Noun
автономия	Noun
автономиялық	Adjective
автопісіруші	Noun
автор	Noun
автореферат	Noun
авторизация	Noun
авторитаризм	Noun
авторитарлық	Adjective
авторластыр	Verb
авторластыру	Noun
авторлық	Adjective
автосауғыш	Noun
автосервис	Noun
автоспорт	Noun
автосуару	Noun
автосуарғыш	Noun
автосуат	Noun
автотаразы	Noun
автотежеуіш	Noun
автотиеуіш	Noun
автотипия	Noun
автотранспорт	Noun
автотрансформатор	Noun
автотрофты	Adjective
автотуризм	Noun
автотіркеме	Noun
автотіркес	Noun
автотіркеуіш	Noun
автотүсіргі	Noun
автотұрақ	Noun
автофургон	Noun
автошабандоз	Noun
автошана	Noun
автошеберхана	Noun
автошығыр	Noun
автоэкология	Noun
автоқалам	Noun
автоқұрылыс	Noun
агат	Noun
агглютинативті	Adjective
агглютинация	Noun
аггрегат	Noun
агент	Noun
агенттік	Noun
агиографикалық	Adjective
агиография	Noun
агитацияла	Verb
агломерат	Noun
агломерация	Noun
агнозия	Noun
агностик	Noun
агностицизм	Noun
агония	Noun
агониялы	Adjective
агора	Noun
агорафобия	Noun
аграрлы	Adjective
аграрлық	Adjective
агрегат	Noun
агреман	Noun
агрессивті	Adjective
агрессивті	Adverb
агрессивтілік	Noun
агрессия	Noun
агрессияшылдық	Noun
агрессор	Noun
агробақылау	Noun
агробиология	Noun
агроегіншілік	Noun
агроереже	Noun
агрокешен	Noun
агроклиматтық	Adjective
агрометеорология	Noun
агроном	Noun
агрономия	Noun
агрооқыту	Noun
агропункт	Noun
агротехникалық	Adjective
агротәсіл	Noun
агрохимия	Noun
агрошара	Noun
агроэкология	Noun
агроғылым	Noun
агроөнеркәсіп	Noun
агроөнеркәсіптік	Adjective
ада	Noun
адал	Adverb
адал	Noun
адалбақан	Noun
адалда	Verb
адалдау	Noun
адалдылық	Noun
адалдық	Noun
адалсын	Verb
адам	Noun
адамантты	Adjective
адамгершілік	Noun
адамгершіліксіз	Adjective
адамгершіліксіздік	Noun
адамгершілікті	Adverb
адамдық	Noun
адамзат	Noun
адамзаттық	Adjective
адамзаттық	Adverb
адами	Adjective
адамсын	Verb
адамсүйгіштік	Noun
адамтамыр	Noun
адамша	Adverb
адамшылық	Noun
адаптация	Noun
адаптер	Noun
адас	Verb
адасушылық	Noun
адасқандық	Noun
адақ	Adverb
адақта	Verb
адвербиалдану	Noun
адвербиальді	Adjective
адвокат	Noun
адвокаттық	Noun
аддендум	Noun
адекваттық	Adjective
адекваттық	Noun
аденин	Noun
аденозин	Noun
аденома	Noun
аденопатия	Noun
адиабаталық	Adjective
адипоцит	Noun
администратор	Noun
адмирал	Noun
адреналин	Noun
адрес	Noun
адресат	Noun
адрестелген	Adjective
адрестік	Adjective
адриатикалық	Adjective
адсорбент	Noun
адсорбция	Noun
адуынды	Adjective
адуындық	Noun
адъективті	Adjective
адым	Noun
адымда	Verb
адымдаушы	Adjective
адымдағыш	Adjective
адымөлшер	Noun
адыр	Noun
адырай	Verb
адырайлық	Noun
адыраспан	Noun
адырақ	Adjective
адыраңдық	Noun
адырлы	Adjective
адырна	Noun
адьютант	Noun
адюльтер	Noun
ажал	Noun
ажалды	Adjective
ажалсыз	Adjective
ажалсыз	Noun
ажалсыздық	Noun
ажар	Noun
ажарла	Verb
ажарлайтын	Adjective
ажарлан	Verb
ажарлаушы	Noun
ажарлы	Adjective
ажарлылық	Noun
ажарсыздық	Noun
аждаһа	Noun
ажуа	Noun
ажуала	Verb
ажуашыл	Adjective
ажыра	Verb
ажырайтындық	Noun
ажырас	Verb
ажырастыру	Noun
ажырат	Verb
ажырату	Noun
ажыратушы	Noun
ажыратыл	Verb
ажыратылған	Adjective
ажыратқы	Noun
ажыратқыш	Noun
ажырағысыз	Adjective
ажырым	Noun
ажырғы	Noun
аз	Adjective
аз	Adverb
аз	Noun
аз	Verb
азай	Verb
азайт	Verb
азайту	Noun
азайтылмайтын	Adjective
азайтқыш	Noun
азайғыш	Noun
азала	Verb
азалия	Noun
азамат	Noun
азаматтық	Adjective
азаматтық	Noun
азаматша	Noun
азаматшылық	Noun
азан	Noun
азанама	Noun
азаншы	Noun
азап	Noun
азапкер	Noun
азапта	Verb
азаптан	Verb
азаптау	Noun
азаптаушы	Noun
азапты	Adjective
азаптық	Noun
азарла	Verb
азарлау	Noun
азарлы	Adjective
азат	Adjective
азаткер	Noun
азаттық	Noun
азатшылық	Noun
азаю	Noun
азаюшылық	Noun
азаңғы	Adjective
азбан	Adjective
азбан	Noun
азбандық	Noun
аздап	Adverb
аздау	Adverb
аздаған	Adverb
аздыр	Verb
аздыратын	Adjective
аздыру	Noun
аздырушы	Noun
аздырушылық	Noun
азимут	Noun
азимуталды	Adjective
азиялық	Adjective
азиялық	Noun
азот	Noun
азотты	Adjective
азошәует	Noun
азсынушылық	Noun
азсынған	Adjective
азу	Adjective
азу	Noun
азулы	Adjective
азулылық	Noun
азурит	Noun
азусыздық	Noun
азшылық	Noun
азына	Verb
азынақ	Noun
азық	Noun
азықбулауыш	Noun
азықжуғыш	Noun
азықтан	Verb
азықтандыр	Verb
азықтық	Adjective
азықхана	Noun
азықцех	Noun
азған	Adjective
азғана	Adverb
азғантай	Adjective
азғантай	Adverb
азғын	Noun
азғындан	Verb
азғындау	Noun
азғындаушылық	Noun
азғындаған	Adjective
азғындық	Noun
азғыр	Verb
азғыру	Noun
азғырушы	Noun
азғырушылық	Noun
азғырғыш	Noun
ай	Noun
айбалта	Noun
айбар	Noun
айбарлы	Adverb
айбарлылық	Noun
айбат	Noun
айбаттық	Noun
айбын	Noun
айбындылық	Noun
айбынсыздық	Noun
айва	Noun
айгөлек	Noun
айда	Verb
айдала	Noun
айдалған	Adjective
айдам	Noun
айдамала	Verb
айдар	Noun
айдарлы	Adjective
айдарман	Noun
айдарша	Noun
айдаршық	Noun
айдаршөп	Noun
айдау	Noun
айдаушы	Noun
айдауыш	Noun
айдағыш	Noun
айдаһар	Noun
айдын	Noun
айдынды	Adjective
айкезбе	Noun
айла	Noun
айлакер	Adjective
айлакер	Noun
айлакерлік	Noun
айлала	Verb
айлалы	Adjective
айлалы	Noun
айлалылық	Noun
айлалық	Noun
айламен	Adverb
айландыру	Noun
айланыс	Noun
айлап	Adverb
айласыз	Adjective
айласыздық	Noun
айлақ	Noun
айлақта	Verb
айлақыл	Verb
айлақылан	Verb
айлы	Adjective
айлық	Adjective
айлық	Noun
аймала	Verb
аймалас	Verb
аймақ	Noun
аймақтау	Noun
аймақты	Adverb
айна	Noun
айнал	Verb
айнала	Adverb
айнала	Noun
айналайын	Noun
айналдыр	Verb
айналдыру	Noun
айналма	Noun
айналу	Noun
айналшықта	Verb
айналы	Adjective
айналым	Noun
айналымды	Adjective
айналымдылық	Noun
айналымдық	Adjective
айналыс	Noun
айналыс	Verb
айнаша	Noun
айны	Verb
айнымалы	Noun
айнымалылық	Noun
айнымас	Adjective
айныт	Verb
айнығыштық	Noun
айран	Noun
айрыл	Verb
айрылыс	Verb
айрықша	Adjective
айрықша	Adverb
айрықша	Noun
айрықшалық	Noun
айсберг	Noun
айсыз	Adjective
айт	Verb
айтарлықтай	Adjective
айтақ	Noun
айтақта	Verb
айтақтат	Verb
айтақшы	Noun
айтпа	Verb
айтпас	Adjective
айттыр	Verb
айту	Noun
айту	Verb
айтулы	Adjective
айтушы	Noun
айтыл	Verb
айтылған	Adjective
айтыс	Noun
айтыс	Verb
айтқыз	Verb
айтқысыз	Adjective
айуан	Noun
айуандарша	Adverb
айуандық	Adjective
айуандық	Noun
айуанша	Adverb
айшанақ	Noun
айшық	Noun
айшықтама	Noun
айшықты	Adjective
айшықтылық	Noun
айыл	Noun
айылбас	Noun
айылда	Verb
айылым	Noun
айып	Noun
айыпақы	Noun
айыпкер	Noun
айыпкерлік	Noun
айыппұл	Noun
айыпсыз	Adjective
айыпта	Verb
айыптайтын	Adjective
айыптал	Verb
айыптас	Noun
айыптат	Verb
айыптау	Noun
айыптаушы	Noun
айыптаушылық	Noun
айыпты	Adjective
айыпты	Noun
айыптылық	Noun
айыр	Noun
айыр	Verb
айырбас	Noun
айырбас	Verb
айырбаста	Verb
айырбасталмайтын	Adjective
айырбасталымды	Adjective
айырбастау	Noun
айырма	Noun
айырмашылық	Noun
айырмүйіз	Noun
айырмүіз	Noun
айырсадақ	Noun
айырт	Verb
айыру	Noun
айырушы	Noun
айыршық	Noun
айырыл	Verb
айырылу	Noun
айырылыс	Noun
айырылыс	Verb
айырылысу	Noun
айырым	Noun
айырымдау	Noun
айырымды	Adjective
айырыс	Verb
айырық	Noun
айырықсыз	Adjective
айырғы	Noun
айырғысыз	Adjective
айырғыш	Noun
айырқұйрық	Noun
айық	Adjective
айық	Verb
айықтыр	Verb
айықтырғыш	Noun
айыққан	Adjective
айғабақ	Noun
айғай	Noun
айғайла	Verb
айғайшы	Noun
айғайшыл	Adjective
айғақ	Noun
айғақсыз	Adjective
айғақсыздық	Noun
айғақта	Verb
айғыз	Noun
айғызда	Verb
айғыр	Noun
айқай	Noun
айқайла	Verb
айқайшылдық	Noun
айқар	Verb
айқас	Noun
айқас	Verb
айқасатын	Adjective
айқаспа	Noun
айқастыр	Verb
айқын	Adjective
айқын	Adverb
айқында	Verb
айқындал	Verb
айқындалатын	Adjective
айқындама	Noun
айқындат	Verb
айқындауыш	Noun
айқындағыш	Noun
айқындық	Noun
айқыш	Noun
айқышта	Verb
академизм	Noun
академик	Noun
академия	Noun
академиялы	Adverb
академиялық	Adjective
академиялық	Noun
акант	Noun
аканта	Noun
аквабақ	Noun
аквамәдениет	Noun
акварель	Noun
аквариум	Noun
акватория	Noun
акведук	Noun
аквилон	Noun
акклиматизация	Noun
аккомпанемент	Noun
аккомпонемент	Noun
аккорд	Noun
аккордеон	Noun
аккордеоншы	Noun
аккредитация	Noun
аккредитив	Noun
аккредитте	Verb
аккредиттеу	Noun
аккреция	Noun
аккультурация	Noun
аккумулятор	Adjective
аккумулятор	Noun
аконит	Noun
акр	Noun
акрил	Noun
акробат	Noun
акробаттық	Adjective
акромегалия	Noun
акроним	Noun
акрополь	Noun
акросомды	Adjective
акселератор	Noun
акселерометр	Noun
аксельбант	Noun
аксессуар	Noun
аксиология	Noun
аксиома	Noun
аксиоматикалық	Adjective
аксонометрикалық	Adjective
акт	Noun
актер	Noun
актерлік	Adjective
актив	Noun
активтендір	Verb
активтендіру	Noun
активті	Adjective
актинидия	Noun
актриса	Noun
актуальды	Adjective
актуарлық	Adjective
актілік	Adjective
акула	Noun
акустика	Noun
акустикалық	Adjective
акушер	Noun
акушерка	Noun
акушерлік	Noun
акцент	Noun
акцентология	Noun
акцентте	Verb
акценттеу	Noun
акцентуация	Noun
акцепт	Noun
акцептор	Noun
акциз	Noun
акционер	Noun
акционерлік	Adjective
акция	Noun
ал	Verb
алабажақ	Adjective
алабажақ	Noun
алабота	Noun
алабүйі	Noun
алабұрт	Verb
алабұрту	Noun
алабұта	Noun
алабұға	Noun
алабөтендік	Noun
алайда	Adverb
алакөлеңке	Noun
алала	Verb
алалан	Verb
алалық	Noun
алалықсыз	Noun
аламан	Noun
аламандық	Noun
алан	Noun
аландық	Adjective
алап	Noun
алапа	Noun
алапат	Adjective
алапат	Noun
алапес	Noun
алар	Verb
аларман	Noun
аласа	Adjective
аласалық	Noun
аласапыран	Noun
аласар	Verb
аласату	Noun
аласпан	Noun
аласта	Verb
аластат	Verb
аласұр	Verb
аласұрт	Verb
аласұру	Noun
алатышқан	Noun
алатікен	Noun
алатұяқ	Noun
алау	Noun
алаула	Verb
алаулат	Verb
алаулы	Adjective
алауыз	Noun
алауыздық	Noun
алаша	Noun
алашордашыл	Noun
алаяқ	Noun
алаяқтық	Noun
алағаншықтан	Verb
алағат	Adjective
алақайла	Verb
алақан	Noun
алақандық	Adjective
алақол	Adjective
алақоржын	Noun
алақта	Verb
алақұмай	Noun
алақұрт	Noun
алаң	Noun
алаңда	Verb
алаңдай	Adverb
алаңдайтын	Adjective
алаңдат	Verb
алаңдатқан	Adjective
алаңдаулы	Adjective
алаңдаушылық	Noun
алаңсыздық	Noun
алаңша	Noun
алаңғасарлан	Verb
алаңғасарланып	Adverb
алаңғасарлық	Noun
алаңқай	Noun
алаөкпе	Noun
албаниялық	Adjective
албасты	Noun
албау	Noun
албыра	Verb
албырт	Adjective
албырт	Verb
албырттық	Noun
алгебра	Noun
алгебралық	Adjective
алгоритм	Noun
алгоритмдік	Adjective
алда	Adverb
алда	Verb
алдампаздық	Noun
алдамшы	Adjective
алдамшы	Adverb
алдамшы	Noun
алдан	Verb
алдандыр	Verb
алданыс	Noun
алданыш	Noun
алданышты	Adjective
алданғыш	Adjective
алдарқат	Verb
алдас	Verb
алдау	Noun
алдаушы	Noun
алдаушылық	Noun
алдауыш	Adjective
алдағы	Adjective
алдағыш	Noun
алдияр	Adjective
алдияр	Noun
алдиярла	Verb
алды	Noun
алдымен	Adverb
алдын	Adverb
алдынан	Adverb
алдында	Adverb
алдынғы	Adverb
алдыр	Verb
алдыңдағы	Adjective
алдыңкүні	Adverb
алебастр	Noun
александрит	Noun
алжапқыш	Noun
алжас	Verb
алжасқан	Adjective
алжирлік	Adjective
алжу	Noun
алжы	Verb
алжұмыр	Noun
ализарин	Noun
алимент	Noun
алиментарлы	Adjective
алкалоид	Noun
алкоголизм	Noun
алкоголь	Noun
алкогольдендіру	Noun
алкогольді	Adjective
аллегория	Noun
аллель	Noun
аллергия	Noun
аллергиялық	Adjective
аллерголог	Noun
аллея	Noun
аллигатор	Noun
аллилуйя	Noun
аллитерация	Noun
алломорфты	Adjective
аллопатия	Noun
аллопатрикалық	Adjective
аллотропия	Noun
аллофон	Noun
аллювиальді	Adjective
аллювий	Noun
аллювийлі	Adjective
алма	Noun
алмаз	Noun
алмалы	Adjective
алмас	Noun
алмас	Verb
алмастыр	Verb
алмастыру	Noun
алмастырушы	Noun
алмастырылатын	Adjective
алмастырғыш	Noun
алмасу	Noun
алмасушылық	Noun
алмасқан	Adjective
алмұрт	Noun
алогизм	Noun
аломорфты	Adjective
алопеция	Noun
алпамсадай	Adjective
алпарыс	Verb
алпауыт	Noun
алтайлық	Adjective
алтарь	Noun
алтаумыз	Adverb
алтыатар	Noun
алтыбағаналық	Adjective
алтыбақан	Noun
алтыбұрыш	Noun
алтыжақты	Adjective
алтылық	Noun
алтын	Adjective
алтын	Noun
алтында	Verb
алтындай	Adverb
алтындат	Verb
алу	Noun
алуа	Noun
алуан	Adjective
алуандық	Noun
алуантүрлілік	Noun
алушы	Noun
алфавит	Noun
алфавитті	Adjective
алхимик	Noun
алхимия	Noun
алхоры	Noun
алша	Noun
алшайт	Verb
алшақта	Verb
алшақтат	Verb
алшақтық	Noun
алшаң	Adjective
алшаөрік	Noun
алшы	Noun
алшын	Noun
алым	Noun
алымда	Verb
алымдылық	Noun
алымсыз	Adjective
алымы	Noun
алымқор	Noun
алымқорлық	Noun
алын	Verb
алып	Adjective
алып	Noun
алыпсатар	Noun
алыптық	Noun
алыпқашты	Noun
алыс	Adjective
алыс	Adverb
алыс	Noun
алыс	Verb
алыспақ	Noun
алыста	Adverb
алыста	Verb
алыстан	Adverb
алыстат	Verb
алыстатыл	Verb
алыстыр	Verb
алыстық	Noun
алысу	Noun
алысқа	Adverb
альбатрос	Noun
альбедо	Noun
альбинос	Noun
альбитом	Noun
альбом	Noun
альбумин	Noun
альвеолярлы	Adjective
альдегид	Noun
альков	Noun
альманах	Noun
альмандин	Noun
альпинизм	Noun
альпинист	Noun
альпілік	Adjective
альт	Noun
альтерация	Noun
альтернативті	Adverb
альтернатор	Noun
альтернация	Noun
альтиметр	Noun
альтиметрия	Noun
альтруизм	Noun
альтруист	Noun
альтруистік	Adjective
альфа	Noun
альцгеймер	Noun
альянс	Noun
алюминий	Noun
алюминотермикалық	Adjective
алюминотермия	Noun
алға	Adverb
алғашында	Adverb
алғашқы	Adverb
алғашқы	Noun
алғашқыда	Adverb
алғы	Adjective
алғы	Noun
алғыз	Verb
алғыр	Adjective
алғырлық	Noun
алғыс	Adjective
алғыс	Noun
алғысты	Adverb
алғысөз	Noun
алғышарт	Noun
алқа	Noun
алқап	Noun
алқоры	Noun
алқызыл	Adjective
алқызылдан	Verb
алқылда	Verb
алқым	Noun
алқымда	Verb
алқын	Verb
алқындыр	Verb
алқыну	Noun
алқынған	Adjective
амазонит	Noun
амазонка	Noun
амал	Noun
амалда	Verb
амалсыз	Adverb
амалсыздан	Adverb
амалсыздық	Noun
амалшы	Noun
амалшыл	Adjective
амалшылық	Noun
амальгама	Noun
аман	Adjective
аманат	Noun
амандас	Verb
амандық	Noun
амбар	Noun
амбилинеалды	Adjective
амбиция	Noun
амблиопия	Noun
амбразура	Noun
амброзия	Noun
амбулатория	Noun
аменорея	Noun
америкалық	Adjective
америкалық	Noun
американдық	Adjective
американизм	Noun
америций	Noun
аметист	Noun
аметропия	Noun
амиант	Noun
амилаза	Noun
амилоид	Noun
амин	Noun
аминдік	Adjective
аминқышқыл	Noun
амитотикалық	Adjective
аммиак	Noun
аммоний	Noun
амнезия	Noun
амортизатор	Noun
амортизация	Noun
амортизацияланатын	Adjective
аморфтық	Noun
ампелография	Noun
ампер	Noun
амперметр	Noun
амперометрия	Noun
ампир	Noun
ампициллин	Noun
амплитуда	Noun
ампула	Noun
ампутация	Noun
амулет	Noun
амфетамин	Noun
амфибия	Noun
амфитеатр	Noun
амфора	Noun
ана	Noun
анабиоз	Noun
анада	Adverb
анайы	Adjective
анайы	Adverb
анайы	Noun
анайылық	Noun
анаклитикалық	Adjective
аналдық	Adjective
анализ	Noun
анализатор	Noun
анализде	Verb
аналитикалы	Adverb
аналитикалық	Adjective
аналог	Noun
аналогия	Noun
аналогиялық	Adjective
аналой	Noun
аналық	Adjective
аналық	Noun
анальгезия	Noun
анальгетик	Noun
анаморфоз	Noun
ананас	Noun
анапест	Noun
анар	Adjective
анар	Noun
анархизм	Noun
анархист	Noun
анархия	Noun
анархиялық	Adjective
анастомоз	Noun
анатоксин	Noun
анатомда	Verb
анатомия	Noun
анатомиялық	Adjective
анафориялық	Adjective
анахронизм	Noun
анаэроб	Noun
анаэробты	Adjective
анағұрлым	Adjective
анағұрлым	Adverb
ангажемент	Noun
ангар	Noun
ангидрид	Noun
ангиома	Noun
англикандық	Adjective
англицизм	Noun
ангольді	Adjective
ангора	Noun
ангстрмн	Noun
анда	Adverb
анда	Verb
андат	Verb
андезин	Noun
андезит	Noun
андроид	Noun
андрология	Noun
андронов	Adjective
андыз	Noun
аневризм	Noun
анекдот	Noun
анемограф	Noun
анемометр	Noun
анемон	Noun
анемофильді	Adjective
анероид	Noun
анестезиолог	Noun
анестезия	Noun
анизотропия	Noun
анизотропты	Adjective
анилин	Noun
анимализм	Noun
анимация	Noun
аниме	Noun
анимизм	Noun
анион	Noun
анис	Noun
анкер	Noun
анклав	Noun
аннексия	Noun
аннексияла	Verb
аннексияшы	Noun
аннигиляция	Noun
аннотация	Noun
аннуляция	Noun
анод	Noun
аномалды	Adjective
аномалия	Noun
аномальді	Adverb
аноним	Adjective
аноним	Noun
анонимді	Adverb
анонс	Noun
анорексия	Noun
анохроникалық	Adjective
ансамбль	Noun
ант	Noun
антагонизм	Noun
антагонист	Noun
антагонистік	Adjective
антала	Verb
антарктикалық	Adjective
антбұзар	Noun
антенна	Noun
антецедент	Noun
антибиотик	Noun
антибиотикті	Adjective
антибұқарашыл	Adjective
антибөлшек	Noun
антивирустік	Adjective
антидемократизм	Noun
антидене	Noun
антидепрессантты	Adjective
антидот	Noun
антизат	Noun
антиинтеллектуализм	Noun
антикварлы	Adjective
антикеңесші	Noun
антиклерикалдық	Adjective
антиклерикалық	Adjective
антикоагулянт	Noun
антикоммунизм	Noun
антимилитаризм	Noun
антинорманн	Adjective
антинәсілшіл	Adjective
антиоксидант	Noun
антипараллельді	Adjective
антирациализм	Noun
антирефлексивті	Adjective
антисемитизм	Noun
антисимметриялы	Adjective
антистатикалы	Adjective
антитеза	Noun
антитезис	Noun
антитоксин	Noun
антиутопия	Noun
антиферромагнитті	Adjective
антифон	Noun
антифриз	Noun
антициклон	Noun
антициклондық	Adjective
антиядролық	Adjective
антология	Noun
антологиялық	Adjective
антоним	Noun
антономазия	Noun
антракт	Noun
антрацит	Noun
антрекот	Noun
антропогендік	Adjective
антропогенез	Noun
антропоидты	Adjective
антрополог	Noun
антропология	Noun
антропологиялық	Adjective
антропометр	Noun
антропометрия	Noun
антропоморфизм	Noun
антропоним	Noun
антропоцентризм	Noun
анттас	Verb
антқорлық	Noun
антұрған	Adjective
анхар	Noun
анчар	Noun
анчоус	Noun
анық	Adjective
анық	Adverb
анықсыз	Adjective
анықсыз	Adverb
анықта	Verb
анықтал	Verb
анықталатын	Adjective
анықталмаған	Adjective
анықталған	Adjective
анықтама	Noun
анықтамалық	Adjective
анықтамалық	Noun
анықтат	Verb
анықтау	Noun
анықтауыш	Noun
анықтаған	Adjective
анықтағыш	Noun
анықтық	Noun
аорист	Noun
апа	Noun
апай	Noun
апайтөс	Adjective
апалақта	Verb
апалақтас	Verb
апан	Noun
апар	Verb
апартеид	Noun
апат	Noun
апатай	Noun
апатит	Noun
апатиялық	Adjective
апатты	Adjective
апаттылық	Noun
апелляция	Noun
апелляциялық	Adjective
апельсин	Noun
аперитив	Noun
апитерапия	Noun
апиын	Noun
аплазия	Noun
апокалипсис	Noun
апокалипстік	Adjective
апокалиптикалық	Adjective
апокопа	Noun
апокриф	Noun
аполитизм	Noun
апология	Noun
апологиялық	Adjective
апоплексия	Noun
апостол	Noun
апостолдық	Noun
апостроф	Noun
апофеоз	Noun
апофония	Noun
аппарат	Noun
аппаратура	Noun
аппаратшы	Noun
аппендикс	Noun
аппендицит	Noun
аппликация	Noun
аппозиция	Noun
аппроксимация	Noun
апраксия	Noun
априорлылық	Noun
апробация	Noun
апсида	Noun
апта	Noun
апталап	Adverb
апталық	Adjective
апталық	Noun
аптап	Noun
аптапты	Adjective
аптека	Noun
аптық	Verb
апшы	Verb
ар	Noun
ара	Adjective
ара	Noun
араб	Adjective
араб	Noun
арабизм	Noun
арабтану	Noun
арагоненизм	Noun
арагонит	Noun
арада	Adverb
араз	Adjective
араздас	Verb
араздастыр	Verb
араздық	Noun
арай	Noun
арайландыр	Verb
арайлы	Adjective
арал	Noun
арала	Verb
аралас	Adjective
аралас	Noun
аралас	Verb
араласа	Adverb
араласпаушылық	Noun
аралассыз	Adjective
араластыр	Verb
араластырғыш	Noun
араласушы	Adjective
араласқан	Adjective
аралаушы	Noun
аралдық	Adjective
аралық	Adjective
аралық	Noun
арам	Adjective
арам	Noun
арамда	Verb
арамдық	Noun
арамза	Adjective
арамза	Noun
арамсояу	Noun
арамтамақ	Noun
арамтамақтық	Noun
арамтұмсық	Noun
арамшағыр	Noun
арамшытыр	Noun
арамшөп	Noun
арамшөптілік	Noun
аран	Noun
арандат	Verb
арандату	Noun
арандатушы	Noun
арандатушылық	Noun
аранжирлеуші	Noun
аранжировка	Noun
арасан	Noun
арасында	Adverb
араукария	Noun
араша	Noun
арашала	Verb
арашалық	Noun
арашашы	Noun
арашы	Noun
арақ	Noun
арақатынас	Noun
арақашықтық	Noun
араққұмар	Noun
арба	Noun
арба	Verb
арбакеш	Noun
арбалет	Noun
арбалық	Adjective
арбау	Noun
арбаушы	Noun
арбаушылық	Noun
арбауыш	Noun
арбаша	Noun
арбашы	Noun
арбитраж	Noun
аргентиналық	Adjective
аргинин	Noun
аргон	Noun
арготизм	Noun
ардагер	Noun
ардақ	Adjective
ардақ	Noun
ардақта	Verb
ардақтау	Noun
ардақты	Adjective
ардометр	Noun
ареал	Noun
арена	Noun
ареометр	Noun
арефлексия	Noun
арзан	Adjective
арзан	Adverb
арзандату	Noun
арзандық	Noun
арзанқол	Noun
аридтік	Adjective
ариетта	Noun
арий	Noun
аристократия	Noun
аристократтық	Adjective
аристократтық	Noun
аристотельдік	Adjective
аритмия	Noun
арифметика	Noun
арифметикалық	Adjective
арифмограф	Noun
арифмометр	Noun
ария	Noun
арка	Noun
аркада	Noun
арктикалық	Adjective
арла	Verb
арлан	Verb
арлы	Adjective
арлылық	Noun
арман	Noun
арманда	Verb
армандас	Noun
армандық	Adjective
арманшыл	Adjective
арманшылдық	Noun
арматура	Noun
арматурашы	Noun
армия	Noun
армян	Noun
арна	Noun
арна	Verb
арнайы	Adjective
арнайыландыру	Noun
арналы	Adjective
арнау	Noun
аромат	Noun
ароматтық	Adjective
арпа	Noun
арпалыс	Noun
арпалыс	Verb
арс	Noun
арсалақта	Verb
арсалаңда	Verb
арсенал	Noun
арсенат	Noun
арсыз	Adjective
арсыз	Noun
арсыздан	Verb
арсыздық	Adjective
арсыздық	Noun
арсылда	Verb
арт	Verb
артельші	Noun
артериосклероз	Noun
артерия	Noun
артериялық	Adjective
артефакт	Noun
артикль	Noun
артикул	Noun
артикуляция	Noun
артикуляциялық	Adjective
артиллерия	Noun
артиллериялық	Adjective
артиллерияшы	Noun
артист	Noun
артралгия	Noun
артральгия	Noun
артрология	Noun
артроскопия	Noun
артта	Adverb
арттан	Adverb
арттыр	Verb
арттырыл	Verb
артыл	Verb
артын	Verb
артынан	Adverb
артында	Adverb
артынша	Adverb
артығым	Noun
артық	Adjective
артық	Adverb
артықтау	Adjective
артықтылық	Noun
артықтық	Noun
артықшылық	Noun
артқа	Adverb
артқыз	Verb
ару	Noun
аруақ	Noun
аруақты	Adjective
арулық	Noun
арфа	Noun
архаизм	Noun
архаика	Adjective
архантроп	Noun
археография	Noun
археолог	Noun
археология	Noun
археологиялық	Adjective
архетип	Noun
архив	Noun
архиватор	Noun
архивольт	Noun
архивтік	Adjective
архившы	Noun
архиепископ	Noun
архимандрит	Noun
архимедті	Adjective
архипелаг	Noun
архитектор	Noun
архитектура	Noun
архитектуралық	Adjective
архитрав	Noun
архифонема	Noun
архонт	Noun
арш	Verb
арша	Noun
аршагүл	Noun
аршу	Noun
аршушы	Noun
аршы	Verb
аршылған	Adjective
аршын	Noun
аршында	Verb
аршыт	Verb
ары	Verb
арыз	Noun
арыздас	Verb
арызқой	Noun
арыл	Verb
арылт	Verb
арылту	Noun
арын	Noun
арындауық	Noun
арыс	Noun
арыстан	Adjective
арыстан	Noun
арыт	Verb
арыш	Noun
арыған	Adjective
арық	Adjective
арық	Noun
арықсын	Verb
арықта	Verb
арықтат	Verb
арықтық	Noun
арьергард	Noun
арғы	Adjective
арғымақ	Adjective
арғымақ	Noun
арғын	Noun
арқа	Noun
арқалайтын	Adjective
арқалан	Verb
арқалат	Verb
арқалық	Adjective
арқалық	Noun
арқан	Noun
арқанда	Verb
арқандал	Verb
арқар	Noun
арқасыз	Adjective
арқасыздық	Noun
арқылы	Adverb
арқыра	Verb
ас	Noun
ас	Verb
аса	Adjective
аса	Adverb
асаба	Noun
асар	Noun
асатаяқ	Noun
асатын	Adjective
асау	Adjective
асау	Noun
асаулық	Noun
асауыш	Noun
асбест	Noun
асболит	Noun
асептикалық	Adjective
асимметрия	Noun
асимметриялық	Adjective
асимптота	Noun
асимптотикалық	Adjective
асинергия	Noun
асинхронды	Adjective
аскетизм	Noun
аскорбинка	Noun
аскөк	Noun
аспа	Noun
аспаз	Noun
аспаздық	Adjective
аспаздық	Noun
аспазшы	Noun
аспан	Noun
аспанда	Verb
аспандық	Adjective
аспап	Noun
аспаптан	Verb
аспапты	Adjective
аспаптық	Adjective
аспаптық	Noun
аспапшы	Noun
аспарагус	Noun
аспашам	Noun
аспект	Noun
аспирант	Noun
аспирантура	Noun
аспиратор	Noun
аспирация	Noun
аспирин	Noun
ассамблея	Noun
ассемблер	Noun
ассерторикалық	Adjective
ассигнациялан	Verb
ассимиляция	Noun
ассимиляцияла	Verb
ассимиляциялық	Adjective
ассистент	Noun
ассонанс	Noun
ассортимент	Noun
ассоциативтік	Adjective
ассоциация	Noun
астазия	Noun
астам	Adjective
астам	Adverb
астана	Noun
астаналық	Adjective
астар	Noun
астарла	Verb
астарлап	Adverb
астарлы	Adjective
астас	Noun
астасу	Noun
астатикалық	Adjective
астау	Noun
астауша	Noun
астения	Noun
астеносфера	Noun
астероид	Noun
астигматизм	Noun
астробиология	Noun
астрогеография	Noun
астрогеология	Noun
астрограф	Noun
астролог	Noun
астрология	Noun
астролябия	Noun
астроном	Noun
астрономия	Noun
астрономиялық	Adjective
астрофизик	Noun
астрофотография	Noun
астрофотометр	Noun
астрохимия	Noun
астроцит	Noun
асты	Noun
астынан	Adverb
астында	Adverb
астыртын	Adjective
астыртын	Adverb
астық	Adjective
астық	Noun
астықкептіргіш	Noun
астықсыз	Adjective
астықтасығыш	Noun
астықтиеуіш	Noun
астықты	Adjective
асу	Noun
асфальт	Noun
асфальттік	Adjective
асфиксия	Noun
асхана	Noun
асханашы	Noun
асшаян	Noun
асыл	Verb
асылатын	Noun
асылдан	Verb
асылдық	Noun
асылзада	Noun
асылық	Noun
асылған	Adjective
асым	Noun
асыр	Verb
асыра	Verb
асырадоза	Noun
асыранды	Noun
асыраушы	Noun
асырмалық	Noun
асырушылық	Noun
асырғандық	Noun
асығатын	Adjective
асығыс	Adjective
асығыс	Adverb
асығыс	Noun
асығыста	Adverb
асығыстық	Noun
асық	Noun
асық	Verb
асықпа	Verb
асықпай	Adverb
асықпаушылық	Noun
асықтыр	Verb
асыққыш	Adjective
асқабақ	Adjective
асқабақ	Noun
асқазан	Noun
асқазандық	Adjective
асқан	Adjective
асқар	Adjective
асқатық	Noun
асқақ	Adjective
асқақ	Adverb
асқақта	Verb
асқақтап	Adverb
асқақтаушылық	Noun
асқақтық	Noun
асқорыту	Noun
асқын	Verb
асқындат	Verb
асқындыр	Verb
асқындырылған	Adjective
асқыну	Noun
асқыш	Noun
асүй	Noun
ат	Noun
ат	Verb
ата	Noun
ата	Verb
атавизм	Noun
атажұрт	Noun
атайы	Adjective
атака	Noun
атаксия	Noun
атал	Verb
аталас	Noun
аталмыш	Adjective
аталым	Noun
аталын	Verb
аталық	Adjective
аталық	Noun
атамекен	Noun
атамзаманғы	Adjective
атан	Noun
атан	Verb
атап	Noun
атастыр	Verb
атастыру	Noun
ататегі	Noun
ататіл	Noun
атау	Noun
атаулы	Adjective
атаусыз	Adjective
атауыз	Noun
атақ	Noun
атақоныс	Noun
атақсыз	Adjective
атақсыздық	Noun
атақтан	Verb
атақтылық	Noun
атаққұмар	Adjective
атаққұмар	Noun
атаққұмарлық	Noun
атбайлар	Noun
атбағар	Noun
атдорба	Noun
атеизм	Noun
атеист	Noun
атеистік	Adjective
атерома	Noun
атеросклероз	Noun
атжал	Noun
атжалман	Noun
атком	Noun
атлас	Noun
атлет	Noun
атлетизм	Noun
атлетика	Noun
атлетикалы	Adjective
атмометр	Noun
атмосфера	Noun
атмосфералық	Adjective
атолл	Noun
атом	Noun
атомды	Adjective
атомдық	Adjective
атомизатор	Noun
атомизм	Noun
атомистикалық	Adjective
атомшы	Noun
атония	Noun
атониялық	Adjective
атрибут	Noun
атрибуция	Noun
атриум	Noun
атропин	Noun
атрофия	Noun
атсыз	Adjective
атта	Verb
аттамалы	Adjective
аттамалы	Adverb
аттан	Noun
аттан	Verb
аттандыр	Verb
аттаныс	Verb
аттас	Noun
аттат	Verb
аттестат	Noun
аттестаттау	Noun
аттракцион	Noun
атты	Adjective
атты	Noun
аттылы	Adjective
ату	Noun
атшабар	Noun
атшы	Noun
аты	Noun
атыз	Noun
атыл	Verb
атылыс	Noun
атымен	Adverb
атынан	Adverb
атырап	Noun
атырау	Noun
атыс	Noun
атыспақ	Noun
атыстыр	Verb
атыстыру	Noun
атқазық	Noun
атқамінер	Noun
атқамінерлік	Noun
атқар	Verb
атқарарлық	Adjective
атқарушы	Noun
атқарушылық	Adjective
атқонақ	Noun
атқора	Noun
атқосшы	Noun
атқосшылық	Noun
атқыла	Verb
атқылау	Noun
атқыш	Noun
атқұмар	Noun
ау	Noun
ау	Verb
ауа	Noun
ауалық	Adjective
ауамдық	Adjective
ауамдық	Noun
ауан	Noun
ауатамыр	Noun
аудан	Noun
ауданаралық	Adjective
аудандастыру	Noun
аудар	Verb
аударма	Noun
аудармашы	Noun
аударушы	Noun
аударыл	Verb
аударым	Noun
аударыс	Noun
аударғыш	Noun
аудиенция	Noun
аудио	Noun
аудиовизуальдық	Adjective
аудиометр	Noun
аудит	Noun
аудитор	Noun
аудитория	Noun
аудырыл	Verb
аузы	Noun
аукцион	Noun
аукционер	Noun
аула	Noun
аула	Verb
аулау	Noun
аулағыш	Noun
аулақ	Adjective
аулақ	Adverb
аулақта	Verb
аулақтан	Verb
аулақтану	Noun
аулақтанған	Adjective
аулақтат	Verb
аулақтау	Noun
аумалы	Adjective
аумалылық	Noun
аумақ	Noun
аумақтау	Noun
аумақты	Adjective
аумақтық	Adjective
аумақтық	Adverb
аумақтық	Noun
аумин	Noun
ауна	Verb
аунат	Verb
аунатылатын	Adjective
аунақш	Verb
аунақшып	Adverb
аура	Noun
аурикулярлық	Adjective
ауру	Adjective
ауру	Noun
аурусыз	Adjective
аурусыздық	Noun
аурухана	Noun
аурушаң	Adjective
аурушаңдық	Noun
аускультация	Noun
аустенит	Noun
аустралиялық	Adjective
аустриялық	Adjective
аут	Noun
аутизм	Noun
аутист	Noun
аутосома	Noun
аутофагия	Noun
аутсорсинг	Noun
аушы	Noun
ауыз	Noun
ауызаяқтылар	Noun
ауыздан	Noun
ауыздық	Noun
ауыздықта	Verb
ауыздықтау	Noun
ауызекі	Adjective
ауызекі	Adverb
ауызомыртқа	Noun
ауызша	Adjective
ауызша	Adverb
ауыл	Noun
ауылдас	Noun
ауылдастық	Noun
ауылды	Adjective
ауылдық	Adjective
ауылдық	Noun
ауылшаруашылық	Adjective
ауылшаруашылық	Noun
ауып	Noun
ауыр	Adjective
ауыр	Adverb
ауыр	Noun
ауыр	Verb
ауырла	Verb
ауырлан	Verb
ауырлық	Noun
ауырмалдық	Noun
ауырсын	Verb
ауырсындырма	Verb
ауырт	Verb
ауыртпа	Verb
ауыртпай	Adverb
ауыртпалы	Adjective
ауыртпалық	Noun
ауыртпалықсыз	Adjective
ауыртып	Adverb
ауыс	Verb
ауыспалы	Adjective
ауыспалылық	Noun
ауыспас	Adjective
ауыстыр	Verb
ауыстыру	Noun
ауыстырушы	Noun
ауыстырушылық	Noun
ауыстырылу	Noun
ауыстырылған	Adjective
ауыстырым	Noun
ауыстырғыш	Noun
ауысу	Noun
ауысым	Noun
ауысымды	Adjective
ауытқ	Verb
ауытқитын	Adjective
ауытқу	Noun
ауытқушылық	Noun
ауытқы	Verb
ауытқымалы	Noun
ауған	Noun
ауғандық	Adjective
ауғын	Noun
ауғыш	Adjective
ауқат	Noun
ауқатты	Adjective
ауқаттылық	Noun
ауқым	Noun
ауқымдан	Verb
ауқымдау	Noun
ауқымды	Adjective
афазия	Noun
афиналық	Adjective
афиша	Noun
афония	Noun
афоризм	Noun
африкандылық	Noun
африкандық	Adjective
афронт	Noun
аффект	Noun
аффектация	Noun
аффективті	Adjective
аффикс	Noun
аффиксация	Noun
аффинді	Adjective
ахроматикалық	Adjective
ахроматопсия	Noun
ахуал	Noun
ахун	Noun
ацетат	Noun
ацетилен	Noun
ацетилхолин	Noun
ацетон	Noun
ацетофенон	Noun
ацидоз	Noun
ациклдық	Adjective
аш	Adjective
аш	Noun
аш	Verb
аша	Noun
ашалық	Noun
ашамай	Noun
ашаршылық	Noun
ашбүйір	Noun
ашкөз	Noun
ашкөзден	Verb
ашкөздік	Noun
аштық	Noun
ашу	Noun
ашудас	Noun
ашулан	Verb
ашуландыр	Verb
ашуланшақ	Adjective
ашуланшақтық	Noun
ашуланған	Adjective
ашумен	Adverb
ашушаң	Adjective
ашушаңдық	Noun
ашуқор	Adjective
ашуқор	Noun
ашыл	Verb
ашылу	Noun
ашылым	Noun
ашылған	Adjective
ашыма	Noun
ашымақ	Noun
ашын	Verb
ашына	Noun
ашыналық	Noun
ашындыратын	Adjective
ашыну	Noun
ашынған	Adjective
ашырқаған	Adjective
ашыт	Verb
ашытатын	Adjective
ашытқы	Noun
ашытқылық	Noun
ашытқыш	Noun
ашығу	Noun
ашық	Adjective
ашық	Adverb
ашық	Noun
ашық	Verb
ашықауыз	Noun
ашықауыздық	Noun
ашықтық	Noun
ашыққан	Noun
ашқарақ	Adjective
ашқарақ	Noun
ашқыш	Noun
ащы	Adjective
ащы	Adverb
ащылау	Adjective
ащылық	Noun
аэроб	Noun
аэробика	Noun
аэробты	Adjective
аэробус	Noun
аэрограф	Noun
аэрография	Noun
аэродинамикалық	Adjective
аэродром	Noun
аэрозоль	Noun
аэроклуб	Noun
аэролит	Noun
аэролифт	Noun
аэролог	Noun
аэрология	Noun
аэромектеп	Noun
аэрометр	Noun
аэрометрия	Noun
аэромобиль	Noun
аэрон	Noun
аэронавигация	Noun
аэронавигациялық	Adjective
аэроплан	Noun
аэросебу	Noun
аэростат	Noun
аэросурет	Noun
аэросүзгі	Noun
аэротермометр	Noun
аэротозаңдандырғыш	Noun
аэрофагия	Noun
аэрофлот	Noun
аэрофон	Noun
аэрофототүсіру	Noun
аэрошамшырақ	Noun
аэрошана	Noun
аэроғарыштық	Adjective
аэроқұрылыс	Noun
аю	Noun
аюбадам	Noun
аютабан	Noun
аюқұлақ	Noun
ая	Noun
ая	Verb
аяз	Noun
аяла	Verb
аялда	Verb
аялдама	Noun
аялдау	Noun
аялы	Adjective
аямпаз	Adjective
аян	Adjective
аян	Noun
аяншақ	Adjective
аяныш	Noun
аянышты	Adjective
аяр	Adjective
аят	Noun
аятолла	Noun
аяу	Noun
аяулы	Adjective
аяулы	Adverb
аяусыздық	Noun
аяушылық	Noun
аяқ	Noun
аяқасты	Adverb
аяқжол	Noun
аяқта	Verb
аяқтал	Verb
аяқталмайтын	Adjective
аяқталу	Noun
аяқталған	Adjective
аяқтама	Noun
аяқтама	Verb
аяқтат	Verb
аяқтаушы	Noun
аяқты	Adjective
аяңда	Verb
аға	Noun
ағажан	Noun
ағай	Noun
ағайын	Noun
ағайынды	Noun
ағайындық	Noun
ағайыншыл	Adjective
ағайыншылдық	Noun
ағайыншылық	Noun
ағар	Verb
ағарт	Verb
ағарту	Noun
ағартушы	Adjective
ағартушы	Noun
ағартушылық	Noun
ағартқы	Noun
ағартқыш	Noun
ағару	Noun
ағат	Adjective
ағатай	Noun
ағаттық	Noun
ағатын	Adjective
ағаш	Adjective
ағаш	Noun
ағашты	Adjective
ағза	Noun
ағу	Noun
ағыз	Verb
ағыздыр	Verb
ағызу	Noun
ағыл	Verb
ағылу	Noun
ағылшын	Adjective
ағылшын	Noun
ағылшыншылдық	Noun
ағым	Noun
ағымда	Adverb
ағымдағы	Adjective
ағымды	Adjective
ағымдық	Adjective
ағымдық	Noun
ағымсыз	Adjective
ағын	Noun
ағынды	Adjective
ағыс	Noun
ағысты	Adjective
ағыт	Verb
ағыту	Noun
ағытыл	Verb
ағытылған	Adjective
ағытқыз	Verb
ақ	Adjective
ақ	Verb
ақаба	Noun
ақау	Noun
ақаулан	Verb
ақаулық	Noun
ақбалық	Noun
ақбас	Noun
ақбақай	Noun
ақбикеш	Noun
ақбөкен	Noun
ақгвардияшыл	Noun
ақгүл	Noun
ақжайма	Noun
ақжал	Adjective
ақжапырақ	Noun
ақжарқын	Noun
ақжелек	Noun
ақжелкен	Noun
ақиреттік	Adjective
ақиық	Noun
ақиқат	Noun
ақиқатты	Adjective
ақиқатты	Adverb
ақиқаттық	Adjective
ақиқаттық	Noun
ақиқатшыл	Adjective
ақкекіре	Noun
ақкіс	Noun
ақкөңіл	Adjective
ақкөңіл	Adverb
ақкөңіл	Noun
ақкөңілдік	Noun
ақкөңілділік	Noun
ақмамық	Noun
ақмарқа	Noun
ақмасақтық	Noun
ақмыя	Noun
ақпан	Noun
ақпарат	Noun
ақпараттандыр	Verb
ақпараттандыру	Noun
ақпараттану	Noun
ақпараттық	Adjective
ақпаршы	Noun
ақпейіл	Adjective
ақса	Verb
ақсаусақ	Noun
ақсақ	Adjective
ақсақал	Noun
ақсақалды	Adjective
ақсақтық	Noun
ақсаңда	Verb
ақселеу	Noun
ақсерке	Noun
ақсит	Verb
ақсора	Noun
ақсүйек	Noun
ақсүйектік	Adjective
ақсүйектік	Noun
ақсұңқар	Noun
ақсөл	Noun
ақта	Verb
ақтабан	Noun
ақтайтын	Adjective
ақтал	Noun
ақтал	Verb
ақталған	Adjective
ақтар	Verb
ақтарт	Verb
ақтарыл	Verb
ақтас	Noun
ақтаспа	Noun
ақтау	Noun
ақтаушы	Noun
ақтерек	Noun
ақторғай	Noun
ақтырна	Noun
ақтық	Adjective
ақтық	Noun
ақтүйнек	Noun
ақтәнді	Adjective
ақтөбелік	Adjective
ақуыз	Noun
ақуызды	Adjective
ақуыздық	Adjective
ақша	Noun
ақшабақ	Noun
ақшайыр	Noun
ақшалай	Adjective
ақшалай	Adverb
ақшалы	Adjective
ақшалық	Adjective
ақшасыз	Adjective
ақшасыздық	Noun
ақшатыр	Noun
ақшаған	Noun
ақшақар	Noun
ақшақұмар	Noun
ақшешек	Noun
ақшешекше	Noun
ақшыл	Adjective
ақшылдау	Adjective
ақшытыр	Noun
ақы	Noun
ақыл	Noun
ақылгөй	Adjective
ақылгөй	Noun
ақылгөйс	Verb
ақылдас	Noun
ақылдас	Verb
ақылды	Adjective
ақылды	Adverb
ақылды	Noun
ақылдылық	Noun
ақылдылықпен	Adjective
ақылдысымақ	Noun
ақылман	Adjective
ақылмандық	Noun
ақылмен	Adverb
ақылсыз	Adjective
ақылсыздан	Verb
ақылсыздық	Noun
ақылшы	Noun
ақылы	Adjective
ақылы	Adverb
ақымақ	Noun
ақымақтан	Verb
ақымақтандыр	Verb
ақымақтау	Adjective
ақымақтық	Noun
ақымақтықпен	Adverb
ақын	Noun
ақындық	Adjective
ақындық	Noun
ақынжандылық	Noun
ақынсымақ	Noun
ақыр	Noun
ақыр	Verb
ақырап	Noun
ақырет	Noun
ақыреттік	Adjective
ақырзаман	Noun
ақырлы	Adjective
ақырын	Adjective
ақырын	Adverb
ақырында	Adverb
ақырында	Verb
ақырындап	Adverb
ақырындат	Verb
ақырындық	Noun
ақырғы	Adjective
ақырғы	Adverb
ақысыз	Adjective
ақысыз	Adverb
ақық	Noun
аққайнар	Noun
аққайың	Noun
аққала	Noun
аққалақ	Noun
аққанат	Noun
аққандылық	Noun
аққоңырбас	Noun
аққу	Adjective
аққу	Noun
аққурай	Noun
аққылтан	Noun
аққыштық	Noun
аққұба	Adjective
аққұба	Adverb
аққұлақ	Noun
аққұман	Noun
ақүрпек	Noun
аң	Noun
аңда	Verb
аңдатпа	Noun
аңдаусыз	Adjective
аңдаусыз	Adverb
аңдаусызда	Adverb
аңдаусыздық	Adjective
аңдаушылық	Noun
аңдағыштық	Noun
аңдушы	Noun
аңды	Verb
аңса	Verb
аңсар	Noun
аңсаулы	Adjective
аңсаушылық	Noun
аңтарыл	Verb
аңшы	Noun
аңшылық	Noun
аңыз	Noun
аңызаяқ	Noun
аңыздаушы	Noun
аңызды	Adjective
аңыздық	Noun
аңыр	Verb
аңыра	Verb
аңырау	Noun
аңғал	Adjective
аңғалақ	Adjective
аңғалақ	Noun
аңғалсоқ	Adjective
аңғар	Noun
аңғар	Verb
аңғарлы	Adjective
аңғарсыз	Adjective
аңғартпа	Noun
аңғарусыз	Adjective
аңғарым	Noun
аңғарымпаздық	Noun
аңғарыс	Verb
аңғарғыштық	Noun
аңғырт	Adjective
аңғырттан	Verb
аңғырттық	Noun
аңқ	Verb
аңқайт	Verb
аңқау	Adjective
аңқау	Noun
аңқаулық	Noun
аңқаусы	Verb
аңқы	Verb
аңқылда	Verb
аңқылдақ	Adjective
аңқылдақтық	Noun
аңқыт	Verb
аңқұмар	Noun
аһла	Verb
баба	Noun
баббит	Noun
бабуин	Noun
бабыр	Noun
багаж	Noun
багер	Noun
багет	Noun
бадам	Noun
бадан	Noun
бадана	Noun
бадминтон	Noun
бадья	Noun
баж	Adjective
баж	Noun
бажа	Noun
бажсыз	Adjective
бажшы	Noun
бажыл	Noun
бажылда	Verb
бажылдақ	Noun
база	Noun
базалық	Adjective
базальды	Adjective
базальт	Noun
базар	Noun
базарлық	Noun
баздану	Noun
базигер	Noun
базилик	Noun
базис	Noun
базофилия	Noun
базофильді	Adjective
бай	Adjective
бай	Adverb
бай	Noun
байбайшыл	Adjective
байбалам	Noun
байбаламшы	Noun
байбаламшыл	Noun
байбаламшылық	Noun
байбатша	Noun
байбатшалық	Noun
байка	Noun
байла	Verb
байлам	Noun
байлан	Verb
байланыс	Noun
байланыс	Verb
байланыссыз	Adjective
байланыссыз	Adverb
байланыссыздық	Noun
байланыстылық	Noun
байланыстыр	Verb
байланыстыру	Noun
байланыстырылған	Adjective
байланысушылық	Noun
байланысшы	Adjective
байланысшы	Noun
байланған	Adjective
байлас	Verb
байлаттыр	Verb
байлау	Noun
байлаусыз	Adjective
байлағыш	Noun
байлық	Noun
баймана	Noun
байпақ	Noun
байрақ	Noun
байсалдан	Verb
байсалды	Adjective
байсалдылан	Verb
байсалдылық	Noun
байсымақ	Noun
байт	Noun
байтал	Noun
байтақ	Adjective
байы	Verb
байым	Noun
байымда	Verb
байымдама	Noun
байымдылық	Noun
байып	Noun
байыпсыз	Adjective
байыпсыздық	Noun
байыптап	Adverb
байыпты	Adjective
байыпты	Adverb
байыптылық	Noun
байыт	Verb
байыту	Noun
байытқыш	Noun
байғыз	Noun
байғұс	Adjective
байғұс	Noun
байқа	Verb
байқал	Verb
байқалмайтын	Adjective
байқамай	Adverb
байқап	Adverb
байқарлық	Adverb
байқат	Verb
байқау	Noun
байқаусыз	Adjective
байқаусызда	Adverb
байқаусыздық	Noun
байқаушы	Noun
байқаушылық	Noun
байқағыш	Adjective
байқағыштық	Noun
бакалавр	Noun
бакелит	Noun
бакенші	Noun
бактериолог	Noun
бактериология	Noun
бактериологиялық	Adjective
бактерицид	Noun
бактерия	Noun
бактериялық	Adjective
бактериясыздандыру	Noun
бакштейн	Noun
бал	Noun
бала	Noun
бала	Verb
балабан	Noun
балабақша	Noun
балайна	Noun
балалайка	Noun
балалайкашы	Noun
балалар	Noun
балалы	Adjective
балалық	Noun
балама	Adjective
балама	Noun
баламасыз	Adjective
балапан	Noun
балапандар	Noun
балара	Noun
баласағұн	Noun
баласыз	Adjective
баласыздық	Noun
балауса	Noun
балауыз	Adjective
балауыз	Noun
балауызды	Adjective
балауызшөп	Noun
балаған	Noun
балағат	Noun
балағатта	Verb
балағаттас	Verb
балағаттаушылық	Noun
балағатшыл	Adjective
балақ	Noun
балақай	Noun
балаңқұрт	Noun
балгер	Noun
балгерлік	Noun
балдахин	Noun
балдақ	Noun
балды	Adjective
балдыз	Noun
балдыр	Noun
балдыркөк	Noun
балдырлы	Adjective
балдыршөп	Noun
балдырған	Noun
балет	Noun
балжапырақ	Noun
балийлік	Adjective
балканизация	Noun
балкон	Noun
балл	Noun
баллада	Noun
балласт	Noun
баллистикалық	Adjective
баллон	Noun
балмұздақ	Noun
балпанбалық	Noun
балпақ	Noun
балпылда	Verb
балсірі	Noun
балта	Noun
балтала	Verb
балтанайза	Noun
балташы	Noun
балташылық	Noun
балтық	Adjective
балуан	Noun
балшайқауыш	Noun
балшылда	Verb
балшырын	Noun
балшытыр	Noun
балшық	Noun
балшықта	Verb
балшықты	Adjective
балшықшы	Noun
балық	Noun
балықкөз	Noun
балықты	Adjective
балықшы	Noun
балықшылық	Noun
балықшөп	Noun
бальзам	Noun
бальзамда	Verb
бальзамдаушы	Noun
бальнеолог	Noun
бальнеология	Noun
бальнеотерапия	Noun
балясина	Noun
балясник	Noun
балға	Noun
балғашы	Noun
балғындат	Verb
балғындық	Noun
балқ	Verb
балқаймақ	Noun
балқайнатпа	Noun
балқандық	Adjective
балқар	Noun
балқарағай	Noun
балқитын	Adjective
балқу	Noun
балқурай	Noun
балқы	Verb
балқыт	Verb
балқыту	Noun
балқытушы	Noun
балқытыл	Verb
балқытқыш	Adjective
бамбара	Noun
бамбук	Noun
бампер	Noun
бандейра	Noun
бандит	Noun
бандиттік	Noun
банды	Noun
банк	Noun
банка	Noun
банкаралық	Adjective
банкинг	Noun
банкир	Noun
банкнот	Noun
банкомат	Noun
банкрот	Adjective
банкрот	Noun
банкроттылық	Noun
банкроттық	Noun
банктік	Adjective
бант	Noun
баобаб	Noun
бап	Noun
бапкер	Noun
бапсыз	Adjective
бапта	Verb
бапталым	Noun
баптан	Verb
баптау	Noun
баптизм	Noun
баптистерийлік	Noun
баптистік	Noun
бапты	Adjective
бар	Noun
бар	Verb
барабан	Noun
барабаншы	Noun
барабарлық	Noun
барак	Noun
барақ	Adjective
барақ	Noun
барбекью	Noun
барбекю	Noun
барельеф	Noun
бареттер	Noun
баржа	Noun
баржи	Verb
баржық	Adjective
барион	Noun
бариорталық	Noun
бариоцентрлік	Adjective
барит	Noun
баритон	Noun
баркарола	Noun
баркашы	Noun
барла	Verb
барлама	Noun
барланған	Adjective
барлау	Adjective
барлау	Noun
барлаушы	Noun
барлық	Adjective
барлық	Adverb
барлық	Verb
бармақ	Noun
барограф	Noun
барокко	Noun
барометр	Noun
барометрлік	Adjective
барон	Noun
бароскоп	Noun
баррель	Noun
баррикада	Noun
баррикадала	Verb
бартылда	Verb
бару	Noun
бархан	Noun
баршылық	Noun
бары	Noun
барылда	Verb
барымта	Noun
барымтала	Verb
барынша	Adverb
барыс	Noun
барысында	Adverb
барьер	Noun
барқылдақ	Noun
барқын	Noun
барқыт	Noun
бас	Noun
бас	Verb
басаламан	Noun
басаяқты	Noun
басжіп	Noun
басист	Noun
баскесер	Noun
баскетбол	Noun
баскетболшы	Noun
басмақала	Noun
басон	Noun
баспа	Noun
баспабас	Noun
баспагер	Noun
баспалдақ	Noun
баспана	Noun
баспанасыз	Adjective
баспанасыздық	Noun
баспасөз	Noun
баспахана	Noun
баспаханашы	Noun
баспашы	Noun
баспақ	Noun
бассейн	Noun
бассыз	Adjective
бассыздық	Noun
бассүйек	Noun
баста	Verb
бастал	Verb
бастама	Noun
бастамалау	Noun
бастамашы	Noun
бастапқылық	Noun
бастау	Noun
бастаушы	Noun
бастауыш	Adjective
бастауыш	Noun
бастион	Noun
бастр	Noun
басты	Adjective
бастыр	Verb
бастырма	Noun
бастыру	Noun
бастығырыл	Verb
бастық	Noun
бастықтыр	Verb
басу	Noun
басушы	Noun
басшы	Noun
басшылық	Noun
басыл	Verb
басылатын	Adjective
басылым	Noun
басылған	Adjective
басым	Adjective
басымды	Adjective
басымдылық	Noun
басымдық	Noun
басын	Noun
басын	Verb
басында	Adverb
басыр	Noun
басыңқы	Adjective
басқа	Adjective
басқа	Adverb
басқар	Verb
басқаратын	Adjective
басқарма	Noun
басқару	Noun
басқарушы	Adjective
басқарушы	Noun
басқарушылық	Adjective
басқарушылық	Noun
басқарылатын	Adjective
басқарылмалы	Adjective
басқасын	Verb
басқаша	Adjective
басқаша	Adverb
басқақ	Noun
басқосу	Noun
басқы	Noun
басқыншы	Noun
басқыншылық	Noun
басқыш	Noun
басқұр	Noun
бат	Noun
бат	Verb
бата	Noun
батальон	Noun
батарея	Noun
батат	Noun
батиальды	Adjective
батискаф	Noun
батист	Noun
батометр	Noun
батон	Noun
батпақ	Noun
батпақгүл	Noun
батпақта	Verb
батпақтау	Noun
батпақты	Adjective
батпақшөп	Noun
батпаққанат	Noun
баттауық	Noun
батти	Verb
баттит	Verb
бату	Noun
батут	Noun
батыл	Adjective
батыл	Adverb
батыл	Noun
батылдан	Verb
батылдана	Adverb
батылдылық	Noun
батылдық	Noun
батылсыздық	Noun
батыр	Adjective
батыр	Noun
батыр	Verb
батырақ	Noun
батырақтық	Noun
батырлан	Verb
батырлық	Adjective
батырлық	Noun
батырма	Noun
батыс	Adjective
батыс	Noun
батыстандыру	Noun
батысшыл	Adjective
батысқа	Adverb
батыңқы	Noun
батыңқылық	Noun
бау	Noun
баукеспе	Noun
баукеспелік	Noun
баул	Verb
баула	Verb
баулықта	Verb
баура	Verb
баурай	Noun
баушы	Noun
баушылық	Noun
бауызда	Verb
бауыр	Noun
бауырлас	Noun
бауырластық	Noun
бауырлық	Adjective
бауырмалдық	Adjective
бауырмүк	Noun
бауырсақ	Noun
бауырша	Noun
бауырқұрт	Noun
бацилла	Noun
бацитрацин	Noun
башлық	Noun
баюшылық	Noun
баялды	Noun
баян	Noun
баянат	Noun
баянда	Verb
баяндама	Noun
баяндамашы	Adjective
баяндамашы	Noun
баяндаушы	Noun
баяндауыш	Noun
баяндауыштық	Noun
баянды	Adjective
баянсыздық	Noun
баяншы	Noun
баяу	Adverb
баяула	Verb
баяуламалы	Adjective
баяулат	Verb
баяулатқыш	Noun
баяусы	Verb
баяғы	Adjective
баяғыда	Adverb
баяғыдай	Adverb
баға	Noun
бағала	Verb
бағалайтын	Adjective
бағалама	Noun
бағалама	Verb
бағаламалаушылық	Noun
бағаламаушылық	Noun
бағалан	Verb
бағаланбайтын	Adjective
бағалас	Adjective
бағалау	Noun
бағалаушы	Noun
бағалағыш	Noun
бағалы	Adjective
бағалық	Noun
бағам	Noun
бағамда	Verb
баған	Noun
бағана	Noun
бағаналы	Adjective
бағасыз	Adjective
бағасыздану	Noun
бағасыздық	Noun
бағатізбе	Noun
бағбан	Noun
бағбандық	Noun
бағбаншылық	Noun
бағдар	Noun
бағдаржол	Noun
бағдарла	Verb
бағдарлама	Noun
бағдарламаланатын	Adjective
бағдарламалау	Noun
бағдарламалық	Adjective
бағдарламашы	Noun
бағдарлау	Noun
бағдарлаушы	Adjective
бағдарлаушы	Noun
бағдарлық	Adjective
бағусыздық	Noun
бағушы	Noun
бағын	Verb
бағынба	Verb
бағынбайтын	Adjective
бағынбастық	Noun
бағынбаушылық	Noun
бағындыр	Verb
бағыну	Noun
бағынушы	Adjective
бағынушылық	Noun
бағыныс	Noun
бағыныш	Noun
бағынышты	Adjective
бағыныңқы	Adjective
бағыт	Noun
бағытсыздану	Noun
бағытсыздық	Noun
бағытта	Verb
бағыттал	Verb
бағытталатын	Adjective
бағытталған	Adjective
бағыттама	Noun
бағыттаушы	Noun
бағыттауыш	Noun
бағыттық	Adjective
бағышта	Verb
бақ	Noun
бақ	Verb
бақа	Noun
бақажапырақ	Noun
бақай	Noun
бақалшақ	Noun
бақалшы	Noun
бақалшық	Noun
бақан	Noun
бақаоты	Noun
бақастық	Noun
бақбақ	Noun
бақкүндес	Noun
бақсы	Noun
бақсылық	Noun
бақталас	Noun
бақталас	Verb
бақталастыр	Verb
бақталастық	Noun
бақташы	Noun
бақташылық	Noun
бақтақ	Noun
бақша	Noun
бақшалық	Adjective
бақшашы	Noun
бақшашылық	Noun
бақшы	Noun
бақыла	Verb
бақылайтын	Adjective
бақыланатын	Adjective
бақылау	Adjective
бақылау	Noun
бақылаусыздық	Noun
бақылаушы	Noun
бақылаушылық	Adjective
бақылағыштық	Noun
бақылда	Verb
бақылдас	Verb
бақыр	Noun
бақыр	Verb
бақырай	Verb
бақырауық	Adjective
бақырауық	Noun
бақыраш	Noun
бақырша	Noun
бақыршы	Noun
бақыт	Noun
бақытсыз	Adjective
бақытсыздық	Noun
бақытты	Adjective
бақытты	Noun
бақыттылық	Noun
баққұмар	Noun
бақұл	Noun
бегония	Noun
беде	Noun
бедекер	Noun
бедел	Noun
беделді	Adjective
беделді	Adverb
бедер	Noun
бедерлеме	Noun
бедерлеу	Noun
бедерлілік	Noun
бедерсіз	Adjective
бедерші	Noun
бедеу	Adjective
бедеулік	Noun
без	Noun
без	Verb
безбен	Noun
безбүйрек	Adjective
безгек	Adjective
безгек	Noun
безе	Verb
безек	Noun
безекте	Verb
беземе	Noun
безен	Verb
безендір	Verb
безендіру	Noun
безендіруші	Noun
безендірілген	Adjective
безеу	Noun
безеулен	Verb
безеулілік	Noun
безеуші	Noun
безушілік	Noun
безілде	Verb
безінген	Noun
бейбастық	Noun
бейбастықтық	Noun
бейбақ	Adjective
бейбақ	Noun
бейберекет	Adjective
бейбіт	Adjective
бейбітшіл	Adjective
бейбітшілік	Noun
бейдауа	Noun
бейжай	Adjective
бейжайлық	Noun
бейжеңсікқұмар	Adjective
бейкүнә	Adjective
беймаза	Adjective
беймазалық	Noun
бейморальді	Adverb
беймәлім	Adjective
бейне	Noun
бейнебір	Noun
бейнежазба	Noun
бейнеле	Verb
бейнелеме	Noun
бейнеленген	Adjective
бейнелеуші	Adjective
бейнелеуіш	Noun
бейнелі	Adjective
бейнелік	Noun
бейнелілік	Noun
бейнесалон	Noun
бейнесурет	Noun
бейнет	Noun
бейнетаспа	Noun
бейнеткеш	Noun
бейнетқор	Adjective
бейнетқор	Noun
бейнетүсірілім	Noun
бейнефильм	Noun
бейнешілік	Noun
бейнеөнім	Noun
бейорганикалық	Adjective
бейресми	Adjective
бейсауат	Adjective
бейсбол	Noun
бейсболка	Noun
бейсенбі	Noun
бейтаныс	Adjective
бейтаныс	Noun
бейтарап	Adjective
бейтарап	Noun
бейтараптандыру	Noun
бейтараптандырғыш	Noun
бейтараптылық	Noun
бейтараптық	Noun
бейхабар	Adjective
бейшара	Adjective
бейшара	Noun
бейшаралан	Verb
бейшаралық	Noun
бейілді	Adjective
бейім	Adjective
бейім	Noun
бейімде	Verb
бейімдел	Verb
бейімделгіштік	Noun
бейімделу	Noun
бейімдеу	Noun
бейімді	Adjective
бейімділік	Noun
бейін	Noun
бейіт	Noun
бейіш	Noun
бейғамдық	Noun
бейқам	Adjective
бейқамдық	Noun
бейәлеуметтік	Adjective
бек	Noun
бек	Verb
бекар	Noun
бекем	Adjective
бекемде	Verb
бекемдік	Noun
бекер	Adverb
бекерлік	Noun
бекет	Noun
бекетші	Noun
бекзада	Noun
бекзат	Noun
беккерель	Noun
бекон	Noun
бектік	Noun
бекі	Verb
бекімдік	Noun
бекін	Verb
бекініс	Noun
бекіре	Noun
бекіт	Verb
бекітетін	Adjective
бекіткіш	Noun
бекітпе	Noun
бекіттіру	Noun
бекіту	Noun
бекітулі	Adjective
бекітіл	Verb
бекітілген	Adjective
бекітілетін	Adjective
бекітім	Noun
бел	Adjective
бел	Noun
белағаш	Noun
белбеу	Noun
белбеуле	Verb
белгі	Noun
белгіле	Verb
белгілен	Verb
белгіленген	Adjective
белгілеу	Noun
белгілі	Adjective
белгілі	Adverb
белгілі	Noun
белгілілік	Noun
белгісіздік	Noun
белде	Verb
белдеме	Noun
белдемше	Noun
белдес	Verb
белдеу	Noun
белдеуле	Verb
белдеуше	Noun
белді	Adjective
белдік	Noun
белдікше	Noun
белес	Noun
белең	Noun
белсен	Verb
белсенді	Adjective
белсенді	Adverb
белсенділік	Noun
белсендіру	Noun
белсене	Adverb
белсіздік	Noun
белтемір	Noun
белуджи	Noun
белшең	Noun
бельведер	Noun
бельгиялық	Adjective
бенедиктин	Noun
бенефис	Noun
бензин	Noun
бензол	Noun
бентонит	Noun
бенуар	Noun
бер	Verb
бергамот	Noun
бергіш	Noun
береке	Noun
берекелі	Adjective
берекелік	Noun
берекесіз	Adjective
берекесіздік	Noun
берекетті	Adjective
берен	Noun
берермен	Noun
берет	Noun
берилл	Noun
бериллий	Noun
беркелий	Noun
берлин	Noun
бертінді	Adjective
беруші	Noun
бері	Adverb
бері	Noun
берік	Adjective
берік	Noun
беріктен	Verb
беріктік	Noun
беріктілік	Noun
беріл	Verb
берілген	Adjective
берілгендік	Noun
берілетін	Adjective
берілме	Verb
берілу	Noun
берілушілік	Noun
беріліс	Noun
беріс	Noun
беріш	Noun
беріштендір	Verb
беріштенушілік	Noun
берішті	Adjective
бесаспап	Adjective
бесбұрыш	Noun
бесбұрышты	Adjective
бесеуле	Verb
бессайыс	Noun
бессайысшы	Noun
бестселлер	Noun
бестік	Noun
бесік	Noun
бет	Noun
бет	Verb
беталыс	Noun
бетбелгі	Noun
бетбұрыс	Noun
бетеге	Noun
бетегебоз	Noun
бетегелі	Adjective
беткей	Noun
бетон	Noun
бетонды	Adjective
бетоншы	Noun
бетпақ	Adjective
бетпақтық	Noun
бетперде	Noun
бетсіз	Adjective
бетте	Verb
беттеу	Noun
беттеуші	Noun
беттік	Adjective
беттік	Noun
бетінше	Adverb
бефстроган	Noun
бешпет	Noun
би	Noun
биатлон	Noun
библиография	Noun
библиографиялық	Adjective
библиомания	Noun
библия	Noun
бибі	Noun
бивуак	Noun
бидай	Noun
бидайық	Noun
бидон	Noun
бие	Noun
бижеңсіктік	Noun
бижутерия	Noun
бизнес	Noun
бизнесмен	Noun
бизон	Noun
бикарбонат	Noun
биквадрат	Noun
биквадратты	Adjective
бикеш	Noun
бикини	Noun
билабиальді	Adjective
биле	Verb
билет	Adjective
билет	Noun
билетсіз	Noun
билеуші	Noun
билирубин	Noun
биллион	Noun
билль	Noun
бильдаппарат	Noun
бильярд	Noun
билік	Noun
биметаллизм	Noun
бинарлық	Adjective
бинауралды	Adjective
бином	Noun
бинт	Noun
биоаймақ	Noun
биоаккумуляция	Noun
биогеография	Noun
биогеохимиялық	Adjective
биография	Noun
биодеградация	Noun
биодәрігерлік	Noun
биожиынтық	Noun
биоинженерия	Noun
биоклиматикалық	Adjective
биолог	Noun
биология	Noun
биологиялы	Adverb
биологиялық	Adjective
биолюминесценция	Noun
биома	Noun
биомагнификация	Noun
биометрия	Noun
биомолекулярлық	Adjective
биополимер	Noun
биопсия	Noun
биосинтез	Noun
биостанция	Noun
биосфера	Noun
биотехнология	Noun
биотит	Noun
биотиялық	Adjective
биотоп	Noun
биотүр	Noun
биофизик	Noun
биофизикалық	Adjective
биохимик	Noun
биохимия	Noun
биохимиялық	Adjective
биоырғақтылық	Noun
биоэлектромагнетизм	Noun
биоэнергия	Noun
биоөріс	Noun
бипаз	Noun
бипаздық	Noun
биполярлы	Adjective
биржа	Noun
биржашы	Noun
бирка	Noun
бирюза	Noun
бисквит	Noun
бистури	Noun
бит	Noun
битте	Verb
битумды	Adjective
бифуркация	Noun
бифштекс	Noun
бицепс	Noun
биші	Noun
биыл	Noun
биязы	Adjective
биялай	Noun
биялайшы	Noun
биік	Adjective
биікте	Verb
биіктет	Verb
биіктік	Noun
биікөлшер	Noun
бланк	Noun
бластема	Noun
бластодерма	Noun
бластомер	Noun
бластоцель	Noun
бластула	Noun
блейзер	Noun
блендер	Noun
блефарит	Noun
блефуску	Noun
блиндаж	Noun
блиц	Noun
блог	Noun
блоггер	Noun
блогосфера	Noun
блок	Noun
блокбастер	Noun
блокиратор	Noun
блокнот	Noun
блокта	Verb
блоктау	Noun
блюз	Noun
блюмс	Noun
бобслей	Noun
бод	Noun
бодхисаттва	Noun
боз	Adjective
боза	Noun
бозабай	Noun
бозар	Verb
бозарт	Verb
бозару	Noun
бозарушылық	Noun
бозауыз	Noun
бозбала	Noun
бозкілем	Noun
бозот	Noun
бозторғай	Noun
бозтікен	Noun
бозша	Adjective
бозшағыл	Noun
бозғылт	Adjective
бозқараған	Noun
бой	Noun
бойдана	Noun
бойдақ	Noun
бойжет	Verb
бойжеткен	Noun
бойкот	Noun
бойкотта	Verb
бойкүйездік	Noun
бойла	Verb
бойлап	Adverb
бойлат	Verb
бойлауық	Adjective
бойлер	Noun
бойлы	Adjective
бойлық	Adjective
бойра	Noun
бойсұн	Verb
бойсұнушылық	Noun
бойтұмар	Noun
бойы	Noun
бокал	Noun
бокс	Noun
боксит	Noun
боксшы	Noun
бол	Verb
болат	Noun
болашақ	Noun
болбыра	Verb
болбырлық	Noun
болванка	Noun
болгариялық	Adjective
болдыр	Verb
болдырма	Verb
болдырмау	Noun
болдырт	Verb
болжа	Verb
болжал	Noun
болжалда	Verb
болжалды	Adjective
болжалдық	Adjective
болжам	Noun
болжамды	Adjective
болжамды	Adverb
болжанатын	Adjective
болжанбайтын	Adjective
болжанбаған	Adjective
болжаным	Noun
болжау	Noun
болжаушылық	Noun
болжағыштық	Noun
боливар	Noun
боливариандық	Adjective
болма	Verb
болмашы	Noun
болмаған	Adjective
болмағандық	Noun
болмыс	Noun
болпылдақ	Adjective
болт	Noun
болымды	Adjective
болымсыз	Adjective
болымсыздық	Noun
болыс	Noun
болыс	Verb
большевизм	Noun
большевиктендіру	Noun
большевистік	Adjective
болюс	Noun
болғандықтан	Adverb
болғызбау	Noun
бомба	Noun
бомбала	Verb
бомбалаушы	Noun
бомбапана	Noun
бомбардировка	Noun
бомбашы	Noun
бомбер	Noun
бомонд	Noun
бонапартизм	Noun
бондарлық	Noun
бонитет	Noun
бонтон	Noun
бонус	Noun
бопса	Noun
бопсала	Verb
бор	Noun
боран	Noun
боранды	Adjective
борасын	Noun
борат	Noun
борат	Verb
борацит	Noun
бордақыла	Verb
бордақыланған	Adjective
борельдік	Adjective
борла	Verb
борнит	Noun
борпаң	Adjective
борпылдат	Verb
борсақ	Noun
борсаңда	Verb
борсы	Verb
борсық	Noun
борт	Noun
бортсерік	Noun
бортта	Adverb
борттық	Adjective
боршатышқан	Noun
борыш	Noun
борыштан	Verb
борышты	Noun
борыштық	Adjective
борышқор	Noun
борышқорлық	Noun
бос	Adjective
бос	Noun
бос	Verb
боса	Verb
босан	Verb
босану	Noun
босат	Verb
босату	Noun
босатыл	Verb
босатылған	Adjective
босатқыш	Noun
босаға	Noun
босаң	Adjective
босаңдат	Verb
босаңдық	Noun
босаңс	Verb
босаңсу	Noun
босаңсыту	Noun
боскет	Noun
бостандық	Noun
бостон	Noun
бостық	Noun
босқа	Adverb
босқын	Noun
босқындық	Noun
бота	Noun
боталау	Noun
ботаник	Noun
ботаника	Noun
ботаникалық	Adjective
ботулизм	Noun
ботфорт	Noun
ботқа	Noun
боцман	Noun
боя	Verb
боял	Verb
бояма	Noun
боямала	Verb
боямалық	Noun
боян	Verb
бояр	Noun
боят	Verb
бояу	Noun
бояулағыш	Noun
бояушы	Noun
бояғыш	Noun
боғмала	Noun
боқ	Noun
боқмұрын	Noun
боқта	Verb
брадикардия	Noun
бразилиялық	Adjective
браманизм	Noun
брасс	Noun
браузер	Noun
брахистохрон	Noun
брахманизм	Noun
брезент	Noun
бренд	Noun
бригада	Noun
бригадалық	Adjective
бригадир	Noun
бридж	Noun
бриз	Noun
брикет	Noun
британдық	Adjective
брифинг	Noun
бройлер	Noun
брокат	Noun
брокколи	Noun
бром	Noun
бромид	Noun
брондалған	Adjective
бронды	Adjective
бронепоезд	Noun
бронетехника	Noun
бронхиальді	Adjective
бронхиола	Noun
бронхоаденит	Noun
бронхы	Noun
бронь	Noun
брудершафт	Noun
брусит	Noun
бруствер	Noun
брэкет	Noun
бу	Noun
бу	Verb
буаздық	Noun
буат	Noun
бубон	Noun
бубөлгіш	Noun
бугаку	Noun
буда	Noun
будан	Noun
будандастыр	Verb
будандастыру	Noun
будақ	Noun
буддалық	Adjective
буддашы	Noun
буддизм	Noun
буддисттік	Adjective
будуар	Noun
будыр	Verb
буер	Noun
буквализм	Noun
буклет	Noun
буксир	Noun
була	Verb
булан	Verb
буландыр	Verb
буландырғыш	Noun
булану	Noun
булаушы	Noun
булағыш	Noun
булы	Adjective
булық	Verb
бульвар	Noun
бульдозер	Noun
бум	Noun
бума	Noun
бумалық	Noun
бумеранг	Noun
буна	Noun
бунақ	Noun
бунақдене	Noun
бунақсыз	Adjective
бунгало	Noun
бундесвер	Noun
бункер	Noun
бура	Noun
буржуа	Noun
буржуазия	Noun
буржуазиялық	Adjective
бурнус	Noun
бурун	Noun
бурхан	Noun
буси	Noun
бут	Noun
бутафория	Noun
бутерброд	Noun
бутил	Noun
бутирометр	Noun
буфер	Noun
буферлі	Adjective
буфет	Noun
бухгалтер	Noun
бухгалтерия	Noun
бухгалтерлік	Adjective
бухгалтерлік	Noun
бушлат	Noun
бушприт	Noun
буын	Noun
буынаяқты	Noun
буынды	Adjective
буындыр	Verb
буындық	Adjective
буыну	Noun
буырқан	Verb
быжыл	Noun
быжылда	Verb
быламық	Noun
былапыт	Noun
былау	Noun
былдырла	Verb
былдырлат	Verb
былжыр	Adjective
былжыр	Noun
былтырғы	Adjective
былшыл	Noun
былшылда	Verb
былшырақ	Noun
былық	Noun
былықпай	Noun
былыққан	Adjective
былға	Verb
былғала	Verb
былғары	Noun
былқылда	Verb
бырси	Verb
быртық	Adjective
быршы	Verb
бырқылда	Verb
бытыра	Verb
бытырау	Noun
бытыраңқы	Adjective
бытыраңқылық	Noun
бытырла	Verb
бытыс	Verb
бытыстыр	Verb
бытқыл	Noun
бықпырт	Noun
бықсы	Verb
бықсыт	Verb
бықырла	Verb
бьеф	Noun
бэта	Noun
бювар	Noun
бювет	Noun
бюджет	Noun
бюджеттік	Adjective
бюллетень	Noun
бюрет	Noun
бюро	Noun
бюрократ	Noun
бюрократизм	Noun
бюрократия	Noun
бюрократиялық	Noun
бюрократтану	Noun
бюрократтық	Adjective
бізгек	Noun
бізтұмсық	Noun
біл	Verb
білгір	Adjective
білгір	Noun
білгіш	Noun
білдек	Noun
білдір	Verb
білдірме	Verb
білезік	Noun
білек	Noun
білектік	Adjective
білеулен	Verb
білмегендік	Noun
білмейтін	Adjective
білместік	Noun
білік	Noun
біліксіз	Adjective
біліксіздік	Noun
білікті	Adjective
біліктілік	Noun
білікше	Noun
білім	Adjective
білім	Noun
білімдар	Adjective
білімдар	Noun
білімді	Adjective
білімділік	Noun
білімпаз	Noun
білімпаздық	Noun
білімсіз	Adjective
білімсіз	Noun
білімсіздік	Noun
білін	Verb
білінбейтін	Adjective
біліс	Verb
білістік	Noun
біраз	Adverb
біраз	Noun
бірауыздан	Adverb
бірауызды	Adjective
бірақта	Adverb
бірбеткей	Adjective
бірбуынды	Adjective
бірвалентті	Adjective
бірге	Adverb
бірде	Adverb
бірдей	Adjective
бірдей	Adverb
бірдейлік	Noun
бірдейлілік	Noun
бірден	Adverb
бірегей	Adjective
бірегей	Adverb
бірегейлік	Noun
біржақта	Adverb
біржақты	Adverb
біржақтылық	Noun
біржерде	Adverb
біржола	Adverb
біржолата	Adverb
біржолғы	Adjective
біржылдық	Adjective
біркелкі	Adjective
біркелкі	Adverb
біркелкілік	Noun
бірлес	Verb
бірлесе	Adverb
бірлескен	Adjective
бірлескен	Adverb
бірлестік	Noun
бірлестір	Verb
бірлесу	Noun
бірлік	Noun
бірмағыналы	Adjective
бірмезгілдік	Adjective
бірмүшелік	Noun
бірмәнді	Adjective
бірмәнді	Adverb
бірнешеуі	Noun
бірсарынды	Adjective
бірталай	Adverb
біртектес	Adjective
біртектілік	Noun
біртума	Adjective
біртілді	Adjective
біртілділік	Noun
біртіндеп	Adverb
біртүрлі	Adverb
біртұтас	Adjective
біруақытта	Adverb
біршама	Adverb
бірыңғай	Adjective
бірыңғай	Adverb
бірыңғайла	Verb
бірыңғайлау	Noun
бірыңғайлық	Noun
біріге	Adverb
бірігу	Noun
бірізділік	Noun
бірік	Verb
біріккен	Adjective
біріктір	Verb
біріктіру	Noun
біріктіріл	Verb
бірінші	Adjective
біріншіден	Adverb
біріншілік	Noun
бірқазан	Noun
бірқалыпты	Adjective
бірқалыпты	Adverb
бірқалыптылық	Noun
бірқилы	Adjective
біт	Verb
біте	Verb
бітелу	Noun
бітеме	Noun
бітеугүл	Noun
бітеулік	Noun
бітеуіш	Noun
біткен	Noun
біту	Noun
бітік	Noun
бітім	Noun
бітімгершілік	Noun
бітімші	Noun
бітімшілік	Noun
бітір	Verb
бітірме	Verb
бітіруші	Noun
бітіріс	Verb
бітіс	Verb
бітістіруші	Noun
бүгелекте	Verb
бүгіл	Verb
бүгіліс	Noun
бүгін	Adverb
бүгін	Noun
бүгінге	Adverb
бүгінгі	Adjective
бүгінде	Adverb
бүйе	Noun
бүйрек	Noun
бүйректік	Adjective
бүйт	Verb
бүйір	Adjective
бүйір	Noun
бүйірле	Verb
бүйірқалта	Noun
бүк	Verb
бүкпе	Noun
бүкпеле	Verb
бүкпесіз	Adverb
бүкте	Verb
бүктел	Verb
бүктелген	Adjective
бүктеме	Adjective
бүктеме	Noun
бүктемеле	Verb
бүктеулі	Adjective
бүкілресейлік	Adjective
бүкілхалықтық	Adjective
бүкілқытайлық	Adjective
бүкіләлемдік	Adjective
бүкір	Adjective
бүкір	Noun
бүкіре	Verb
бүкірей	Verb
бүкірсымақ	Adjective
бүкіш	Adjective
бүлдір	Verb
бүлдірген	Noun
бүлдіруші	Noun
бүлдіршін	Noun
бүлкек	Noun
бүлкілде	Verb
бүлкілдеп	Adverb
бүлкілдеу	Noun
бүлік	Noun
бүлікші	Noun
бүлін	Verb
бүлінбе	Verb
бүлінбеген	Adjective
бүлінетін	Adjective
бүлінші	Adjective
бүр	Verb
бүрге	Noun
бүрк	Verb
бүрке	Verb
бүркел	Verb
бүркеме	Noun
бүркемеле	Verb
бүркемелі	Adjective
бүркен	Verb
бүркеніш	Noun
бүркеу	Noun
бүрку	Noun
бүркі	Verb
бүркіт	Noun
бүрле	Verb
бүрме	Noun
бүрмеле	Verb
бүрсеңде	Verb
бүрсігүн	Noun
бүртік	Noun
бүршік	Noun
бүршіктену	Noun
бүріккіш	Noun
бүрікпе	Noun
бүріс	Verb
бүтін	Adjective
бүтінде	Verb
бүтіндей	Adverb
бүтіндік	Noun
бұдыр	Adjective
бұдыр	Noun
бұдырла	Verb
бұдырмақ	Noun
бұжырла	Verb
бұз	Verb
бұзау	Noun
бұзаубалық	Noun
бұзаубас	Noun
бұзаула	Verb
бұзаушы	Noun
бұзақы	Noun
бұзақылан	Verb
бұзақылық	Noun
бұзба	Verb
бұздыр	Verb
бұзу	Noun
бұзушы	Noun
бұзушылық	Noun
бұзыл	Verb
бұзылатын	Adjective
бұзылма	Verb
бұзылмаған	Adjective
бұзылу	Noun
бұзылыс	Noun
бұзылған	Adjective
бұзым	Noun
бұзық	Noun
бұзықтық	Noun
бұйдала	Verb
бұйра	Adjective
бұйра	Noun
бұйрала	Verb
бұйрық	Noun
бұйым	Noun
бұйымтай	Noun
бұйыр	Verb
бұйық	Adjective
бұйық	Verb
бұлай	Adverb
бұлайша	Adverb
бұлан	Noun
бұлау	Noun
бұлақ	Noun
бұлаңда	Verb
бұлбұл	Noun
бұлдыр	Adjective
бұлдырлану	Noun
бұлжы	Verb
бұлжымас	Adjective
бұлт	Noun
бұлталақ	Noun
бұлталақта	Verb
бұлтартпастық	Noun
бұлтарыс	Noun
бұлтақ	Noun
бұлтақта	Verb
бұлтсыз	Adjective
бұлтты	Adjective
бұлттылық	Noun
бұлтыңдат	Verb
бұлшық	Noun
бұлшықет	Noun
бұлшықетті	Adjective
бұлшықты	Adjective
бұлықта	Verb
бұлыңғыр	Adjective
бұлыңғыр	Noun
бұлға	Verb
бұлғар	Noun
бұлғақ	Noun
бұлғақтат	Verb
бұлғаңдат	Verb
бұр	Verb
бұра	Verb
бұрал	Verb
бұралаң	Noun
бұралаңда	Verb
бұранда	Noun
бұрандама	Noun
бұрауыш	Noun
бұраңдат	Verb
бұрма	Noun
бұрмала	Verb
бұрмаланағн	Adjective
бұрмаланған	Adjective
бұрмалау	Noun
бұрмалаушы	Noun
бұрмалаушылық	Noun
бұрти	Verb
бұртит	Verb
бұру	Noun
бұршақ	Noun
бұршаққын	Noun
бұрыл	Verb
бұрылыс	Noun
бұрым	Noun
бұрымша	Noun
бұрында	Adverb
бұрындары	Adverb
бұрыннан	Adverb
бұрынғы	Adjective
бұрынғыдай	Adverb
бұрынғыша	Adverb
бұрыс	Noun
бұрыстық	Noun
бұрыш	Noun
бұрышта	Verb
бұрыштама	Noun
бұрыштық	Adjective
бұрғы	Noun
бұрғыла	Verb
бұрғыланғыштық	Noun
бұрғылаушы	Noun
бұрғышы	Noun
бұрқан	Verb
бұрқасын	Noun
бұрқылда	Verb
бұрқыра	Verb
бұрқырат	Verb
бұт	Noun
бұта	Noun
бұта	Verb
бұтанақты	Adjective
бұтақ	Noun
бұтақтан	Verb
бұтақты	Adjective
бұттық	Adjective
бұғаз	Noun
бұғана	Noun
бұғат	Noun
бұғаттау	Noun
бұғау	Noun
бұғы	Noun
бұқ	Verb
бұқа	Noun
бұқара	Noun
бұқаралық	Adjective
бұқарашыл	Adjective
бұқарашыл	Adverb
бұқарашыл	Noun
бұқарашылдандыру	Noun
бұқарашылдық	Noun
бұқпантайшы	Noun
бұқтыр	Verb
бұқтырма	Noun
бәбісек	Noun
бәддұға	Noun
бәден	Noun
бәдірен	Noun
бәйбіше	Noun
бәйгелі	Adjective
бәйек	Adverb
бәйкі	Noun
бәйтерек	Noun
бәйшешек	Noun
бәйіт	Noun
бәкі	Noun
бәле	Noun
бәлекет	Adjective
бәлелі	Adjective
бәлендей	Adjective
бәлкім	Adverb
бәлсіну	Noun
бәліш	Noun
бәрібір	Adverb
бәсеке	Noun
бәсекелес	Noun
бәсекелестік	Noun
бәсекелі	Adjective
бәсеңде	Verb
бәсеңдейтін	Adjective
бәсеңден	Verb
бәсеңдет	Verb
бәсеңдеткіш	Noun
бәсеңдік	Noun
бәстес	Verb
бәтеңке	Noun
бөбек	Noun
бөгде	Noun
бөге	Verb
бөгейтін	Adjective
бөгел	Verb
бөгелт	Verb
бөгелу	Noun
бөгеліс	Noun
бөген	Noun
бөгет	Noun
бөгеу	Noun
бөгеусіз	Adjective
бөгеуші	Noun
бөдене	Noun
бөденешөп	Noun
бөзден	Adjective
бөк	Verb
бөкебай	Noun
бөкен	Noun
бөксе	Noun
бөктер	Noun
бөктергі	Noun
бөктеріншек	Noun
бөл	Verb
бөлгіш	Noun
бөле	Noun
бөле	Verb
бөлек	Adjective
бөлек	Noun
бөлекте	Verb
бөлектеу	Noun
бөлектік	Noun
бөлекше	Adjective
бөлендір	Verb
бөлке	Noun
бөлме	Noun
бөлмелес	Noun
бөлмелі	Adjective
бөлтірік	Noun
бөлу	Noun
бөлшек	Noun
бөлшекте	Verb
бөлшектен	Verb
бөлшектеп	Noun
бөлшектік	Adjective
бөлік	Noun
бөлікте	Verb
бөліктеме	Noun
бөліктеусіз	Adverb
бөлікті	Adjective
бөліктік	Noun
бөлім	Noun
бөлімше	Noun
бөлімшелі	Adjective
бөлін	Verb
бөлінбейтіндік	Noun
бөлінген	Adjective
бөлінгіштік	Noun
бөліну	Noun
бөлінушілік	Noun
бөлініс	Noun
бөліс	Noun
бөліс	Verb
бөпе	Noun
бөрене	Noun
бөртін	Verb
бөрі	Noun
бөрібасар	Noun
бөрік	Noun
бөрікгүл	Noun
бөріктік	Adjective
бөрікші	Noun
бөрітарақ	Noun
бөріқарақат	Noun
бөспе	Noun
бөстекі	Adjective
бөтелке	Noun
бөтелкелес	Noun
бөтен	Noun
бөтендік	Noun
бөтенс	Verb
бөшке	Noun
бөшкеші	Noun
вагон	Noun
вагоншы	Noun
ваграншы	Noun
важраяна	Noun
ваза	Noun
вазодилатация	Noun
вакансия	Noun
вакантты	Adjective
вакуоль	Noun
вакуум	Noun
вакцина	Noun
вакциналау	Noun
валансьен	Noun
валентті	Adjective
валенттік	Noun
валенттілік	Noun
валерьянка	Noun
валлийлік	Adjective
валокордин	Noun
валоризация	Noun
вальс	Noun
валюта	Noun
валюталық	Adjective
валюташы	Noun
валюттендіру	Noun
вампир	Noun
ванадий	Noun
вандал	Noun
вандализм	Noun
ваниль	Noun
ванна	Noun
варактор	Noun
варваризм	Noun
варварлық	Adjective
варварлық	Noun
вариант	Noun
вариатор	Noun
вариация	Noun
варисцит	Noun
варияциялық	Adjective
вассал	Noun
вассалдық	Adjective
вассалитет	Noun
ватер	Noun
ватерпас	Noun
ватерсызық	Noun
ватин	Noun
ватман	Noun
ватрушка	Noun
ватт	Noun
ваттметр	Noun
ваучер	Noun
вафельші	Noun
вафля	Noun
веб	Noun
вебкамера	Noun
вебпарақ	Noun
вебсайт	Noun
вегетариан	Noun
вегетариандық	Noun
вегетативтік	Adjective
вегетация	Noun
вегетациялық	Adjective
ведомство	Noun
ведомствоаралық	Adjective
ведомстволық	Adjective
везикул	Noun
вексель	Noun
вектор	Noun
векторлық	Adjective
велодром	Noun
веложарыс	Noun
велокросс	Noun
велосиметр	Noun
велосипед	Noun
велосипедші	Noun
велоспорт	Noun
велошабандоз	Noun
вельбот	Noun
вельвет	Noun
велюр	Noun
веляризация	Noun
вена	Noun
венаішілік	Adjective
венгр	Adjective
венгриялық	Adjective
венгрлік	Adjective
венеролог	Noun
венерология	Noun
венесекция	Noun
вентерьші	Noun
вентиляция	Noun
веранда	Noun
вербалдану	Noun
вербализм	Noun
верификация	Noun
вермахт	Noun
веронал	Noun
верп	Noun
версификация	Noun
верфь	Noun
вестибюль	Noun
ветеринарлық	Adjective
ветчина	Noun
вече	Noun
взвод	Noun
виадук	Noun
вибратор	Noun
вивисекция	Noun
видео	Noun
видеография	Noun
видеокассет	Noun
видеоклуб	Noun
видеоконференция	Noun
виза	Noun
византиялық	Adjective
визитация	Noun
визуалді	Adjective
визуализация	Noun
вика	Noun
викарий	Noun
виксен	Noun
викториандық	Adjective
вилла	Noun
виллансико	Noun
вингер	Noun
виндсерфер	Noun
виндсерфинг	Noun
виндсэрфер	Noun
винегрет	Noun
винил	Noun
винкамин	Noun
винтаждылық	Noun
винтовка	Noun
винтте	Verb
вироид	Noun
виртуалды	Adjective
виртуалді	Adverb
виртуоздылық	Noun
виртуоздық	Adjective
вируленттілік	Noun
вирус	Noun
вирусология	Noun
виски	Noun
висмут	Noun
витамин	Noun
витрификация	Noun
витрэктомия	Noun
военкомат	Noun
вокал	Noun
вокалдандыру	Noun
вокалды	Adjective
вокализ	Noun
вокализм	Noun
вокалист	Noun
вокатив	Noun
вокзал	Noun
волейбол	Noun
волейболшы	Noun
волеми	Noun
волонтерлік	Noun
волосов	Adjective
волынка	Noun
волынкашы	Noun
вольт	Noun
вольтаж	Noun
вольтаметр	Noun
вольтамметрия	Noun
вольтметр	Noun
вольфрам	Noun
волюметрия	Noun
волюнтаризм	Noun
вотум	Noun
вотчина	Noun
вуайеризм	Noun
вувузела	Noun
вулкандық	Adjective
вулканизм	Noun
вулканология	Noun
вульгаризм	Noun
вульфенит	Noun
габарит	Noun
габитус	Noun
гавань	Noun
гавот	Noun
гагат	Noun
газ	Adjective
газ	Noun
газгольдер	Noun
газдабыл	Noun
газдандыру	Noun
газдау	Noun
газды	Adjective
газет	Noun
газета	Noun
газеттік	Adjective
газетші	Noun
газификация	Noun
газолин	Noun
газометрия	Noun
газотрон	Noun
газсыздандыру	Noun
газсыздандырғыш	Noun
газшы	Noun
газөлшеуіш	Noun
гайандық	Adjective
гайморит	Noun
гайтан	Noun
галактика	Noun
галактикааралық	Adjective
галактикалық	Adjective
галактометр	Noun
галантерея	Noun
галерея	Noun
галиот	Noun
галит	Noun
галл	Noun
галлий	Noun
галлицизм	Noun
галломандық	Noun
галлон	Noun
галлюцинация	Noun
галлюциноген	Noun
галоген	Noun
галогенид	Noun
галс	Noun
галстук	Noun
гальвандау	Noun
гальваникалық	Adjective
гальванометр	Noun
гальюн	Noun
гальярд	Noun
гамбит	Noun
гамбургер	Noun
гамет	Noun
гамета	Noun
гаметофита	Noun
гаметоцит	Noun
гамма	Noun
гаммаглобулин	Noun
гаммаграфия	Noun
гамопеталустық	Adjective
ганглий	Noun
гангрена	Noun
гандбол	Noun
гаплоидты	Adjective
гараж	Noun
гардероб	Noun
гардеробшы	Noun
гарем	Noun
гармонизация	Noun
гармоникалық	Adjective
гармония	Noun
гарнизон	Noun
гарнир	Noun
гарнитур	Noun
гарпун	Noun
гарпуншы	Noun
гарт	Noun
гастралгия	Noun
гастрит	Noun
гастроль	Noun
гастроном	Noun
гастрономдық	Adjective
гастрономия	Noun
гастроскопия	Noun
гаструла	Noun
гаструляция	Noun
гаусстық	Adjective
гаустория	Noun
гауһар	Adjective
гауһар	Noun
гафний	Noun
гаэлдық	Adjective
гвардия	Noun
гвинеялік	Adjective
гегемонизм	Noun
гегемония	Noun
гедонистік	Adjective
гей	Noun
гейзер	Noun
гейм	Noun
гекзаметр	Noun
гексагональді	Adjective
гексакозиогексеконтагексафобия	Noun
гексаметр	Noun
гексоз	Noun
гектар	Noun
гектограмм	Noun
гектограф	Noun
гектография	Noun
гектолитр	Noun
гектометр	Noun
гелий	Noun
геликоид	Adjective
геликоидалды	Adjective
геликоптер	Noun
гелиобиология	Noun
гелиограф	Noun
гелиометр	Noun
гелиоорталықты	Adjective
гелиоскоп	Noun
гелиотерапия	Noun
гелиотермия	Noun
гелиотроп	Noun
гелиотропизм	Noun
гелиофиликті	Adjective
гелиоцентризм	Noun
гель	Noun
гельминтоз	Noun
гемангиома	Noun
гематоген	Noun
гематология	Noun
гематологиялық	Adjective
гематома	Noun
гематурия	Noun
гемидемисемиквайер	Noun
гемикриптофит	Noun
гемимембрана	Noun
гемиплегия	Noun
гемма	Noun
геммология	Noun
гемоглобин	Noun
гемограмма	Noun
гемолимф	Noun
геморрой	Noun
гемотерапия	Noun
гемофилия	Noun
ген	Noun
гендік	Adjective
генеалогия	Noun
генеалогиялық	Adjective
генезис	Noun
генерал	Noun
генералитет	Noun
генератор	Noun
генетик	Adjective
генетик	Noun
генетика	Noun
генетикалы	Adverb
генетикалық	Adjective
геном	Noun
генотип	Noun
генофонд	Noun
геноцид	Noun
геоботаника	Noun
географ	Noun
география	Noun
географиялық	Adjective
географиялық	Adverb
геодезист	Noun
геодезия	Noun
геодезиялық	Adjective
геодезияшы	Noun
геодинамика	Noun
геоид	Noun
геолог	Noun
геология	Noun
геологиялық	Adjective
геолокация	Noun
геомагнетизм	Noun
геомагнитті	Adjective
геометрия	Noun
геометриялық	Adjective
геоморфология	Noun
геоморфологиялық	Adjective
геосаясат	Noun
геосаясаттық	Adjective
геосинклиналды	Adjective
геосиноним	Noun
геострофикалық	Adjective
геотермалді	Adjective
геотермия	Noun
геотехникалық	Adjective
геофизик	Adjective
геофизика	Noun
геофизикалық	Adjective
геофит	Noun
геохимия	Noun
геохимиялық	Adjective
геохронология	Noun
геоцентризм	Noun
геоэкология	Noun
гепарин	Noun
гепатит	Noun
гепатогастрикалық	Adjective
гепатомегалия	Noun
гепатоцит	Noun
гептагон	Noun
герань	Noun
герб	Noun
гербицид	Noun
геркулес	Noun
германизм	Noun
германий	Noun
герметизация	Noun
герметизацияла	Verb
герметикала	Verb
герметикалық	Adjective
герметикалық	Adverb
героин	Noun
геронтолог	Noun
геронтология	Noun
герпетология	Noun
герундий	Noun
герцин	Adjective
герцог	Noun
гетеробуынды	Adjective
гетерогамия	Noun
гетерозигот	Noun
гетерометрлік	Adjective
гетероним	Noun
гетерополярлы	Adjective
гетеросексуалды	Adjective
гетероциклді	Adjective
гетр	Noun
гешефт	Noun
гештальтпсихология	Noun
гиалит	Noun
гиалоплазма	Noun
гиацинт	Noun
гибрид	Noun
гибридизация	Noun
гибридом	Noun
гигаку	Noun
гигант	Noun
гигантизм	Noun
гигиена	Noun
гигиеналық	Adjective
гигрометр	Noun
гигроскоп	Noun
гигроскопиялық	Adjective
гидра	Noun
гидравликалық	Adjective
гидразин	Noun
гидрант	Noun
гидрат	Noun
гидратация	Noun
гидрид	Noun
гидрирование	Noun
гидроавиация	Noun
гидробекет	Noun
гидроберіліс	Noun
гидробиология	Noun
гидрогенератор	Noun
гидрогеология	Noun
гидрография	Noun
гидрографиялық	Adjective
гидродинамикалық	Adjective
гидрокостюм	Noun
гидроксид	Noun
гидролиз	Noun
гидролиттік	Adjective
гидрология	Adjective
гидрология	Noun
гидрологиялық	Adjective
гидролокатор	Noun
гидролокация	Noun
гидромелиорация	Noun
гидрометаллургия	Noun
гидрометеорология	Noun
гидрометр	Noun
гидрометрия	Noun
гидроминералды	Adjective
гидроморфты	Adjective
гидроплан	Noun
гидропневматикалық	Adjective
гидропульт	Noun
гидросорғы	Noun
гидростанция	Noun
гидростат	Noun
гидростатикалық	Adjective
гидросульфит	Noun
гидротежеу	Noun
гидротерапия	Noun
гидротехникалық	Adjective
гидрофильді	Adjective
гидрофобия	Noun
гидрофобты	Adjective
гидрофугты	Adjective
гидрохимия	Noun
гидроцефалия	Noun
гидроэлектриялық	Adjective
гиена	Noun
гильдия	Noun
гильотина	Noun
гимн	Noun
гимназия	Noun
гимнастерка	Noun
гимнастикалық	Adjective
гинеколог	Noun
гинекология	Noun
гипербайланыс	Noun
гипербола	Noun
гиперболалық	Adjective
гиперболоид	Noun
гипердауысты	Adjective
гиперемия	Noun
гипержұқа	Adjective
гипермаркет	Noun
гипероним	Noun
гиперпирексия	Noun
гиперплазия	Noun
гиперсілтеме	Noun
гипертермия	Noun
гипертония	Noun
гипертрофия	Noun
гипноз	Noun
гипнозда	Verb
гипнозды	Adjective
гипнозшы	Noun
гипнотерапия	Noun
гипнотизер	Noun
гипнотизм	Noun
гиповолемия	Noun
гипогей	Noun
гипографты	Adjective
гипоксия	Noun
гипоним	Noun
гипоплазия	Noun
гипостильді	Adjective
гипосульфит	Noun
гипотактикалық	Adjective
гипоталамус	Noun
гипотеза	Adverb
гипотеза	Noun
гипотезалы	Adjective
гипотензия	Noun
гипотенуза	Noun
гипотермия	Noun
гипотиреоз	Noun
гипотония	Noun
гипофиз	Noun
гипоцентр	Noun
гиппокамп	Noun
гиппология	Noun
гиппопотам	Noun
гипс	Noun
гипсометр	Noun
гипсометрия	Noun
гипсте	Verb
гипюр	Noun
гироскоп	Noun
гироскопиялық	Adjective
гистамин	Noun
гистограмма	Noun
гистолог	Noun
гистология	Noun
гистон	Noun
гит	Noun
гитара	Noun
гитарашы	Noun
гитарист	Noun
гитлеризм	Noun
гиф	Noun
гичка	Noun
глазок	Noun
глаукома	Noun
глетчер	Noun
гликемиялық	Adjective
гликоген	Noun
гликолипид	Noun
гликоль	Noun
гликопротеин	Noun
глинозем	Noun
глиссер	Noun
глицерин	Noun
глицин	Noun
глия	Noun
глобалді	Adverb
глобин	Noun
глобулин	Noun
глобус	Noun
глобустық	Adjective
глоссарий	Noun
глоттогония	Noun
глоттохронология	Noun
глюкоза	Noun
глюкозида	Noun
глюкокортикоид	Noun
глюмдальклич	Noun
глюонной	Noun
глютамин	Noun
глютен	Noun
глюцид	Noun
гляциология	Noun
гнейс	Noun
гном	Noun
гномон	Noun
гносеология	Noun
гносеологиялық	Adjective
гобелен	Noun
гоблин	Noun
гобой	Noun
гол	Noun
голландиялық	Adjective
голландық	Noun
голограмма	Noun
голография	Noun
голотип	Noun
гольмий	Noun
гольф	Noun
гомеоморфизм	Noun
гомеопатия	Noun
гомеостаз	Noun
гомеостат	Noun
гомерикалық	Adjective
гоминид	Noun
гоминьдан	Noun
гомогендеу	Noun
гомогенизация	Noun
гомография	Noun
гомозигот	Noun
гомологация	Noun
гомология	Noun
гомологты	Adjective
гомоморфизм	Noun
гомополимер	Noun
гомосексуалдық	Noun
гомосексуализм	Noun
гомотетикалық	Adjective
гомотопия	Noun
гомотопты	Adjective
гомофония	Noun
гонада	Noun
гонг	Noun
гондола	Noun
гонион	Noun
гонт	Noun
горгулья	Noun
гордийлік	Adjective
горельеф	Noun
горизонталь	Adjective
горилла	Noun
гормон	Noun
горрота	Noun
горшок	Noun
госпитализация	Noun
госпиталь	Noun
госпитальдық	Adjective
готикалық	Adjective
гравиметрия	Noun
гравитация	Noun
гравитациялық	Adjective
градация	Noun
градиент	Noun
градирня	Noun
градус	Noun
грамм	Noun
граммаж	Noun
грамматик	Noun
грамматика	Noun
грамматикалану	Noun
грамматикалық	Adjective
граммофон	Noun
гранадандық	Adjective
гранат	Noun
гранж	Noun
гранит	Noun
грант	Noun
гранула	Noun
гранулема	Noun
гранулометрия	Noun
гранулоцит	Noun
граф	Noun
график	Noun
графика	Noun
графикалық	Adjective
графин	Noun
графит	Noun
графолог	Noun
графологист	Noun
графология	Noun
графомология	Noun
графтық	Noun
граффити	Noun
грегал	Noun
грейпфрут	Noun
грейфер	Noun
гректік	Adjective
гренадер	Noun
гренадтық	Adjective
гризайль	Noun
гриль	Noun
грильді	Adjective
гримаса	Noun
гримде	Verb
гримдеу	Noun
гриф	Noun
грифель	Noun
гросс	Noun
гроссмейстер	Noun
груббер	Noun
группа	Noun
гуайява	Noun
губернатор	Noun
губерния	Noun
губерниялық	Adjective
губка	Noun
гудрон	Noun
гудронатор	Noun
гульден	Noun
гуляш	Noun
гуманизм	Noun
гуманист	Noun
гуманистік	Adjective
гуманитарлы	Adjective
гуманитарлық	Adjective
гумификация	Noun
гуммоз	Noun
гуморальдық	Adjective
гумусты	Adjective
гурд	Noun
гусар	Noun
гуіл	Noun
гуілде	Verb
гірші	Noun
гүл	Noun
гүлбақша	Noun
гүлде	Verb
гүлден	Verb
гүлденген	Adjective
гүлденгіш	Adjective
гүлдеу	Noun
гүлді	Adjective
гүлзар	Noun
гүлзардақ	Noun
гүлсабақ	Noun
гүлсауыт	Noun
гүлсіз	Adjective
гүлтозаң	Noun
гүлтәж	Noun
гүлтәжі	Noun
гүлшоғыр	Noun
гүлшоқ	Noun
гүмпілде	Verb
гүрсіл	Noun
гүрсілдеу	Noun
гүріл	Noun
дабдыра	Verb
дабыл	Noun
дабылпаз	Noun
дабылсыз	Adjective
дабылхат	Noun
дабылшы	Noun
дабыра	Noun
дабырайт	Verb
дабырсыз	Adjective
дагеротип	Noun
дагеротипия	Noun
дадаизм	Noun
дайджест	Noun
дайме	Noun
дайым	Adjective
дайында	Verb
дайындайтын	Adjective
дайындал	Verb
дайындамаы	Noun
дайындау	Noun
дайындаушы	Noun
дайындық	Noun
дактилология	Noun
дактилоскопия	Noun
дактиль	Noun
дала	Noun
далалы	Adjective
далалық	Adjective
далап	Noun
далапта	Verb
далақтай	Adjective
далбаса	Noun
далдандыр	Verb
дальтонизм	Noun
дам	Verb
даму	Noun
дамушылық	Noun
дамы	Verb
дамыл	Noun
дамылда	Verb
дамылдан	Verb
дамыт	Verb
дамытудағы	Adjective
дамыған	Adjective
дан	Noun
дана	Adjective
дана	Noun
данагөйлік	Noun
даналап	Noun
даналы	Adverb
даналық	Noun
даниялық	Adjective
даниялық	Noun
дантист	Noun
данышпан	Noun
данышпандық	Noun
данышпанс	Verb
данышпансыған	Adjective
даосизм	Noun
дар	Noun
дарала	Verb
даралан	Verb
дараландыру	Noun
даралат	Verb
даралық	Noun
дарашыл	Noun
дарашылдық	Noun
дарвинизм	Noun
дардай	Adjective
даршын	Noun
дары	Verb
дарылда	Verb
дарымау	Noun
дарын	Noun
дарынды	Adjective
дарындылық	Noun
дарынсыздық	Noun
дарқан	Adjective
дарқандық	Noun
дастан	Noun
дастархан	Noun
дастарқан	Noun
дата	Noun
даталау	Noun
датта	Verb
дау	Noun
дауа	Noun
дауал	Noun
дауала	Verb
дауалы	Adjective
дауасыз	Adjective
даугер	Noun
даукес	Noun
даулас	Verb
дауласпаған	Adjective
дауласу	Noun
даулы	Adjective
даулы	Adverb
даулылық	Noun
даурық	Verb
даурықпа	Adjective
даурықпа	Noun
даурықтыр	Verb
даурықшыл	Noun
даурықшылдық	Noun
даусыз	Adverb
даусыздық	Noun
дауыл	Adjective
дауыл	Noun
дауылда	Verb
дауылды	Adjective
дауылпаз	Noun
дауыс	Noun
дауыссыз	Adjective
дауыссыз	Noun
дауыссыздық	Noun
дауыста	Verb
дауыстап	Adverb
дауысты	Adjective
дауысты	Noun
дауқұмар	Noun
дауқұмарлық	Noun
дацан	Noun
дацит	Noun
дашнак	Noun
даярла	Verb
даярлан	Verb
даярлау	Noun
даярлық	Noun
даярлықпен	Adverb
даяшы	Noun
дағбырт	Noun
дағдар	Verb
дағдарыс	Noun
дағды	Noun
дағдылан	Verb
дағдылану	Noun
дағдыланғандық	Noun
дағдылы	Adjective
дағдылық	Noun
дағуа	Noun
дағыра	Noun
дағырашы	Noun
дақ	Noun
дақтан	Verb
дақтау	Noun
даңғаза	Noun
даңғой	Adjective
даңғойлық	Noun
даңғыл	Noun
даңғылдан	Verb
даңғыр	Noun
даңғырла	Verb
даңғырлат	Verb
даңқ	Noun
даңқсыздық	Noun
даңқта	Verb
даңққұмар	Adjective
даңққұмарлық	Noun
дворян	Noun
дворяндық	Adjective
двуличность	Noun
дебаркадер	Noun
дебет	Noun
дебит	Noun
дебиторлық	Adjective
дебют	Noun
дебютант	Adjective
дебютте	Verb
девальвация	Noun
девиатонизм	Noun
девиация	Noun
девон	Noun
дегбір	Noun
дегдіту	Noun
дегелек	Noun
дегенерация	Noun
дегенмен	Adverb
деградация	Noun
дегрессия	Noun
дегустация	Noun
дедекте	Verb
дедуктивтік	Adjective
дедукция	Noun
дезактивация	Noun
дезертирлік	Noun
дезинсекция	Noun
дезинтеграция	Noun
дезинфекция	Noun
дезодорант	Noun
дезодоратор	Noun
деизм	Noun
деиндустриализация	Noun
дейтерий	Noun
дейін	Adverb
дейінгі	Adjective
дейінгі	Adverb
декабрь	Noun
декаграмм	Noun
декаданс	Noun
декаденттік	Adjective
декалитр	Noun
декалькомания	Noun
декальцинация	Noun
декан	Noun
деканат	Noun
декантация	Noun
декаэдр	Noun
декларант	Noun
декларация	Noun
декодер	Noun
декокт	Noun
деколонизация	Noun
декомпозиция	Noun
декомпрессия	Noun
деконструкторшы	Noun
деконцентрация	Noun
декоративті	Adjective
декоративтік	Adjective
декорация	Noun
декорациялық	Adjective
декорум	Noun
декрет	Noun
декстрин	Noun
декстроза	Noun
декьюри	Noun
делбе	Noun
делдал	Noun
делдалда	Verb
делдалдық	Noun
делегат	Noun
делегация	Noun
деликт	Noun
дельта	Noun
дельтаплан	Noun
дельтапланеризм	Noun
дельфин	Noun
делқұлы	Noun
дем	Noun
демагогия	Noun
демагогиялық	Adjective
демал	Verb
демалушы	Noun
демалыс	Adjective
демалыс	Noun
демаркация	Noun
дембелше	Adjective
демде	Verb
деме	Verb
деменция	Noun
демеу	Adjective
демеу	Noun
демеулік	Noun
демеуші	Noun
демобилизация	Noun
демограф	Noun
демография	Noun
демографиялы	Adverb
демографиялық	Adjective
демодулятор	Noun
демодуляция	Noun
демократ	Noun
демократизация	Noun
демократизм	Noun
демократикалық	Adjective
демократия	Noun
демократияландыр	Verb
демократиялану	Noun
демократияшылдық	Noun
демократтан	Verb
демонстрация	Noun
деморализация	Noun
демос	Noun
демтесік	Noun
демігу	Noun
демікпе	Noun
денатурат	Noun
денде	Verb
денди	Noun
дендрология	Noun
дендрохронология	Noun
дене	Noun
денелі	Adjective
денелік	Adjective
денесіз	Adjective
денеушілік	Noun
денитрификация	Noun
денсаулық	Noun
дентин	Noun
денудация	Noun
деонтологиялық	Adjective
департамент	Noun
депиляция	Noun
депозит	Noun
деполонизация	Noun
депорт	Noun
депортация	Noun
депортацияланған	Adjective
депрессант	Noun
депрессия	Noun
депутат	Noun
депутаттық	Noun
депутация	Noun
дер	Adverb
дератизация	Noun
дербес	Adjective
дербестеу	Noun
дербестік	Noun
дербестілік	Noun
деревня	Noun
дерек	Noun
дерекнама	Noun
дерексіздік	Noun
деректеметану	Noun
деректі	Adjective
деректі	Noun
дерекқор	Noun
дереу	Adverb
дереусіздік	Noun
держава	Noun
деривация	Noun
дерлік	Adverb
дерматин	Noun
дерматит	Noun
дерматология	Noun
дерт	Noun
дерттілік	Noun
десант	Noun
десантшы	Noun
десерт	Noun
десквамация	Noun
дескриптор	Noun
десорбция	Noun
деспотизм	Noun
деспотия	Noun
десте	Noun
дестеле	Verb
детектив	Noun
детектор	Noun
детерминант	Noun
детерминделген	Adjective
детерминизм	Noun
детерминші	Noun
детоксикация	Noun
детонатор	Noun
детонация	Noun
детонометр	Noun
детрит	Noun
детритофаг	Noun
детриттік	Adjective
дефекация	Noun
дефект	Noun
дефективті	Adjective
дефектология	Noun
дефектоскоп	Noun
дефиниция	Noun
дефис	Noun
дефицит	Noun
дефлектор	Noun
дефляция	Noun
дефолиант	Noun
деформация	Noun
деформацияла	Verb
децентрализация	Noun
децентрализацияла	Verb
децибел	Noun
дециграмм	Noun
децилитр	Noun
дециметр	Noun
деңгей	Noun
деңгейле	Verb
деңгейлес	Verb
джаз	Noun
джайнизм	Noun
джем	Noun
джентльмен	Noun
джерси	Noun
джип	Noun
джоуль	Noun
джунгли	Noun
дзот	Noun
дзюдо	Noun
диабаз	Noun
диабет	Noun
диагноз	Noun
диагноздық	Adjective
диагностика	Noun
диагностикала	Verb
диагностикалық	Adjective
диаграмма	Noun
диадема	Noun
диадикалық	Adjective
диакритикалық	Adjective
диалект	Noun
диалектизм	Noun
диалектик	Adjective
диалектикалық	Adjective
диалектология	Noun
диалектілік	Adjective
диалог	Noun
диалогті	Adjective
диамагнетизм	Noun
диамант	Noun
диамат	Noun
диаметр	Noun
диаметралді	Adverb
диапазон	Noun
диапозитив	Noun
диарея	Noun
диаспора	Noun
диастола	Noun
диатез	Noun
диатермия	Noun
диатоникалық	Adjective
диафан	Noun
диафильм	Noun
диафрагмалық	Adjective
диахрония	Noun
диахрониялық	Adjective
дибромэтан	Noun
диван	Noun
дивергент	Noun
дивергенция	Noun
диверсификация	Noun
диверсификацияла	Verb
диверсия	Noun
диверсиялық	Adjective
дивертисмент	Noun
дивиденд	Noun
дивидент	Noun
дивизион	Noun
дивизиондық	Adjective
дивизия	Noun
диграф	Noun
дидактикалық	Adjective
дидар	Noun
диез	Noun
дизайн	Noun
дизайнерлік	Adjective
дизель	Noun
дизентерия	Noun
дизурия	Noun
дизъюнкция	Noun
дикотиледон	Noun
диктант	Noun
диктатор	Noun
диктаторлық	Adjective
диктатура	Noun
диктор	Noun
диктофон	Noun
дикция	Noun
дилаторды	Adjective
дилемма	Noun
дилер	Noun
дилетантизм	Noun
дилижанс	Noun
дилогия	Noun
димер	Noun
диметилформамид	Noun
диморфизм	Noun
динамизм	Noun
динамик	Noun
динамика	Noun
динамикалық	Adjective
динамометр	Noun
динар	Noun
динас	Noun
динозавр	Noun
диод	Noun
диоксид	Noun
диоксин	Noun
диоптр	Noun
диоптрия	Noun
диорама	Noun
диорит	Noun
диплоидті	Adjective
диплоикалық	Adjective
диплококк	Noun
диплом	Noun
дипломат	Noun
дипломатия	Noun
дипломатиялық	Adjective
дипломшы	Noun
диполь	Noun
диптерон	Noun
диптих	Noun
директива	Noun
директор	Noun
директорат	Noun
директорлық	Adjective
дирекция	Noun
дирижер	Noun
дирхем	Noun
дисахарид	Noun
дисгармония	Noun
диск	Noun
дискант	Noun
дисквалификация	Noun
дисквалификацияла	Verb
дискета	Noun
дискомфорт	Noun
дисконт	Noun
дискотека	Noun
дискретті	Adjective
дискреттік	Adjective
дискрециялық	Adjective
дискриминациялық	Adjective
дискурс	Noun
дислексия	Noun
дислокация	Noun
дисменорея	Noun
диспансер	Noun
диспепсия	Noun
дисперсия	Noun
диспетчер	Noun
диспетчерлендіру	Noun
дисплей	Noun
диспозиция	Noun
диспропорция	Noun
диспропорциялық	Adjective
диспропорциялық	Adverb
диспут	Noun
диссертация	Noun
диссидент	Noun
диссимиляция	Noun
диссонанс	Noun
диссоциация	Noun
диссоциациялану	Noun
дистанция	Noun
дистилляция	Noun
дистрофия	Noun
дистрофиялық	Adjective
дисфункция	Noun
диуана	Adjective
диуана	Noun
диурез	Noun
дифирамб	Noun
дифосген	Noun
дифосфат	Noun
дифракция	Noun
дифтерит	Noun
дифтерия	Noun
дифтонгоид	Noun
диффамация	Noun
дифференциал	Noun
дифференциация	Noun
диффузионизм	Noun
диффузия	Noun
диффузиялық	Adjective
диффузор	Noun
дихотомия	Noun
дихотомиялық	Adjective
дихромат	Noun
диэлектр	Noun
диэлектрик	Adjective
диірмен	Noun
диірменші	Noun
диқан	Noun
диқаншылық	Noun
добал	Adjective
догма	Noun
догмат	Noun
догматизм	Noun
догматикалық	Adjective
дода	Noun
додала	Verb
дож	Noun
доза	Noun
дозиметр	Noun
дозиметрикалық	Adjective
дозиметрия	Noun
дозиметрлік	Adjective
дозировка	Noun
дозоршы	Adjective
дойбышы	Noun
доктор	Noun
докторантура	Noun
докторат	Noun
докторлық	Adjective
доктрина	Noun
долана	Noun
долбарлы	Adverb
долдан	Verb
долдандыр	Verb
долданған	Adjective
долина	Noun
долл	Noun
доллар	Noun
долларландыру	Noun
долларлық	Adjective
доломит	Noun
долылық	Noun
дольмен	Noun
домала	Verb
домалан	Verb
домалат	Verb
домалақ	Adjective
домалақта	Verb
домбай	Noun
домбыра	Noun
домбырашы	Noun
домбығу	Noun
домбықта	Verb
домен	Noun
доминантты	Adjective
доминикандық	Adjective
доминион	Noun
доминошы	Noun
домицилийлеу	Noun
домкрат	Noun
домнашы	Noun
домофон	Noun
донкихоттылық	Noun
донор	Noun
донорлық	Adjective
доп	Noun
допамин	Noun
доптаяқ	Noun
дорба	Noun
дорбалы	Adjective
дорбаша	Noun
дорбашық	Noun
дорикалық	Adjective
дорифейлік	Adjective
дортуар	Noun
дос	Noun
достарша	Adverb
достас	Adjective
достас	Verb
достастық	Noun
достым	Noun
достық	Noun
дот	Noun
дотация	Noun
доцент	Noun
доға	Noun
доғал	Adjective
доғар	Verb
доғару	Noun
доғарыл	Verb
доқ	Noun
доқаба	Adjective
доңыз	Noun
доңғал	Noun
доңғалақ	Noun
доңғалақшы	Noun
драйв	Noun
драйвер	Noun
драм	Noun
драма	Noun
драмалы	Adjective
драмалық	Adjective
драматизм	Noun
драматикалы	Adverb
драматург	Noun
драматургия	Noun
драхма	Noun
дредноут	Noun
дрейф	Noun
дрейфте	Verb
дриблинг	Noun
дромедар	Noun
дуа	Noun
дуагер	Noun
дуадақ	Noun
дуал	Noun
дуала	Verb
дуализм	Noun
дуан	Noun
дуана	Noun
дублет	Noun
дубликат	Noun
дубляж	Noun
дубляждалған	Adjective
дудар	Adjective
дударла	Verb
дукат	Noun
дулыға	Noun
дума	Noun
думан	Noun
думанды	Adjective
дуоденалды	Adjective
дуплет	Noun
дутар	Noun
духан	Noun
духовка	Noun
душ	Noun
дуэт	Noun
дыбыс	Noun
дыбыссыз	Adjective
дыбыссыздық	Noun
дыбыста	Verb
дыбысталу	Noun
дыбыстандыру	Noun
дыбысты	Adjective
дызылда	Verb
дым	Noun
дымдалған	Adjective
дымдан	Verb
дымдаушы	Noun
дымық	Verb
дымқыл	Adjective
дымқылда	Verb
дымқылдаушы	Noun
дымқылдық	Noun
дырду	Noun
дырылда	Verb
дыңыл	Noun
дыңылда	Verb
дыңылдат	Verb
дыңғыра	Verb
дыңғырлат	Verb
дюйм	Noun
дюрометр	Noun
дюшес	Noun
діл	Noun
ділгер	Noun
ділда	Noun
ділмар	Adjective
ділмарлық	Noun
дімкәс	Adjective
дін	Noun
дінбасылары	Noun
дінбұзар	Noun
діндар	Adjective
діндар	Noun
діндарлық	Noun
діндес	Noun
дінділік	Noun
дінишілік	Noun
дінсіз	Noun
дінсіздік	Noun
діншіл	Adjective
діншіл	Noun
діншілдік	Noun
дірежелен	Verb
діріл	Noun
дірілде	Verb
дірілдек	Noun
дірілдет	Verb
дірілдеткіш	Noun
дің	Noun
діңгек	Noun
діңке	Noun
діңкеле	Verb
дүбара	Noun
дүбір	Noun
дүбірле	Verb
дүйсенбі	Noun
дүкен	Noun
дүкенше	Noun
дүкенші	Noun
дүкілде	Verb
дүкілдет	Verb
дүлдүл	Noun
дүлей	Adjective
дүмбі	Noun
дүмбілез	Adjective
дүмбілезден	Verb
дүмше	Noun
дүмшелік	Noun
дүнген	Noun
дүние	Noun
дүниежүзілік	Adjective
дүниелік	Adjective
дүниетану	Noun
дүниетаным	Noun
дүниеқор	Noun
дүниеқорлық	Noun
дүниеқоңыз	Noun
дүниеқоңыздық	Noun
дүниеқұмар	Adjective
дүнияуи	Adjective
дүнияуи	Noun
дүрбелең	Noun
дүрбі	Noun
дүрбілер	Noun
дүрдит	Verb
дүркін	Adjective
дүркін	Noun
дүрлігу	Noun
дүрлікпешілік	Noun
дүрліктір	Verb
дүрліктіргіш	Noun
дүрмек	Noun
дүрсіл	Noun
дүрсілде	Verb
дүрсілдет	Verb
дүріл	Noun
дүрілде	Verb
дүрілдет	Verb
дүңгіршек	Noun
дүңки	Verb
дүңкіл	Noun
дұзақ	Noun
дұрыс	Adjective
дұрыс	Adverb
дұрыс	Noun
дұрыста	Verb
дұрыстал	Verb
дұрыстап	Adverb
дұрыстау	Adjective
дұрыстау	Noun
дұрыстылық	Noun
дұрыстық	Noun
дұшпан	Adjective
дұшпан	Noun
дұшпандық	Noun
дұға	Noun
дәйек	Noun
дәйексіздік	Noun
дәйексөз	Noun
дәйекте	Verb
дәйектеме	Noun
дәйекті	Adjective
дәйектілік	Noun
дәйекше	Noun
дәке	Noun
дәл	Adverb
дәлде	Verb
дәлдеу	Noun
дәлдік	Noun
дәлділік	Noun
дәлдүріш	Noun
дәлел	Noun
дәлелде	Verb
дәлелдейтін	Adjective
дәлелдеме	Noun
дәлелдес	Verb
дәлелді	Adjective
дәлелдік	Adjective
дәлелсіз	Adjective
дәлелсіздік	Noun
дәлсіздік	Noun
дәліз	Noun
дәм	Noun
дәмде	Verb
дәмдел	Verb
дәмден	Verb
дәмдеуіш	Noun
дәмді	Adjective
дәмді	Adverb
дәмділік	Noun
дәме	Noun
дәмегөй	Noun
дәмелен	Verb
дәмелендір	Verb
дәмелі	Adjective
дәмсіз	Adjective
дәмхана	Noun
дән	Noun
дәнде	Verb
дәнден	Verb
дәнді	Adjective
дәнек	Noun
дәнекер	Noun
дәнекерле	Verb
дәнекерлеу	Noun
дәнекерлеуші	Noun
дәнекерлі	Adjective
дәнекерлік	Noun
дәнекерші	Noun
дәнкептіргіш	Noun
дәнсіз	Adjective
дәнік	Verb
дәніктір	Verb
дәптер	Noun
дәптерлік	Adjective
дәргей	Noun
дәреже	Noun
дәрет	Noun
дәретхана	Noun
дәрмен	Noun
дәрменсіз	Adjective
дәрменсіздік	Noun
дәрттендір	Verb
дәрумен	Noun
дәрумендеу	Noun
дәруменсіздік	Noun
дәруіш	Noun
дәрі	Noun
дәрігер	Noun
дәрігерлік	Adjective
дәріле	Verb
дәрілеуші	Noun
дәрілеуіш	Noun
дәрілік	Adjective
дәрілік	Noun
дәріпте	Verb
дәріптеу	Noun
дәріптеушілік	Noun
дәріс	Noun
дәріскер	Noun
дәрістік	Adjective
дәрісхана	Noun
дәрісханалық	Adjective
дәрісші	Noun
дәріхана	Noun
дәріханашы	Noun
дәріқұты	Noun
дәстүр	Noun
дәстүргүл	Noun
дәстүрлі	Adverb
дәстүрлік	Adjective
дәстүрлілік	Noun
дәт	Noun
дәу	Adjective
дәуаяқ	Noun
дәулет	Noun
дәулеттен	Verb
дәурен	Noun
дәуір	Noun
дәуірле	Verb
дәуірлеу	Noun
дәуірнама	Noun
дәуіт	Noun
дөкір	Adjective
дөнежін	Adjective
дөнен	Adjective
дөрекі	Adjective
дөрекі	Adverb
дөрекі	Noun
дөрекілен	Verb
дөрекіленген	Adjective
дөрекілеу	Adjective
дөрекілік	Noun
дөң	Noun
дөңбекш	Verb
дөңгеле	Verb
дөңгелек	Adjective
дөңгелек	Noun
дөңгелекте	Verb
дөңгелектен	Verb
дөңгелектік	Noun
дөңгелен	Verb
дөңгелет	Verb
дөңес	Adjective
дөңес	Noun
дөңесті	Adjective
дөңестік	Noun
дөңестілік	Noun
дөңки	Verb
дөңмаңдай	Noun
ебдей	Noun
ебдейсіз	Adjective
ебедейсіз	Adjective
ебедейсіздік	Noun
ебелек	Noun
евангельдік	Adjective
еврей	Adjective
евро	Noun
евроаймақ	Noun
еврозона	Noun
европалас	Verb
европий	Noun
егде	Adjective
еге	Verb
егемен	Adjective
егемендендіру	Noun
егемендік	Noun
егерле	Verb
егес	Noun
егес	Verb
егеу	Noun
егеуле	Verb
егеуіш	Noun
егеуқұйрық	Noun
егжей	Adverb
егу	Noun
егіз	Noun
егіл	Verb
егілетін	Adjective
егін	Noun
егіндік	Noun
егінжай	Noun
егінші	Noun
егіншілік	Noun
егіс	Noun
егістік	Adjective
егістік	Noun
еден	Noun
еденді	Adjective
еділдік	Noun
едәуір	Adjective
едәуір	Adverb
едәуір	Noun
еже	Noun
ежелгі	Adjective
ежелде	Adverb
ежеле	Verb
ежелен	Verb
ежікте	Verb
ежіктеп	Adverb
ежірей	Verb
ез	Verb
езбе	Adjective
езбе	Noun
езбеле	Verb
езбелік	Noun
езгі	Noun
езгіле	Verb
езгіш	Noun
езуші	Noun
езіл	Verb
езілгендік	Noun
ек	Verb
екекеу	Noun
екеулеп	Adverb
екпе	Noun
екпін	Noun
екпінде	Verb
екпіндеп	Adverb
екпіндет	Verb
екпінді	Adjective
екпінділік	Noun
екпінсіз	Adjective
екпінсіздік	Noun
екпіңді	Adjective
ексім	Adverb
екше	Verb
екшеле	Verb
екіатомдық	Adjective
екіаяқты	Adjective
екіжақты	Adjective
екіжылдық	Adjective
екіжүзді	Adjective
екіжүзділік	Noun
екілен	Verb
екілік	Adjective
екілік	Noun
екімағыналылық	Noun
екімағыналық	Noun
екімүше	Noun
екімүшелік	Adjective
екінекелі	Adjective
екінші	Adjective
екіншіден	Adverb
екіншілік	Noun
екістильді	Adjective
екісызықты	Adjective
екісәулесынулық	Adjective
екіталай	Adjective
екіталай	Adverb
екітілді	Adjective
екіқабат	Adjective
екіқанатты	Adjective
екіқарынды	Adjective
екіқиын	Adjective
ел	Noun
еларалық	Adjective
еларалық	Noun
елбас	Noun
елбеле	Verb
елбелек	Adjective
елгезек	Adjective
елгезектене	Adverb
елдес	Noun
елді	Adjective
елдік	Adjective
еле	Verb
елеген	Noun
елегіз	Verb
елегізуші	Adjective
елегіш	Noun
елек	Noun
елеме	Verb
елемеген	Adjective
елемеушілік	Noun
елес	Noun
елесте	Verb
елестет	Verb
елестеушілік	Noun
елеулі	Adjective
елеулі	Adverb
елеуреген	Adjective
елеуіш	Noun
елеңде	Verb
елжіре	Verb
елжірет	Verb
елкезбе	Noun
елорда	Noun
елпілде	Verb
елпілдеп	Adverb
елсіз	Adjective
елсіздік	Noun
елтану	Noun
елтаңба	Noun
елтаңбалық	Adjective
елтірі	Noun
елу	Noun
елулік	Noun
елші	Noun
елшілік	Noun
елігушілік	Noun
еліккіш	Adjective
елікте	Verb
еліктегендік	Noun
еліктеткіш	Adjective
еліктеуші	Noun
еліктеушілік	Noun
еліктеуіш	Adjective
еліктір	Verb
еліктіргіш	Adjective
еліктіретін	Adjective
елір	Verb
еліргендік	Noun
елірме	Adjective
еліт	Verb
елұран	Noun
ем	Noun
ем	Verb
емде	Verb
емдел	Verb
емделуші	Noun
емдеуші	Noun
емдік	Adjective
емдік	Noun
емдәм	Noun
емдәмлі	Adjective
емен	Noun
еменді	Adjective
еменжаңғақ	Noun
еменшөп	Noun
емесбейілді	Adjective
емесразы	Adjective
еместік	Noun
емешек	Noun
емле	Noun
емлелік	Adjective
емпеңде	Verb
емтихан	Noun
емхана	Noun
емші	Noun
емшілік	Noun
еміз	Verb
емізулі	Adjective
емізік	Noun
ен	Noun
ен	Verb
енгіз	Verb
енгізіл	Verb
енгізілген	Adjective
енгізілетін	Adjective
ендеше	Adverb
ендігі	Adjective
ендігәрі	Adverb
ендік	Adjective
ендік	Noun
ендір	Verb
ене	Noun
енеке	Noun
енетін	Adjective
енжар	Adjective
енжарлық	Noun
енсіздік	Noun
ентеле	Verb
ентелес	Verb
ентігу	Noun
ентік	Verb
ентікпе	Noun
ену	Noun
енуші	Adjective
енші	Noun
еншілес	Noun
ені	Noun
еп	Noun
епархия	Noun
епископ	Noun
епископтық	Adjective
епсіз	Adjective
епсіздік	Noun
епте	Verb
ептеш	Noun
епті	Adjective
епті	Adverb
ептілік	Noun
епшілдік	Noun
ер	Adjective
ер	Noun
ер	Verb
ергежейлі	Adjective
ергежейлі	Noun
ергежейлік	Noun
ерегес	Verb
ерегіс	Noun
ерегіс	Verb
ерегіспе	Noun
ереже	Noun
ерек	Noun
ерекше	Adjective
ерекше	Adverb
ерекшеле	Verb
ерекшелен	Verb
ерекшелік	Noun
ересек	Noun
ересектен	Verb
ересектенген	Adjective
ереуіл	Adjective
ереуіл	Noun
ереуілде	Verb
ереуілші	Noun
ерең	Noun
ержеткен	Adjective
ержеткендік	Noun
ержүрек	Noun
еритін	Adjective
ерке	Adjective
ерке	Noun
еркек	Noun
еркекшора	Noun
еркеле	Verb
еркелейтін	Adjective
еркелен	Verb
еркелет	Verb
еркелік	Noun
еркімен	Adjective
еркін	Adjective
еркін	Adverb
еркінде	Verb
еркіндік	Noun
еркіншілік	Noun
ерле	Verb
ерлі	Adjective
ерлік	Noun
ермек	Noun
ернеу	Noun
ернеуле	Verb
ерсі	Adjective
ерсілік	Noun
ерт	Verb
ерте	Adjective
ерте	Adverb
ертегі	Noun
ертегіші	Noun
ертелік	Adjective
ертең	Adverb
ертең	Noun
ертеңгі	Adjective
ертеңгілік	Adjective
ертеңгілік	Noun
ертте	Verb
ерші	Noun
ері	Verb
ерігу	Noun
ерігіш	Adjective
ерігіштік	Noun
ерік	Noun
ерік	Verb
еріксіз	Adjective
еріксіз	Adverb
еріксіздік	Noun
ерікті	Adjective
ерікті	Adverb
еріктілік	Noun
ерімейтін	Adjective
ерін	Noun
ерін	Verb
еріндік	Adjective
еріншек	Adjective
еріншек	Noun
еріншектік	Noun
еріт	Verb
еріткіш	Adjective
еріткіш	Noun
ерітпе	Noun
ерітіл	Verb
ерітінді	Noun
ес	Noun
ес	Verb
есаландыр	Verb
есалаң	Noun
есалаңдан	Verb
есалаңдық	Noun
есе	Noun
есей	Verb
есейген	Adjective
есек	Noun
есекжем	Noun
есекқұрт	Noun
еселе	Verb
еселенген	Adjective
еселеп	Adverb
еселеу	Noun
еселік	Noun
есен	Adjective
есендес	Verb
есендік	Noun
есеп	Adjective
есеп	Noun
есепсіздік	Noun
есепте	Verb
есептел	Verb
есептелген	Adjective
есептелетін	Adjective
есептелім	Noun
есептес	Verb
есептеспе	Verb
есептет	Verb
есептеу	Noun
есептеуші	Adjective
есептеуші	Noun
есептеушілік	Noun
есептеуіш	Adjective
есептеуіш	Noun
есептік	Adjective
есептік	Noun
есептілік	Noun
есепшот	Noun
есепші	Noun
есепшілік	Noun
есер	Adjective
есерлен	Verb
есерлік	Noun
есерсоқтан	Verb
есеңгіре	Verb
есеңгірет	Verb
ескек	Noun
ескекші	Noun
ескер	Verb
ескерт	Verb
ескертетін	Adjective
ескерткіш	Noun
ескертпе	Noun
ескертпелі	Adjective
ескертпелік	Adjective
ескерту	Noun
ескерусіз	Adverb
ескерушілік	Noun
ескеріл	Verb
ескі	Adjective
ескі	Noun
ескілік	Noun
ескір	Verb
ескірген	Adjective
ескіргендік	Noun
ескіру	Noun
ескішілдік	Noun
ессіз	Adjective
ессіз	Adverb
ессіз	Noun
ессіздік	Noun
ест	Verb
естейтін	Adjective
естелік	Noun
есту	Adjective
естуші	Adjective
есті	Adjective
есті	Adverb
есті	Verb
естіл	Verb
естілмейтін	Adjective
естілім	Noun
есуас	Adjective
есуас	Noun
есулі	Adjective
есік	Noun
есікше	Noun
есіл	Adjective
есім	Noun
есімді	Adjective
есімдік	Noun
есімнама	Noun
есімше	Noun
есіне	Verb
есінеу	Noun
есірке	Verb
есіркеуші	Noun
есірткі	Noun
есірткіш	Noun
есірік	Noun
есіріктік	Noun
есіт	Verb
есітпеушілік	Noun
ет	Noun
ет	Verb
етек	Noun
етеккір	Noun
етене	Adverb
етенелік	Noun
етжеңді	Adjective
еткіз	Verb
етнігу	Noun
еттартқыш	Noun
етті	Adjective
етші	Noun
етік	Noun
етікші	Noun
етіл	Verb
етіс	Noun
етістік	Noun
етістіксіз	Adjective
етістіктелген	Adjective
еуразиялық	Adjective
еуро	Noun
еуропаландыру	Noun
еуропалық	Adjective
еуропалық	Noun
ехидна	Noun
еху	Noun
еш	Adverb
ешкі	Noun
ештеме	Noun
ешқайда	Adverb
ешқашан	Adverb
ең	Adverb
еңбек	Noun
еңбекақы	Noun
еңбеккер	Adjective
еңбеккер	Noun
еңбеккүн	Noun
еңбекте	Verb
еңбектен	Verb
еңбектестік	Noun
еңбекші	Adjective
еңбекші	Noun
еңбекшіл	Adjective
еңбекшілдік	Noun
еңбекқор	Adjective
еңбекқор	Noun
еңбекқорлық	Noun
еңбекқұмар	Adjective
еңкей	Verb
еңкейген	Adjective
еңкейт	Verb
еңкілде	Verb
еңкіштік	Noun
еңлік	Noun
еңлікгүл	Noun
еңсер	Verb
еңсерілмес	Adjective
еңіре	Verb
еңіс	Noun
жабайы	Adjective
жабайы	Adverb
жабайы	Noun
жабайылық	Noun
жабағы	Noun
жабдық	Noun
жабдықта	Verb
жабдықталым	Noun
жабдықтама	Noun
жабдықтан	Verb
жабдықтандыр	Verb
жабдықтау	Noun
жабдықтаушы	Noun
жабыл	Verb
жабылмаған	Adjective
жабылу	Noun
жабын	Noun
жабынды	Adjective
жабынды	Noun
жабыраңқы	Adjective
жабыраңқылық	Noun
жабырқа	Verb
жабырқай	Adverb
жабырқан	Verb
жабырқаулық	Noun
жабыс	Verb
жабыстыр	Verb
жабыстырма	Noun
жабыстырыл	Verb
жабыстырғыш	Noun
жабысу	Noun
жабысыңқы	Noun
жабысқақ	Adjective
жабысқақ	Noun
жабысқақтық	Noun
жабық	Adjective
жабық	Verb
жабықтұқым	Noun
жабыққан	Adjective
жабыңқы	Adjective
жад	Noun
жадағай	Noun
жадеит	Noun
жады	Noun
жадыгөйлен	Verb
жадынама	Noun
жадыра	Verb
жадырат	Verb
жаз	Noun
жаз	Verb
жаза	Noun
жазала	Verb
жазалайтын	Adjective
жазаланушылық	Noun
жазалы	Adjective
жазасыздық	Noun
жазба	Noun
жазбахат	Noun
жазбаша	Adverb
жаздыкүн	Noun
жаздыр	Verb
жаздырт	Verb
жазира	Noun
жазу	Noun
жазушы	Noun
жазыл	Verb
жазылатын	Adjective
жазылушы	Noun
жазым	Noun
жазық	Adjective
жазық	Noun
жазықсыздық	Noun
жазықтық	Noun
жазғыр	Verb
жазғырылған	Noun
жазғыш	Noun
жай	Adjective
жай	Adverb
жай	Noun
жай	Verb
жайбарақат	Adjective
жайбарақаттан	Verb
жайбарақаттық	Noun
жайбасар	Noun
жайбасарлық	Noun
жайдарлы	Adverb
жайдарылық	Noun
жайдақта	Verb
жайла	Verb
жайландыр	Verb
жайлап	Adverb
жайлас	Verb
жайластыр	Verb
жайлат	Verb
жайлау	Noun
жайлы	Adjective
жайлы	Adverb
жайлылық	Noun
жайма	Noun
жайна	Verb
жайнат	Verb
жайнаған	Adjective
жайнаңда	Verb
жайпа	Verb
жайраңда	Verb
жайсыз	Adjective
жайсыздық	Noun
жайт	Noun
жайтартқыш	Noun
жайшылық	Noun
жайыл	Verb
жайылатын	Adjective
жайылма	Noun
жайылым	Noun
жайын	Noun
жайға	Verb
жайғас	Verb
жайғастыр	Verb
жайғасқан	Adjective
жайқал	Verb
жайқалған	Adjective
жакет	Noun
жакт	Noun
жал	Noun
жала	Noun
жала	Verb
жалат	Verb
жалау	Noun
жалауша	Noun
жалақор	Noun
жалақтат	Verb
жалақы	Noun
жалаңаш	Adjective
жалаңашта	Verb
жалаңаштану	Noun
жалаңаштау	Noun
жалаңаштық	Noun
жалаңаяқ	Adjective
жалаңда	Verb
жалбарын	Verb
жалбарынушы	Noun
жалбағай	Noun
жалбыз	Noun
жалбыр	Noun
жалбырат	Verb
жалгер	Noun
жалгерлік	Noun
жалда	Verb
жалдан	Verb
жалданушылық	Noun
жалдап	Noun
жалдаушы	Noun
жалма	Verb
жалмауыз	Noun
жалмауыздық	Noun
жалпайт	Verb
жалпақ	Adjective
жалпақтық	Noun
жалпы	Adjective
жалпы	Adverb
жалпы	Noun
жалпыла	Verb
жалпылау	Noun
жалпылдаушылық	Noun
жалпылық	Noun
жалпыхалықтық	Adjective
жалпыұлттық	Adjective
жалт	Adverb
жалтар	Verb
жалтару	Noun
жалтарыс	Noun
жалтарғыш	Adjective
жалтарғыштық	Noun
жалтақ	Adjective
жалтақ	Noun
жалтақта	Verb
жалтақтаушылық	Noun
жалтақтағыш	Adjective
жалтақтық	Noun
жалтылда	Verb
жалтыр	Adjective
жалтыр	Noun
жалтыра	Verb
жалтырақ	Noun
жалшы	Noun
жалшылық	Noun
жалын	Noun
жалын	Verb
жалында	Verb
жалынды	Adjective
жалынушы	Adjective
жалық	Verb
жалықтыр	Verb
жалықтыра	Adverb
жалықтырарлық	Noun
жалықтыратын	Adjective
жалықтырғыштық	Noun
жалға	Verb
жалған	Adjective
жалған	Adverb
жалған	Noun
жалған	Verb
жалғандылық	Noun
жалғандық	Noun
жалғас	Noun
жалғас	Verb
жалғастыр	Verb
жалғастырушы	Noun
жалғастырушылық	Noun
жалғасу	Noun
жалғасым	Noun
жалғасымды	Adjective
жалғаулық	Noun
жалғаулықсыз	Adjective
жалғыз	Adjective
жалғыздық	Noun
жалғызсыра	Verb
жалғызсырап	Adverb
жалқау	Noun
жалқаулан	Verb
жалқаулы	Adverb
жалқаулық	Noun
жалқы	Adjective
жалқын	Noun
жама	Verb
жаман	Adjective
жаман	Adverb
жаман	Noun
жаманда	Verb
жамандас	Verb
жамандық	Noun
жаманшылық	Noun
жамағат	Noun
жамбас	Noun
жамбасты	Adjective
жампаңда	Verb
жамшыла	Verb
жамыл	Verb
жамылғы	Noun
жамыра	Verb
жан	Noun
жан	Verb
жана	Verb
жаназа	Noun
жанама	Adjective
жанама	Adverb
жанама	Noun
жанамала	Verb
жанар	Noun
жанаргүл	Noun
жанарлан	Verb
жанармай	Noun
жанартау	Noun
жанартаулық	Adjective
жанартаутану	Noun
жанартаутектік	Adjective
жанарғы	Noun
жанас	Verb
жанастыр	Verb
жанасу	Noun
жанасушылық	Adjective
жанасушылық	Noun
жанасымды	Adjective
жанасымдылық	Noun
жанасқан	Adjective
жанатын	Adjective
жанашыр	Adjective
жанашыр	Noun
жанашырлық	Noun
жанбайтын	Adjective
жанбаста	Verb
жандайшап	Noun
жандан	Verb
жандандыр	Verb
жандандыру	Noun
жандандырылған	Adjective
жанданған	Adjective
жандармерия	Noun
жанды	Adjective
жандыр	Verb
жандырғы	Noun
жанжал	Noun
жанжалдас	Verb
жанжалдасу	Noun
жанжалды	Adjective
жанкешті	Noun
жанкештілік	Noun
жанкүйер	Noun
жанр	Noun
жансыз	Adjective
жансыз	Noun
жансыздандыр	Verb
жансыздану	Noun
жансыздық	Noun
жантай	Verb
жантайт	Verb
жанталас	Noun
жанталаса	Adjective
жанталаса	Adverb
жантану	Noun
жантапсыр	Verb
жану	Noun
жануар	Noun
жануартану	Noun
жанш	Verb
жаншы	Verb
жанында	Adverb
жанышта	Verb
жанығыш	Noun
жаныңқыра	Verb
жанған	Adjective
жанғыш	Adjective
жанғыштылық	Noun
жанқалта	Noun
жанқиярлық	Adjective
жанұя	Noun
жап	Verb
жапа	Noun
жапалақ	Noun
жапан	Adjective
жапан	Noun
жапон	Adjective
жапон	Noun
жапондық	Adjective
жапондық	Noun
жаппа	Noun
жаппай	Adjective
жаппай	Adverb
жапсарлас	Adjective
жапсарыл	Verb
жапсыр	Verb
жапсырма	Noun
жапсырмалы	Adjective
жапсырт	Verb
жапсырушы	Noun
жапсырыл	Verb
жапыр	Verb
жапырақ	Noun
жапырақсыздану	Noun
жапырақты	Adjective
жапырақша	Noun
жапырақшалы	Adjective
жапқыш	Noun
жар	Noun
жар	Verb
жара	Noun
жара	Verb
жарал	Verb
жарала	Verb
жаралан	Verb
жараландыр	Verb
жаралану	Noun
жаралы	Adjective
жаралған	Noun
жарамайтын	Adjective
жарамды	Adjective
жарамдылық	Noun
жарамдық	Noun
жарамсақ	Noun
жарамсақтанушылық	Noun
жарамсыз	Adjective
жарамсыздан	Verb
жарамсыздық	Noun
жарас	Verb
жарасатындай	Adjective
жарастық	Noun
жарасу	Noun
жарасымды	Adjective
жарасымсыз	Adjective
жарат	Verb
жаратпа	Verb
жаратпаушылық	Noun
жаратушы	Noun
жаратыл	Verb
жаратылыс	Noun
жаратылыстану	Noun
жаратылыстанушы	Noun
жаратылыстық	Noun
жаратын	Adjective
жарақ	Noun
жарақат	Noun
жарақатта	Verb
жарақаттан	Verb
жарақаттану	Noun
жарақтандыр	Verb
жарақты	Adjective
жаргон	Noun
жария	Noun
жарияла	Verb
жариялама	Noun
жарияланбаған	Adjective
жарияланым	Noun
жариялау	Noun
жариялылық	Noun
жариялым	Noun
жарлы	Adjective
жарлы	Noun
жарлылық	Noun
жарлық	Noun
жарлықты	Adjective
жарлықшыл	Adjective
жарма	Noun
жармалағыш	Noun
жармас	Verb
жармасу	Noun
жармасы	Verb
жарна	Noun
жарнакіріс	Noun
жарналық	Noun
жарнама	Noun
жарнамала	Verb
жарнамалық	Adjective
жартас	Noun
жартасты	Adjective
жартастылық	Noun
жарты	Adverb
жарты	Noun
жартыжылдық	Adjective
жартыкеш	Adjective
жартылай	Adverb
жартымсыз	Adjective
жартысфералық	Adjective
жартытон	Noun
жару	Noun
жарушы	Noun
жаршы	Noun
жарыл	Verb
жарылу	Noun
жарылыс	Noun
жарылғыш	Adjective
жарылқа	Verb
жарылқайтын	Adjective
жарылқаушы	Noun
жарылқаушылық	Noun
жарым	Noun
жарымес	Adjective
жарыместік	Noun
жарымжан	Noun
жарымжандандыр	Verb
жарымжандық	Noun
жарып	Adverb
жарыс	Noun
жарыс	Verb
жарыссөз	Noun
жарысушы	Noun
жарыт	Verb
жарытымды	Adjective
жарытымды	Adverb
жарытымсыз	Adjective
жарық	Adjective
жарық	Noun
жарықгүл	Noun
жарықтан	Verb
жарықтандыр	Adjective
жарықтандыр	Verb
жарықтандыратын	Adjective
жарықтылық	Noun
жарықтық	Noun
жарықшақ	Noun
жарықшақтан	Verb
жарғанат	Noun
жарғақ	Noun
жарғақша	Noun
жарғы	Noun
жарғылық	Adjective
жарғыш	Adjective
жарғыш	Noun
жарқ	Noun
жарқыл	Adjective
жарқыл	Noun
жарқыл	Verb
жарқылда	Verb
жарқылдақ	Adjective
жарқылдақ	Noun
жарқын	Adjective
жарқыншақ	Noun
жарқыра	Verb
жарқырай	Adverb
жарқырау	Noun
жас	Adjective
жас	Adverb
жас	Noun
жаса	Verb
жасал	Verb
жасалын	Verb
жасампаз	Adjective
жасампаздық	Noun
жасан	Verb
жасанды	Adjective
жасанды	Adverb
жасанды	Noun
жасандылық	Noun
жасандыр	Verb
жасар	Verb
жасат	Verb
жасау	Noun
жасаушы	Adjective
жасаушы	Noun
жасақ	Noun
жасақта	Verb
жасақтаушы	Noun
жасақшы	Noun
жаста	Verb
жастайынан	Adverb
жастанған	Adjective
жастар	Adjective
жастас	Noun
жастық	Noun
жасуша	Noun
жасушалық	Adjective
жасушаішілік	Adjective
жасы	Verb
жасыл	Adjective
жасылдан	Verb
жасылдандыру	Noun
жасымық	Noun
жасымықша	Noun
жасыр	Verb
жасырма	Verb
жасырт	Verb
жасырушылық	Noun
жасырын	Adjective
жасырын	Adverb
жасырын	Noun
жасырын	Verb
жасырындылық	Noun
жасырындық	Noun
жасырыну	Noun
жасық	Adjective
жасықтық	Noun
жасқан	Verb
жасқандыр	Verb
жасқаншақ	Adjective
жасқаншақтық	Noun
жасөспірім	Adjective
жасөспірім	Noun
жат	Adjective
жат	Noun
жат	Verb
жатақ	Noun
жатақхана	Noun
жатжерлік	Adjective
жатжұрттық	Noun
жатсын	Verb
жатта	Verb
жаттанды	Adjective
жаттығу	Noun
жаттық	Verb
жаттықтыр	Verb
жаттықтыратын	Adjective
жаттықтырушы	Noun
жатын	Noun
жатыпішер	Noun
жатыр	Adjective
жатырқа	Verb
жатырқамайтын	Adjective
жатырқағыш	Adjective
жатық	Adjective
жатықтық	Noun
жатқыз	Verb
жатқызыл	Verb
жау	Noun
жау	Verb
жауап	Adjective
жауап	Noun
жауапкер	Adjective
жауапкер	Noun
жауапкерлікпен	Adverb
жауапкерсіз	Adjective
жауапкерсіздік	Noun
жауапкершілік	Noun
жауапкершіліксіз	Adverb
жауапсыз	Adjective
жауапсыздық	Noun
жауапты	Adjective
жаугер	Adverb
жаугер	Noun
жаугершілік	Noun
жаудыр	Verb
жаужүрек	Adjective
жаула	Verb
жаулас	Verb
жауластыр	Verb
жаулық	Noun
жаура	Verb
жаурауық	Noun
жаурын	Noun
жауыз	Adjective
жауыз	Noun
жауыздан	Verb
жауыздық	Noun
жауын	Noun
жауынгер	Noun
жауынды	Adjective
жауырын	Noun
жауырынды	Adjective
жаюшы	Noun
жаядай	Adjective
жаядай	Adverb
жаялық	Noun
жаяу	Adjective
жаяу	Adverb
жаяу	Noun
жаяула	Verb
жаға	Noun
жағадан	Noun
жағажай	Noun
жағажайлық	Adjective
жағала	Verb
жағалап	Adverb
жағалас	Verb
жағалау	Noun
жағалаулық	Adjective
жағалтай	Noun
жағалы	Adjective
жағалық	Adjective
жағармай	Noun
жағдай	Noun
жағдайлық	Adjective
жағдайсыз	Adjective
жағдаят	Noun
жағрафия	Noun
жағрафиялық	Adjective
жағушы	Noun
жағыл	Verb
жағым	Noun
жағымды	Adjective
жағымды	Adverb
жағымпаз	Adjective
жағымпаздан	Verb
жағымпаздық	Noun
жағымсыз	Adjective
жағын	Verb
жақ	Noun
жақ	Verb
жақпар	Noun
жақсар	Verb
жақсарт	Verb
жақсарту	Noun
жақсартыл	Verb
жақсы	Adjective
жақсы	Adverb
жақсыз	Adjective
жақсыла	Verb
жақсылан	Verb
жақсыландыр	Verb
жақсылық	Noun
жақта	Verb
жақтас	Noun
жақтас	Verb
жақтау	Noun
жақтаушы	Noun
жақтаушылық	Noun
жақтағыш	Noun
жақтыр	Verb
жақтырма	Verb
жақтырмаушылық	Noun
жақтық	Adjective
жақша	Noun
жақын	Adjective
жақын	Adverb
жақын	Noun
жақында	Adverb
жақында	Verb
жақындап	Adverb
жақындас	Verb
жақындастыр	Verb
жақындат	Verb
жақындау	Adjective
жақындау	Adverb
жақындағы	Adjective
жақындық	Noun
жаққыш	Noun
жаңа	Adjective
жаңадан	Adverb
жаңала	Verb
жаңалан	Verb
жаңалау	Noun
жаңалық	Noun
жаңар	Verb
жаңарт	Verb
жаңартпа	Noun
жаңарту	Noun
жаңартушы	Noun
жаңартыл	Verb
жаңартылмалы	Adjective
жаңаша	Adverb
жаңаша	Noun
жаңашыл	Adjective
жаңбыр	Noun
жаңбырлы	Adjective
жаңсақ	Adjective
жаңсақтық	Noun
жаңыл	Verb
жаңылтпаш	Noun
жаңылыс	Adjective
жаңылыс	Noun
жаңылыс	Verb
жаңылыстырған	Adjective
жаңғалақ	Noun
жаңғалақтық	Noun
жаңғақ	Noun
жаңғақтар	Noun
жаңғырла	Verb
жаңғырт	Verb
жаңғыртушылық	Noun
жаңғыртқыш	Noun
жаңғырық	Noun
жаңғырықсыз	Adjective
жаңғырықтыру	Noun
жаңқа	Noun
жаһан	Noun
жаһандану	Noun
жаһандық	Adjective
жаһанкез	Noun
же	Verb
жебе	Noun
жебеуші	Noun
жебір	Adjective
жебірейіл	Noun
жегу	Noun
жегі	Noun
жегіз	Verb
жегіш	Adjective
жедел	Adjective
жеделден	Verb
жеделдет	Verb
жеделдетілген	Adjective
жеделдік	Noun
жеделсаты	Noun
жеделхат	Noun
жез	Noun
жезде	Noun
жезді	Adjective
жезл	Noun
жезөкше	Noun
жезөкшеле	Verb
жезөкшелік	Noun
жейде	Noun
жейтін	Adjective
жек	Verb
жеке	Adverb
жеке	Noun
жекежай	Noun
жекеле	Verb
жекелену	Noun
жекелеп	Noun
жекеменшік	Noun
жекеше	Adjective
жекешелендір	Verb
жекешелендіру	Noun
жекешілдік	Noun
жекжат	Noun
жексенбі	Noun
жексұрын	Adjective
жексұрын	Noun
жексұрынды	Adverb
жектір	Verb
жекір	Verb
жел	Noun
жел	Verb
желайдар	Noun
желатинді	Adjective
желбағар	Noun
желбезек	Noun
желбіре	Verb
желгіш	Adjective
желдену	Noun
желдет	Verb
желдеткіш	Noun
желдету	Noun
желді	Adjective
желді	Adverb
желдірт	Verb
желек	Noun
желекжол	Noun
желетка	Noun
желетке	Noun
желеу	Noun
желке	Noun
желкелік	Adjective
желкен	Noun
желкенді	Adjective
желп	Verb
желпеуіш	Noun
желпуіш	Noun
желпіл	Noun
желпілде	Verb
желпілдек	Adjective
желпініс	Noun
желтоқсан	Noun
желі	Noun
желік	Noun
желікпелік	Noun
желіктір	Verb
желіктіруші	Adjective
желілік	Adjective
желім	Noun
желімде	Verb
желімдел	Verb
желімделген	Adjective
желімделу	Noun
желімді	Adjective
желімдік	Noun
желінбейтін	Adjective
желінде	Verb
желінсау	Noun
желіс	Noun
желіс	Verb
желқабаз	Adverb
желқума	Noun
жем	Noun
жемде	Verb
жемсау	Noun
жемсаулы	Adjective
жемтік	Noun
жемшөп	Noun
жеміс	Noun
жеміссабақ	Noun
жеміссіз	Adverb
жеміссіздік	Noun
жемісті	Adjective
жемістілік	Noun
жемқор	Noun
жемқорлық	Noun
жендет	Noun
жентек	Noun
жер	Noun
жер	Verb
жерасты	Adjective
жерастылық	Adjective
жергілікті	Adverb
жергілікті	Noun
жеребе	Noun
жержаңғақ	Noun
жеркен	Verb
жеркеншек	Adjective
жеркеншектік	Noun
жеркеніш	Noun
жеркенішті	Adjective
жеркенішті	Noun
жеркепе	Noun
жерле	Verb
жерлен	Verb
жерлес	Noun
жерлестік	Noun
жерлеу	Noun
жерлік	Adjective
жерорталық	Adjective
жерсіздік	Noun
жерсін	Verb
жерсіндіру	Noun
жерсіну	Noun
жертезек	Noun
жершөп	Noun
жерік	Noun
жерқойма	Noun
жесір	Noun
жесірлік	Noun
жет	Verb
жетек	Noun
жетекте	Verb
жетектеген	Adjective
жетекші	Adjective
жетекші	Noun
жетекшілік	Noun
жетеле	Verb
жетерлік	Adjective
жетесіз	Adjective
жеткіз	Verb
жеткізу	Noun
жеткізуші	Noun
жеткізілім	Noun
жеткіліксіз	Adjective
жеткіліксіз	Adverb
жеткіліксіздік	Noun
жеткілікті	Adjective
жеткілікті	Adverb
жеткіншек	Noun
жетон	Noun
жетпейтін	Adjective
жетпістер	Noun
жетіген	Noun
жетік	Adjective
жетіл	Verb
жетілген	Adjective
жетілгендік	Noun
жетілдір	Verb
жетілдіргіш	Noun
жетілдіру	Noun
жетілмеген	Adjective
жетілмегендік	Noun
жетілу	Noun
жетілік	Noun
жетім	Noun
жетімді	Adjective
жетімдік	Noun
жетімділік	Noun
жетімсіз	Adjective
жетімсіз	Adverb
жетімсіре	Verb
жетімхана	Noun
жетіс	Verb
жетіскендік	Noun
жетіспеушілік	Noun
жетістік	Noun
жең	Noun
жең	Verb
жеңгей	Noun
жеңгетай	Noun
жеңгетайлық	Noun
жеңді	Adjective
жеңдір	Verb
жеңеше	Noun
жеңешетай	Noun
жеңсік	Noun
жеңіл	Adjective
жеңіл	Adverb
жеңіл	Verb
жеңілгедік	Noun
жеңілген	Adjective
жеңілгендік	Noun
жеңілде	Verb
жеңілдет	Verb
жеңілдететін	Adjective
жеңілдететін	Noun
жеңілдету	Noun
жеңілдік	Noun
жеңілдікті	Adjective
жеңілмейтін	Adjective
жеңілтек	Adjective
жеңілтек	Adverb
жеңілтектік	Noun
жеңіліс	Noun
жеңімпаз	Adjective
жеңімпаз	Noun
жеңімпаздық	Adjective
жеңіс	Noun
жи	Verb
жигули	Noun
жиде	Noun
жидек	Noun
жидіт	Verb
жидітілген	Adjective
жиек	Noun
жиекте	Verb
жиектеу	Noun
жиекті	Adjective
жиен	Noun
жиеншар	Noun
жилет	Noun
жина	Verb
жинал	Verb
жиналмалы	Adjective
жиналу	Noun
жиналым	Noun
жиналыс	Noun
жиналыс	Verb
жинамалы	Adjective
жинастыр	Verb
жинау	Noun
жинаушы	Noun
жинақ	Noun
жинақсыздық	Noun
жинақта	Verb
жинақтал	Verb
жинақталым	Noun
жинақтама	Noun
жинақтау	Noun
жинақтаушы	Noun
жинақтылық	Noun
жинақтық	Adjective
жинақы	Adjective
жинақы	Adverb
жинақылық	Noun
жирен	Adjective
жирен	Verb
жиренішті	Adjective
жиробанк	Noun
жиыл	Verb
жиылыс	Noun
жиым	Noun
жиын	Noun
жиынтық	Adjective
жиынтық	Noun
жиынтықтау	Noun
жиынтықты	Adjective
жиынтықтылау	Noun
жиырылғыш	Adjective
жиыстыр	Verb
жиюсыз	Adjective
жиі	Adjective
жиі	Adverb
жиілдет	Verb
жиіле	Verb
жиілен	Verb
жиілет	Verb
жиілік	Noun
жиілілік	Noun
жиіркен	Verb
жиіркендір	Verb
жиіркеніш	Noun
жиіркенішті	Adjective
жиіркенішті	Adverb
жиһад	Noun
жиһаз	Noun
жиһазшы	Noun
жиһан	Noun
жиһангер	Noun
жоба	Noun
жобала	Verb
жобалан	Verb
жобалау	Noun
жобалаушы	Noun
жобалы	Adjective
жой	Verb
жойдыр	Verb
жойыл	Verb
жойылмаушылық	Noun
жойылу	Noun
жойылған	Adjective
жойғыздыр	Verb
жойғыш	Noun
жойқын	Adjective
жол	Adjective
жол	Noun
жола	Verb
жолама	Verb
жолаушы	Adjective
жолаушы	Noun
жолаушыла	Verb
жолаяқ	Noun
жолақ	Noun
жолақта	Verb
жолбарыс	Noun
жолбасшы	Noun
жолбасшылық	Noun
жолда	Adverb
жолда	Verb
жолдама	Adjective
жолдама	Noun
жолдас	Adjective
жолдас	Noun
жолдау	Noun
жолдаухат	Noun
жолдорба	Noun
жолжелкен	Noun
жолнұсқа	Noun
жолсерік	Noun
жолсыз	Adjective
жолсыздық	Noun
жолсілтеме	Noun
жолшы	Noun
жолшыбай	Adverb
жолығыс	Verb
жолық	Verb
жомарт	Adjective
жомарттанып	Adverb
жомарттық	Noun
жон	Adjective
жон	Noun
жон	Verb
жонглер	Noun
жонушы	Noun
жонылған	Adjective
жонғыш	Adjective
жонғыш	Noun
жор	Verb
жорамал	Noun
жорамалда	Verb
жортақта	Verb
жорушы	Noun
жоры	Verb
жорық	Noun
жорға	Noun
жорғала	Verb
жорғалаушы	Noun
жорғалық	Noun
жорғаторғай	Noun
жоса	Noun
жоспар	Noun
жоспарла	Verb
жоспарлама	Noun
жоспарлан	Verb
жоспарлау	Noun
жоспарлаушы	Noun
жоспарлы	Adjective
жоспарлылық	Noun
жоспарсыз	Adjective
жоспарсыздық	Noun
жоспаршы	Noun
жосу	Noun
жосын	Noun
жосық	Noun
жота	Noun
жоталы	Adjective
жою	Noun
жоғал	Verb
жоғалт	Verb
жоғалту	Noun
жоғалған	Adjective
жоғарлат	Verb
жоғары	Adjective
жоғары	Adverb
жоғарыдан	Adverb
жоғарыла	Verb
жоғарылат	Verb
жоғарылату	Noun
жоғарылық	Noun
жоғарғы	Noun
жоқта	Verb
жоқталған	Adjective
жоқтат	Verb
жоқтық	Noun
жоқшылық	Noun
жоңышқа	Noun
жоңышқабас	Noun
жоңғыш	Adjective
жу	Verb
жуан	Adjective
жуандық	Noun
жуас	Noun
жуассымақ	Noun
жуастық	Noun
жуасу	Noun
жуашық	Noun
журнал	Noun
журналист	Noun
журналистика	Noun
журналисттік	Adjective
жусан	Noun
жусанды	Adjective
жусат	Verb
жуу	Noun
жуушы	Noun
жуы	Verb
жуын	Verb
жуындыр	Verb
жуырда	Adverb
жуық	Adjective
жуықта	Verb
жуықтау	Noun
жуықтық	Noun
жуғыз	Verb
жуғыш	Adjective
жуғыш	Noun
жыбыр	Noun
жыбырлат	Verb
жый	Verb
жыл	Noun
жыла	Verb
жылан	Noun
жыланқияқ	Noun
жылауық	Adjective
жылауық	Noun
жылбысқы	Noun
жылбұрыш	Noun
жылдам	Adjective
жылдам	Adverb
жылдамдату	Noun
жылдамдық	Noun
жылдық	Noun
жылж	Verb
жылжу	Noun
жылжы	Verb
жылжыма	Noun
жылжымайтын	Adjective
жылжымалы	Adjective
жылжымалы	Noun
жылжыт	Verb
жылжытқыш	Noun
жылжыған	Adjective
жылжығыштық	Noun
жылмаң	Adjective
жылнама	Noun
жылнамалық	Noun
жылнамашы	Noun
жылпос	Noun
жылпостық	Noun
жылтыр	Adjective
жылтыра	Verb
жылтырат	Verb
жылтырауық	Adjective
жылтырауық	Noun
жылтыраған	Adjective
жылтырақ	Adjective
жылтырақтап	Adverb
жылу	Noun
жылы	Adjective
жылы	Adverb
жылыжай	Noun
жылылық	Noun
жылымық	Noun
жылын	Verb
жылыстату	Noun
жылыстау	Noun
жылыт	Verb
жылыту	Noun
жылытқыш	Noun
жылға	Noun
жылқы	Noun
жылқышы	Noun
жым	Adverb
жым	Noun
жыми	Verb
жымиыс	Verb
жымию	Noun
жымыр	Verb
жымыңда	Verb
жымқыр	Verb
жын	Noun
жындандыр	Verb
жынданған	Adjective
жындаған	Adjective
жынды	Adjective
жындылық	Noun
жыныс	Adjective
жыныс	Noun
жыныссыз	Adjective
жыныссыздық	Noun
жыпылықта	Verb
жыпылықтат	Verb
жыр	Noun
жыра	Noun
жырау	Noun
жырла	Verb
жырт	Verb
жырту	Noun
жыртыл	Verb
жыртылатын	Adjective
жыртық	Adjective
жыртық	Noun
жыртқыш	Adjective
жыртқыш	Noun
жыртқыштық	Noun
жыршы	Noun
жырыл	Verb
жырық	Adjective
жығыл	Verb
жық	Verb
жыңғыл	Noun
жібек	Adjective
жібек	Noun
жібер	Verb
жіберме	Verb
жіберу	Noun
жіберуші	Noun
жіберіл	Verb
жіберілген	Adjective
жіберілмейтін	Adjective
жібі	Verb
жібіт	Verb
жігер	Noun
жігерлен	Verb
жігерлендір	Verb
жігерлілік	Noun
жігерсіз	Adjective
жігерсіз	Noun
жігерсіздік	Noun
жігіт	Noun
жігіттік	Noun
жік	Noun
жікте	Verb
жіктел	Verb
жіктеуші	Noun
жіктеуіш	Noun
жікшілдік	Noun
жілік	Noun
жіліншік	Noun
жінік	Verb
жіп	Noun
жіп	Verb
жіпше	Noun
жіті	Adjective
жіті	Adverb
жітілік	Noun
жіңішке	Adjective
жіңішке	Adverb
жіңішкелік	Noun
жіңішкер	Verb
жіңішкерт	Verb
жіңішкеру	Noun
жүген	Noun
жүгенде	Verb
жүгенсіз	Adjective
жүгенсізден	Verb
жүгенсіздік	Noun
жүгерлі	Adjective
жүгері	Noun
жүгін	Verb
жүгір	Verb
жүгіргіш	Noun
жүгіргіште	Verb
жүгіре	Adverb
жүгірт	Verb
жүгірткі	Noun
жүгіріс	Noun
жүгіріс	Verb
жүде	Verb
жүдететін	Adjective
жүдеу	Adjective
жүдеулік	Noun
жүдеушілік	Noun
жүз	Noun
жүз	Verb
жүзгіш	Noun
жүздік	Noun
жүзе	Noun
жүзетін	Adjective
жүзжылдық	Adjective
жүзу	Noun
жүзуші	Noun
жүзік	Noun
жүзім	Noun
жүзімдік	Noun
жүзімші	Noun
жүйе	Noun
жүйек	Noun
жүйелеу	Noun
жүйелі	Adjective
жүйелі	Adverb
жүйелік	Adjective
жүйелілік	Noun
жүйесіз	Adjective
жүйесіздік	Noun
жүйке	Noun
жүйкелену	Noun
жүйкелі	Adjective
жүйкелі	Adverb
жүйкетамыр	Noun
жүйрік	Adjective
жүйрік	Noun
жүйріктік	Noun
жүк	Adjective
жүк	Noun
жүкарба	Noun
жүксалғыш	Noun
жүкте	Verb
жүктелген	Adjective
жүктелетін	Adjective
жүктеме	Noun
жүктеу	Noun
жүктеушілік	Noun
жүкті	Noun
жүктілік	Noun
жүкші	Noun
жүкшілік	Noun
жүкқұжат	Noun
жүлде	Noun
жүлдегер	Noun
жүлделі	Adjective
жүн	Noun
жүнде	Verb
жүнді	Adjective
жүп	Noun
жүр	Verb
жүргіз	Verb
жүргізгіш	Noun
жүргізуші	Noun
жүргізіл	Verb
жүргінші	Noun
жүргіш	Noun
жүрдек	Adjective
жүрек	Noun
жүрексіз	Adjective
жүрексіздік	Noun
жүрексін	Verb
жүректі	Adjective
жүректі	Noun
жүректік	Adjective
жүректілік	Noun
жүреле	Verb
жүрерлік	Noun
жүру	Noun
жүріс	Noun
жұбай	Noun
жұбайлық	Adjective
жұбайлық	Noun
жұбайы	Noun
жұбан	Verb
жұбандыр	Verb
жұбаныш	Noun
жұбат	Verb
жұбатушы	Noun
жұдырық	Noun
жұдырықта	Verb
жұл	Verb
жұлдыз	Noun
жұлдызаралық	Adjective
жұлдызды	Adjective
жұлдызнама	Noun
жұлдызша	Noun
жұлдыр	Verb
жұлымыр	Noun
жұлыс	Verb
жұлқ	Verb
жұлқы	Verb
жұлқыла	Verb
жұлқылан	Verb
жұлқылас	Verb
жұлқын	Verb
жұм	Verb
жұма	Noun
жұмалық	Adjective
жұмарла	Verb
жұмақ	Noun
жұмбақ	Noun
жұмбақты	Adjective
жұмбақшы	Noun
жұмса	Verb
жұмсалатын	Adjective
жұмсалым	Noun
жұмсартатын	Adjective
жұмсартқыш	Noun
жұмсау	Noun
жұмсақ	Adjective
жұмсақ	Adverb
жұмсақтық	Noun
жұмыл	Verb
жұмылдыр	Verb
жұмылдыру	Noun
жұмыр	Adjective
жұмырлан	Verb
жұмыртқа	Noun
жұмыртқала	Verb
жұмыртқалағыштық	Noun
жұмыртқалы	Adjective
жұмыртқаментірітуушы	Adjective
жұмыртқатасушы	Adjective
жұмыс	Noun
жұмысбастылық	Noun
жұмыскер	Adjective
жұмыскер	Noun
жұмыссыз	Adjective
жұмыссыздық	Noun
жұмыста	Verb
жұмысшы	Adjective
жұмысшы	Noun
жұп	Noun
жұпар	Noun
жұпта	Verb
жұрағат	Noun
жұрнақ	Noun
жұрт	Noun
жұрттық	Adjective
жұртшы	Noun
жұртшылық	Noun
жұрын	Noun
жұрында	Verb
жұт	Noun
жұт	Verb
жұта	Verb
жұтатын	Adjective
жұтаң	Adjective
жұтаңдық	Noun
жұту	Noun
жұтылу	Noun
жұтым	Noun
жұтқыз	Verb
жұтқыншақ	Noun
жұтқыш	Noun
жұғымды	Adjective
жұғымдылық	Noun
жұғын	Noun
жұғыс	Verb
жұқ	Verb
жұқа	Adjective
жұқалық	Noun
жұқпалы	Adjective
жұқтыр	Verb
жұқтырушы	Noun
жұққыш	Adjective
жұққыштық	Noun
жәбір	Noun
жәбірле	Verb
жәбірлен	Verb
жәбірленуші	Noun
жәбірлеу	Noun
жәбірлеуші	Noun
жәбірлік	Noun
жәдігер	Noun
жәдігөйлік	Noun
жәй	Adverb
жәйт	Noun
жәндік	Noun
жәндіккоректі	Adjective
жәндіккоректілер	Noun
жәннат	Noun
жәрдем	Noun
жәрдемақы	Noun
жәрдемдес	Verb
жәрдемсіздік	Noun
жәрдемші	Adjective
жәрдемші	Noun
жәрмеңке	Noun
жәукемде	Verb
жәшік	Noun
жөке	Noun
жөн	Adjective
жөн	Noun
жөнде	Verb
жөндейтін	Adjective
жөндел	Verb
жөндеу	Noun
жөндеулі	Adjective
жөндеуші	Noun
жөнді	Adjective
жөнділік	Noun
жөнел	Verb
жөнелт	Verb
жөнелту	Noun
жөнелтуші	Noun
жөнсіз	Adjective
жөнсіздік	Noun
жөргек	Noun
жөргекте	Verb
жөтел	Noun
жөтел	Verb
жөтеліс	Noun
жөткер	Verb
жөткерін	Verb
завод	Noun
зада	Noun
займ	Noun
зайып	Noun
зайыпты	Adjective
зайыптылық	Noun
зайыр	Adjective
зайырлы	Adjective
заказ	Noun
закон	Noun
зал	Noun
залал	Noun
залалды	Adjective
залалсыздандыр	Verb
залым	Adjective
залым	Noun
залымдық	Noun
заман	Noun
замана	Noun
заманауи	Adjective
замандас	Adjective
замандас	Noun
заманғы	Adjective
замат	Noun
замға	Verb
занавес	Noun
занзабіл	Noun
запас	Noun
зар	Noun
зарар	Noun
зарарлылық	Noun
зарарсыз	Adjective
зарарсыздандыру	Noun
зарб	Noun
зардап	Noun
зарлан	Verb
зарлы	Adjective
зарлылық	Noun
зарық	Verb
заряд	Noun
зарядта	Verb
застава	Noun
зат	Noun
заттандыру	Noun
заттану	Noun
заттанған	Adjective
заттаңба	Noun
заттық	Adjective
зауалсыздық	Noun
заулат	Verb
зауыт	Noun
зауық	Noun
зауықсыз	Adverb
зауықтан	Verb
зауықты	Adjective
зағыптан	Verb
зағыпыран	Noun
зақым	Noun
зақымда	Verb
зақымдалу	Noun
зақымдан	Verb
зақымданған	Noun
заң	Noun
заңгер	Noun
заңдастыру	Noun
заңды	Adjective
заңды	Adverb
заңды	Noun
заңдылық	Noun
заңдық	Noun
заңнама	Noun
заңнамалық	Adjective
заңсыздық	Noun
заңтану	Noun
заңтанулық	Adjective
заңшы	Noun
заңшылық	Noun
заңшығарушы	Adjective
заңқой	Noun
звеношы	Noun
звондаушы	Noun
зебра	Noun
зейнет	Noun
зейнетақы	Noun
зейнетақылық	Adjective
зейнеткер	Noun
зейнеткерлік	Adjective
зейін	Noun
зейінді	Adjective
зейінділік	Noun
зейінсіз	Adjective
зейінсіздік	Noun
зек	Verb
зекет	Noun
зельц	Noun
зембил	Noun
зембіл	Noun
земство	Noun
зенитті	Adjective
зениттік	Adjective
зер	Noun
зергер	Noun
зергерлік	Noun
зерде	Noun
зерделе	Verb
зерделі	Adverb
зердесіздік	Noun
зерек	Adjective
зерек	Noun
зеректік	Noun
зертте	Verb
зерттелетін	Adjective
зерттелмеген	Adjective
зерттеме	Noun
зерттеу	Noun
зерттеулі	Adjective
зерттеуші	Noun
зертхана	Noun
зертханалық	Noun
зерігу	Noun
зерік	Verb
зең	Noun
зеңбірек	Noun
зеңбірекші	Noun
зеңгір	Adjective
зигота	Noun
зинақорлық	Noun
зират	Noun
зире	Noun
зиялы	Adjective
зиялылар	Noun
зиян	Noun
зиянды	Adjective
зияндылық	Noun
зиянкес	Noun
зиянкестік	Noun
зиянсыз	Adjective
зиянсыздандыр	Verb
зияпат	Noun
зияткерлік	Adjective
зияткерлік	Noun
значок	Noun
зоб	Noun
зобалаң	Noun
зодиак	Noun
зомби	Noun
зомбылық	Noun
зона	Noun
зоналық	Adjective
зоналық	Noun
зонд	Noun
зоо	Noun
зообақ	Noun
зооветеринарлық	Adjective
зоогеография	Noun
зоогеографиялық	Adjective
зоолог	Noun
зоология	Noun
зоологиялық	Adjective
зооморфизм	Noun
зоопалеонтология	Noun
зоопатология	Noun
зоопсихология	Noun
зоотехник	Noun
зоофилия	Noun
зор	Adjective
зор	Noun
зорайтқыш	Noun
зорла	Verb
зорлан	Verb
зорлау	Noun
зорлаушы	Noun
зорлық	Noun
зорлықшыл	Noun
зороастризм	Noun
зороастрлық	Adjective
зорға	Adverb
зула	Verb
зум	Noun
зуммер	Noun
зумпф	Noun
зурна	Noun
зуыл	Noun
зуылда	Verb
зымиян	Noun
зымыра	Verb
зымыран	Noun
зымыраншы	Noun
зындан	Noun
зырылда	Verb
зырылдауық	Noun
зырқылда	Verb
зығыр	Noun
зығыршылық	Noun
зікір	Noun
зіл	Noun
зілзала	Noun
зілсіз	Adjective
зімбір	Noun
зүбәржат	Noun
зүмірет	Noun
зұлмат	Noun
зұлым	Adjective
зұлым	Noun
зұлымдық	Noun
зәбір	Noun
зәбірле	Verb
зәйтүн	Noun
зәр	Noun
зәру	Noun
зәрушілік	Noun
зәузат	Noun
зәулім	Adjective
зәулім	Adverb
и	Verb
иба	Noun
ибасыз	Adjective
ибасыздық	Noun
иберийлік	Adjective
ибн	Noun
ибупрофен	Noun
иврит	Noun
ивриттік	Adjective
игер	Verb
игерушілік	Noun
игеріл	Verb
игумения	Noun
игі	Adjective
игі	Noun
игілік	Noun
игілікті	Adjective
идеал	Noun
идеалды	Adjective
идеализация	Noun
идеализм	Noun
идеалист	Noun
идеалистік	Adjective
идемпотентті	Adjective
идентификатор	Noun
идентификация	Noun
идентификацияла	Verb
идеография	Noun
идеолог	Noun
идеология	Noun
идеологиялық	Adjective
идефикс	Noun
идея	Noun
идеялы	Adjective
идеялылық	Noun
идеялық	Adjective
идеясыз	Adjective
идиллия	Noun
идиографикалық	Adjective
идиолект	Noun
идиома	Noun
идиоматикалық	Adjective
идиоморфты	Adjective
идиосинкразикалық	Adjective
идиосинкразия	Noun
ие	Noun
иегер	Noun
иезуитшілдік	Noun
иек	Noun
иекте	Verb
иелен	Verb
иеленетін	Adjective
иеленуші	Noun
иеленушілік	Noun
иелестік	Noun
иелік	Noun
иемден	Verb
иемдену	Noun
иен	Adjective
иен	Noun
иерархия	Noun
иерархиялық	Adjective
иероглиф	Noun
иероглифті	Adjective
иесымақ	Noun
иесіздендір	Verb
иесіздік	Noun
иеқұжат	Noun
изафет	Noun
изе	Verb
изен	Noun
изобар	Noun
изобаралық	Adjective
изобатикалық	Adjective
изогамия	Noun
изогет	Noun
изогиета	Noun
изогипс	Noun
изоглосс	Noun
изогон	Noun
изогоникалық	Adjective
изоклинді	Adjective
изоклиникалық	Adjective
изолятор	Noun
изоляциондық	Adjective
изоляционизм	Noun
изомер	Noun
изомерия	Noun
изометрия	Noun
изометриялық	Adjective
изоморфизм	Noun
изоморфты	Adjective
изоплет	Noun
изосейсмикалық	Adjective
изосиллабизм	Noun
изостазия	Noun
изосызық	Noun
изотерма	Noun
изотермиялық	Adjective
изотоп	Noun
изотоптық	Adjective
изотроп	Noun
изотропия	Noun
изотропты	Adjective
изохронды	Adjective
изохроникалық	Adjective
изоөлшеу	Noun
израильдік	Adjective
икем	Noun
икемде	Verb
икемделу	Noun
икемді	Adjective
икемді	Adverb
икемділік	Noun
икемсіз	Adjective
икемсізденген	Adjective
икемсіздік	Adjective
икемсіздік	Noun
икона	Noun
иконография	Noun
икосаэдр	Noun
илан	Verb
иландыр	Verb
иле	Verb
илеу	Noun
илеуші	Noun
иллювийлік	Noun
иллюминатор	Noun
иллюминация	Noun
иллюстрация	Noun
иллюстрацияла	Verb
имажинизм	Noun
имам	Noun
иман	Noun
имандылық	Noun
имек	Adjective
имен	Verb
именбеушілік	Noun
именушілік	Noun
именшек	Adjective
именшекте	Verb
именшектік	Noun
имитация	Noun
имманенттілік	Noun
иммигрант	Noun
иммиграция	Noun
иммиграциялық	Adjective
иммобилизация	Noun
иммунизация	Noun
иммунитет	Noun
иммуноглобулин	Noun
иммунодефицит	Noun
иммунолог	Noun
иммунология	Noun
иммунологиялық	Adjective
иммуносупрессия	Noun
иммунотерапия	Noun
импеданс	Noun
императив	Noun
императивтік	Adjective
император	Noun
императорлық	Adjective
империализм	Noun
империалист	Adjective
империалист	Noun
империя	Noun
империялық	Adjective
имперфект	Noun
импичмент	Noun
имплантация	Noun
импорт	Noun
импортта	Verb
импорттаушы	Noun
импорттық	Adjective
импрессионизм	Noun
импрессионизші	Noun
импровизация	Noun
импровизацияла	Verb
импульс	Noun
импульсивті	Adjective
импульстік	Adjective
инабатты	Adverb
инабаттылық	Noun
инаугурация	Noun
инвагинация	Noun
инвазия	Noun
инвалид	Noun
инвариант	Noun
инвентаризация	Noun
инверсия	Noun
инверсиялық	Adjective
инвеститура	Noun
инвестиция	Noun
инвестицияла	Verb
инвестициялық	Adjective
инвестор	Noun
инволюция	Noun
ингалятор	Noun
ингаляция	Noun
ингибиторлық	Adjective
ингредиент	Noun
индекс	Noun
индексация	Noun
индекстеу	Noun
индекстік	Adjective
индетерминизм	Noun
инди	Adjective
индивидуализация	Noun
индивидуализм	Noun
индикатив	Noun
индикатор	Noun
индикация	Noun
индолог	Noun
индонезиялық	Adjective
индоссамент	Noun
индоссант	Noun
индуизм	Noun
индуктивтілік	Noun
индуктор	Noun
индукция	Noun
индукциялық	Adjective
индульгенция	Noun
индустриалды	Adjective
индустриализм	Noun
индустриалық	Adjective
индустрия	Noun
индустрияландыру	Noun
индустриялау	Noun
индустриялық	Adjective
ине	Noun
инелік	Noun
инерция	Noun
инерциялық	Adjective
инеқап	Noun
инжектор	Noun
инженер	Noun
инженерлік	Adjective
инкапсуляция	Noun
инкассалау	Noun
инкассация	Noun
инкассацияла	Verb
инкассо	Noun
инквизиция	Noun
инкорпорация	Noun
инкремент	Noun
инкубатор	Noun
инкубация	Noun
инновация	Noun
инновациялық	Adjective
инокулят	Noun
инсектицид	Noun
инсинуация	Noun
инспектор	Noun
инспекция	Noun
инспирация	Noun
инстанция	Noun
институт	Noun
институционалды	Adjective
институционалдық	Adjective
институционализация	Noun
инстиут	Noun
инструктор	Noun
инструменталист	Noun
инсулин	Noun
инсульт	Noun
инсценировка	Noun
интеграл	Noun
интегратор	Noun
интеграция	Noun
интеграцияланатын	Adjective
интеграциялық	Adjective
интеллектуалды	Adjective
интеллектуалды	Adverb
интеллектуалдық	Adjective
интеллектуализм	Noun
интеллигент	Noun
интеллигенция	Noun
интендант	Noun
интенданттық	Noun
интенционалдық	Noun
интерактивсіздік	Noun
интерактивті	Adjective
интервал	Noun
интервалды	Adjective
интервенция	Noun
интеркоммуникатор	Noun
интерлюдия	Noun
интермедия	Noun
интерн	Noun
интернат	Noun
интернационал	Noun
интернационализация	Noun
интернационализм	Noun
интернет	Noun
интерпелляция	Noun
интерполяция	Noun
интерпретация	Noun
интерфейс	Noun
интерференция	Noun
интерферометр	Noun
интерьер	Noun
интоксикация	Noun
интонация	Noun
интранет	Noun
интроверсия	Noun
интроспективті	Adjective
интубация	Noun
интуитивті	Adverb
интуиция	Noun
инулин	Noun
инфантерия	Noun
инфантилизм	Noun
инфаркт	Noun
инфекция	Noun
инфекциялы	Adjective
инфибуляция	Noun
инфильтрат	Noun
инфильтратта	Verb
инфильтрация	Noun
инфинитив	Noun
инфляция	Noun
инфляциялық	Adjective
инфобокс	Noun
информатика	Noun
информациялық	Adjective
инфрадыбыс	Noun
инфрасәуле	Noun
инфрақызыл	Adjective
инфрақұрылым	Noun
инфузория	Noun
инъекция	Noun
инь	Noun
ион	Noun
ионда	Verb
иондану	Noun
иондық	Adjective
ионизатор	Noun
ионосфера	Noun
ионосфералық	Adjective
иордандық	Adjective
ипотека	Noun
ипохондрия	Noun
ипподром	Noun
иприт	Noun
ирак	Noun
ирактық	Adjective
иран	Noun
ирандық	Adjective
ирек	Adjective
ирек	Noun
иректі	Adjective
ирелең	Adjective
ирелең	Noun
ирелеңде	Verb
иридий	Noun
иридотомия	Noun
ирландиялық	Adjective
иррадиация	Noun
иррационал	Adjective
иррационалды	Adjective
иррационалдылық	Noun
иррационалдық	Adjective
иррационализм	Noun
ислам	Noun
исламдық	Adjective
исламшдық	Adjective
исламшыл	Adjective
исламшылдық	Noun
испан	Adjective
испан	Noun
испандық	Adjective
испанист	Noun
испаниялық	Adjective
исраилдік	Adjective
истерия	Noun
историзм	Noun
ит	Noun
итальяндық	Adjective
итаршы	Noun
итбалық	Noun
ителгі	Noun
итер	Verb
итерациялық	Adjective
итермеле	Verb
итермелейтін	Adjective
итермеші	Noun
итеруші	Noun
итеріл	Verb
итмұрын	Noun
иттрий	Noun
иттікен	Noun
итқызғалдақ	Noun
итқұмар	Noun
иудаизм	Noun
иудейлік	Adjective
ихтиол	Noun
ихтиология	Noun
ишан	Noun
ишара	Noun
ишарат	Noun
ишемия	Noun
ишиас	Noun
иші	Noun
иық	Adjective
иық	Noun
иықағаш	Noun
иігілік	Noun
иіл	Verb
иілгіш	Adjective
иілгіштік	Noun
иілмелі	Adjective
иілімді	Adjective
иіліс	Noun
иін	Noun
иінағаш	Noun
иір	Verb
иірт	Verb
иіріл	Verb
иірім	Noun
иірімжіп	Noun
иіс	Noun
иіске	Verb
иіссу	Noun
иіссіз	Adjective
иістілік	Noun
йога	Noun
йогурт	Noun
йод	Noun
йодид	Noun
йодоформ	Noun
йодталған	Adjective
кабель	Noun
кабельші	Noun
кабина	Noun
кабинет	Noun
кабриолет	Noun
каватина	Noun
каверналы	Adjective
кагат	Noun
кагура	Noun
кадастр	Noun
кадастрлық	Adjective
каденция	Noun
кадет	Noun
кадми	Noun
кадмий	Noun
кадр	Noun
казак	Noun
казеин	Noun
каземат	Noun
казинет	Noun
казино	Noun
казначейлік	Noun
кайзер	Noun
какао	Noun
какофоникалық	Adjective
какофония	Noun
кактус	Noun
каландр	Noun
калейдоскоп	Noun
календарлық	Adjective
калетта	Noun
калибр	Noun
калий	Noun
калифорний	Noun
каллиграфия	Noun
калориметр	Noun
калориметрия	Noun
калорифер	Noun
калория	Noun
калориялы	Adjective
калориялық	Noun
калька	Noun
калькулятор	Noun
калькуляция	Noun
кальций	Noun
кальцийлі	Adjective
кальцит	Noun
камамбер	Noun
камарилья	Noun
камбала	Noun
камбуз	Noun
камера	Noun
камералық	Adjective
камертон	Noun
камикадзе	Noun
камин	Noun
камлот	Noun
каморка	Noun
кампус	Noun
камуфлет	Noun
камфор	Noun
камшат	Noun
канадиан	Noun
канадтық	Adjective
канал	Noun
канализация	Noun
канализациялық	Adjective
канарейка	Noun
канаус	Noun
кандела	Noun
кандидат	Noun
кандидаттық	Adjective
кандидатура	Noun
канистра	Noun
канифоль	Noun
каннибал	Noun
каннибализм	Noun
каноист	Noun
канон	Noun
канондық	Adjective
канонер	Noun
кантата	Noun
кантон	Noun
кантоналдық	Adjective
канцелярлық	Adjective
канцероген	Noun
канцлер	Noun
канцлерлік	Noun
каньон	Noun
каолин	Noun
каолинит	Noun
капелла	Noun
капеллан	Noun
капелька	Noun
каперс	Noun
капилляр	Noun
капитал	Noun
капиталдандыру	Noun
капиталдық	Adjective
капитализм	Noun
капиталист	Noun
капиталистік	Adjective
капитан	Noun
капитулянт	Noun
капитуляция	Noun
капитуляцияла	Verb
капор	Noun
капот	Noun
капрон	Noun
капсид	Noun
капсида	Noun
капсомер	Noun
капсула	Noun
каптерка	Noun
капюшон	Noun
карамельді	Adjective
карантин	Noun
карат	Noun
каратэ	Noun
карбид	Noun
карбонат	Noun
карбонатизация	Noun
карбонды	Adjective
карбонит	Noun
карборунд	Noun
карбункул	Noun
карбюратор	Noun
карбюрация	Noun
кардан	Noun
кардиган	Noun
кардиналдық	Noun
кардиограф	Noun
кардиография	Noun
кардиоид	Noun
кардиолог	Noun
кардиология	Noun
кардиопатия	Noun
кардиосклероз	Noun
кардиохирург	Noun
кардиохирургия	Noun
кардиохирургиялық	Adjective
кардит	Noun
каретник	Noun
карикатура	Noun
карикатурашы	Noun
карикатурист	Noun
кариотип	Noun
каркас	Noun
карлик	Noun
кармин	Noun
карнавал	Noun
карналлит	Noun
каротин	Noun
карри	Noun
карсттық	Adjective
карт	Noun
карта	Noun
карташы	Noun
картақұмар	Noun
картель	Noun
картина	Noun
картография	Noun
картографиялық	Adjective
картон	Noun
картоп	Noun
карточка	Noun
картридж	Noun
картуз	Noun
карцер	Noun
карцинома	Noun
карьер	Noun
каспийлік	Adjective
касса	Noun
кассалық	Adjective
кассация	Noun
кассир	Noun
касситерит	Noun
каста	Noun
кастет	Noun
кастинг	Noun
кастор	Noun
кастрация	Noun
катабатикалық	Adjective
катаболизм	Noun
катаклизм	Noun
катакомб	Noun
каталаза	Noun
каталанизм	Noun
каталашка	Noun
каталепсия	Noun
катализ	Noun
катализатор	Noun
каталитикалық	Adjective
каталог	Noun
каталогта	Verb
каталогтау	Noun
катара	Noun
катаризм	Noun
катарсис	Noun
катастрофизм	Noun
категориальді	Adjective
категория	Noun
катет	Noun
катетер	Noun
катетометр	Noun
катехизис	Noun
катехизм	Noun
катион	Noun
катод	Noun
католик	Adjective
католик	Noun
католицизм	Noun
каторжанин	Noun
катушка	Noun
катюша	Noun
каустикалық	Adjective
кафе	Noun
кафедра	Noun
кафетерий	Noun
кафкиандық	Adjective
кахексия	Noun
кацик	Noun
кашемир	Noun
каяк	Noun
квадрант	Noun
квадрат	Noun
квадратура	Noun
квадриллион	Noun
квазар	Noun
квалификацияла	Verb
квалификациялы	Adjective
квалификациясыз	Adjective
квант	Noun
квантификация	Noun
квантор	Noun
кварк	Noun
квартет	Noun
квартира	Noun
кварц	Noun
кварцит	Noun
кватернион	Noun
квинтет	Noun
квинтэссенция	Noun
квитанция	Noun
кворум	Noun
квота	Noun
кебеже	Noun
кебек	Noun
кеберсушілік	Noun
кебу	Noun
кебін	Noun
кебіс	Noun
кебісші	Noun
кегель	Noun
кегіл	Noun
кедей	Adjective
кедей	Noun
кедейлен	Verb
кедейлендір	Verb
кедейлік	Noun
кедейлікте	Adverb
кедейшілік	Noun
кеден	Noun
кедендік	Adjective
кеденші	Noun
кедергі	Noun
кедергілі	Adjective
кежеге	Noun
кежір	Adjective
кежірлік	Noun
кез	Noun
кез	Verb
кезбе	Adjective
кезбе	Noun
кезбелік	Noun
кезгіш	Adjective
кезде	Adverb
кездейсоқ	Adjective
кездейсоқ	Adverb
кездейсоқтық	Noun
кездеме	Noun
кездес	Verb
кездестір	Verb
кездестіру	Noun
кездесу	Noun
кезек	Noun
кезектес	Verb
кезектестіру	Noun
кезекті	Adjective
кезектілік	Noun
кезекші	Adjective
кезекшілік	Noun
кезер	Verb
кезерген	Adjective
кезең	Noun
кезеңді	Adjective
кезеңділік	Noun
кезік	Verb
кей	Verb
кейбір	Adjective
кейбір	Adverb
кейде	Adverb
кейігіш	Adjective
кейігіштік	Noun
кейін	Adverb
кейін	Noun
кейіннен	Adverb
кейінірек	Adverb
кейіп	Noun
кейіпкер	Noun
кейіпсіз	Adjective
кейіпсіздендір	Verb
кейіпсіздік	Noun
кейіпте	Verb
кейіптену	Noun
кейіптеу	Noun
кейіс	Noun
кейіт	Verb
кек	Noun
кекесін	Noun
кекесіншілдік	Noun
кекет	Verb
кекеткіш	Adjective
кекетінді	Adjective
кекетінді	Adverb
кекеш	Noun
кекештен	Verb
кекештену	Noun
кекештік	Noun
кекс	Noun
кексіз	Adjective
кектен	Verb
кекті	Adjective
кекшіл	Adjective
кекшілдік	Noun
кекіл	Noun
кекілдірік	Noun
кекілік	Noun
кекір	Verb
кекіре	Noun
кекіреюшілік	Noun
кекірік	Noun
кел	Verb
келбет	Noun
келбетсіз	Adjective
келбетті	Adjective
келбеттілік	Noun
келген	Noun
келеке	Noun
келекелеуші	Noun
келекелі	Adverb
келемеж	Noun
келемежде	Verb
келешек	Noun
келме	Verb
келмеген	Adjective
келмеу	Noun
келсап	Noun
келте	Adjective
келтір	Verb
келтірушілік	Noun
келтірілген	Adjective
келу	Noun
келуші	Noun
кельвин	Noun
кельттік	Adjective
келі	Noun
келін	Noun
келіншек	Noun
келіс	Noun
келіс	Verb
келіспе	Verb
келіспейтін	Adjective
келіспеушілік	Noun
келіссіз	Adjective
келіссөз	Noun
келіссөздер	Noun
келісті	Adjective
келісу	Noun
келісушілік	Noun
келісілген	Adjective
келісілмеген	Adjective
келісілмегендік	Noun
келісім	Adjective
келісім	Noun
келісімді	Adjective
келісімдік	Noun
келісімпаздық	Noun
келісімшарт	Noun
кем	Adjective
кеманча	Noun
кемдік	Noun
кеме	Noun
кемежай	Noun
кемел	Noun
кемелденген	Adjective
кемелділік	Noun
кемелік	Adjective
кемер	Noun
кемеңгер	Noun
кемеңгерлік	Noun
кемзал	Noun
кемпинг	Noun
кемпір	Noun
кемпірауыз	Noun
кемпірқосақ	Noun
кемсін	Verb
кемсінген	Adjective
кемсіт	Verb
кемсітетін	Adjective
кемсіту	Noun
кемсітушілік	Noun
кемтар	Adjective
кемтарлық	Noun
кемтік	Noun
кему	Noun
кемушілік	Noun
кемшіл	Noun
кемшілік	Noun
кемі	Verb
кемік	Noun
кемір	Verb
кеміргіш	Noun
кемірек	Adverb
кеміс	Noun
кемістік	Noun
кеміт	Verb
кеміту	Noun
кен	Noun
кенгуру	Noun
кендір	Noun
кене	Noun
кенел	Verb
кенеп	Noun
кенер	Noun
кенет	Adverb
кенеттен	Adverb
кенеттік	Noun
кенеулі	Adjective
кенеулілік	Noun
кенжар	Noun
кенже	Noun
кенжеле	Verb
кент	Noun
кенттену	Noun
кенттік	Adjective
кенші	Noun
кеніш	Noun
кенқұдық	Noun
кеп	Noun
кеп	Verb
кепка	Noun
кепкен	Adjective
кептеме	Noun
кептер	Noun
кептерхана	Noun
кептерші	Noun
кептір	Verb
кептірген	Adjective
кептіргіш	Noun
кептіретін	Adjective
кептіру	Noun
кепіл	Noun
кепілде	Verb
кепілдеме	Noun
кепілдемелік	Adjective
кепілді	Adjective
кепілдік	Noun
кер	Adjective
кер	Verb
керамика	Noun
керамикалық	Adjective
кератин	Noun
кербез	Adjective
кербез	Noun
кербездік	Noun
кербезсін	Verb
кербұғы	Noun
кергіш	Noun
кереге	Noun
керек	Adjective
керек	Noun
керексіз	Adjective
керекті	Adjective
керектік	Noun
керемет	Adjective
керемет	Adverb
керемет	Noun
кереметтей	Adverb
керенаулық	Noun
кереует	Noun
кереғар	Adjective
кереғар	Noun
кереңдік	Noun
кермарал	Noun
керне	Verb
керней	Noun
кернеу	Noun
кернеуші	Noun
керогаз	Noun
керосин	Noun
кертартпа	Adjective
кертартпа	Noun
кертартпалық	Noun
кертпеш	Noun
кертік	Noun
керу	Noun
керуен	Noun
керуенші	Noun
керулі	Adjective
кері	Adjective
кері	Adverb
керік	Noun
керіл	Verb
керілдесушілік	Noun
керіс	Noun
керісінше	Adverb
кес	Verb
кесапат	Noun
кесе	Adverb
кесе	Noun
кесек	Noun
кесел	Noun
кесене	Noun
кескіле	Verb
кескілес	Verb
кескін	Noun
кескіндеме	Noun
кескінді	Adjective
кескінсіз	Adjective
кескінсіздік	Noun
кескіш	Noun
кеспе	Noun
кессон	Noun
кесте	Noun
кестеленген	Adjective
кестелеу	Noun
кестелі	Adjective
кестелік	Adjective
кестеші	Noun
кесуші	Noun
кесік	Noun
кесілген	Adjective
кесілмеген	Adjective
кесім	Noun
кесімді	Adjective
кесімділік	Noun
кесінді	Noun
кесір	Noun
кесірлі	Adjective
кесіртке	Noun
кет	Verb
кетгут	Noun
кетон	Noun
кетпен	Noun
кетпенші	Noun
кету	Noun
кетуші	Noun
кетір	Verb
кетіріл	Verb
кетіс	Noun
кеугім	Noun
кеуде	Noun
кеуделі	Adjective
кеуделік	Adjective
кеудеше	Noun
кеуек	Noun
кеуектік	Noun
кеуектілік	Noun
кеш	Adjective
кеш	Noun
кеш	Verb
кешен	Noun
кешенді	Adjective
кешеуілдет	Verb
кешке	Adverb
кешкілік	Noun
кешкісін	Adverb
кешік	Verb
кешіккен	Adjective
кешіккендік	Noun
кешіктір	Verb
кешіктіру	Noun
кешір	Verb
кешіру	Noun
кешірілмейтін	Adjective
кешірім	Noun
кешірімді	Adjective
кешқұрым	Adverb
кещелік	Noun
кең	Adjective
кең	Adverb
кеңдік	Noun
кеңділік	Noun
кеңей	Verb
кеңейгіштік	Noun
кеңейт	Verb
кеңейткіш	Noun
кеңейту	Noun
кеңейтіл	Verb
кеңейтілетін	Adjective
кеңес	Noun
кеңес	Verb
кеңестендіру	Noun
кеңесті	Adjective
кеңестік	Adjective
кеңесші	Adjective
кеңесші	Noun
кеңесшілік	Adjective
кеңжолақты	Adjective
кеңпейілділік	Noun
кеңсе	Adjective
кеңсе	Noun
кеңсешіл	Noun
кеңсешілдік	Noun
кеңсірік	Noun
кеңшар	Noun
кеңшілік	Noun
кеңінен	Adverb
кеңірдек	Noun
кеңістік	Noun
кеңіткіш	Noun
ки	Verb
киберкеңестік	Noun
кибернетика	Noun
киви	Noun
кигіз	Verb
кигізуші	Noun
киелі	Adjective
киелі	Noun
кикілжің	Noun
кило	Noun
килобайт	Noun
киловатт	Noun
килограмм	Noun
километр	Noun
килопонд	Noun
кильватер	Noun
килік	Verb
кимберлит	Noun
кимвалық	Noun
кимеле	Verb
кимограф	Noun
кимографтық	Adjective
кингстон	Noun
кинематикалық	Adjective
кинематиялық	Adjective
кинематограф	Noun
кинематография	Noun
кинематографиялық	Adjective
кинескоп	Noun
кинестезия	Noun
кинетикалық	Adjective
кино	Noun
киноаппарат	Noun
киноафиша	Noun
кинобизнес	Noun
киноварь	Noun
киногер	Noun
киножарнама	Noun
киножурнал	Noun
кинокадр	Noun
кинокомедия	Noun
кинокомпания	Noun
кинокөрсеткіш	Noun
киноландыру	Noun
кинология	Noun
киномеханик	Noun
кинопрокат	Noun
киносаяхат	Noun
киносеанс	Noun
киностудия	Noun
киносуреттеме	Noun
кинотаным	Noun
кинотеатр	Noun
кинофильм	Noun
киношежіре	Noun
киноэкран	Noun
киноқондырғы	Noun
киоск	Noun
кипарис	Noun
кипрлік	Adjective
кипу	Noun
кириллица	Adjective
кириллица	Noun
кит	Noun
китель	Noun
кифоз	Noun
киіз	Adjective
киіз	Noun
киік	Noun
киікоты	Noun
киім	Noun
киімсалғыш	Noun
киімшең	Adjective
киін	Verb
киінген	Adjective
киіндір	Verb
киіт	Noun
клаве	Noun
клавесин	Noun
клавиатура	Noun
клавикорда	Noun
клавир	Noun
кладизм	Noun
кладистикалық	Adjective
кладограмма	Noun
клаксон	Noun
клан	Noun
клапан	Noun
кларнет	Noun
класс	Noun
классик	Adjective
классик	Noun
классика	Noun
классикалық	Adjective
классификация	Noun
классификацияланған	Adjective
классицизм	Noun
классицист	Noun
классыз	Adjective
кластер	Noun
клаустрофобия	Noun
клейстер	Noun
клерикализм	Noun
клерк	Noun
клетка	Noun
кливер	Noun
клиент	Noun
клиентура	Noun
климакс	Noun
климат	Noun
климатография	Noun
климатология	Noun
климатологиялық	Adjective
климаттық	Adjective
климограм	Noun
клинакалық	Adjective
клиника	Noun
клиникалы	Adverb
клиникалық	Adjective
клип	Noun
клипер	Noun
клиринг	Noun
клирингтік	Adjective
клирос	Noun
клитородектомия	Noun
клон	Noun
клоун	Noun
клуб	Noun
клубтас	Noun
км	Noun
княздық	Noun
князь	Noun
князьдық	Noun
князьдік	Noun
коагуляция	Noun
коаксиалды	Adjective
коала	Noun
коалиция	Noun
кобальт	Noun
ковалентті	Adjective
ковариантты	Adjective
ковбой	Noun
коврижка	Noun
ковчег	Noun
когенерация	Noun
код	Noun
кода	Noun
кодек	Noun
кодекс	Noun
кодификация	Noun
кодициль	Noun
кодсыздауыш	Noun
кодта	Noun
кодта	Verb
кодтау	Noun
кодтаушы	Noun
кожимит	Noun
козлетон	Noun
коитус	Noun
койне	Noun
койот	Noun
кокаин	Noun
кокос	Noun
кокс	Noun
коксте	Verb
кокстеу	Noun
коктейль	Noun
кола	Noun
колбаса	Noun
колеманит	Noun
колика	Noun
колит	Noun
коллаборационизм	Noun
коллаж	Noun
коллапс	Noun
коллегия	Noun
колледж	Noun
коллективтік	Adjective
коллективтік	Noun
коллектившілдік	Noun
коллектор	Noun
коллекционер	Noun
коллекция	Noun
колленхима	Noun
коллизия	Noun
коллоид	Noun
коллоквиум	Noun
коллювиальді	Adjective
колон	Noun
колониальді	Adjective
колонист	Noun
колония	Noun
колонна	Noun
колоннада	Noun
колонтитул	Noun
колоратуралық	Adjective
колориметр	Noun
колориметрикалық	Adjective
колориметрия	Noun
колосс	Noun
колофон	Noun
колхоз	Noun
колхозаралық	Adjective
колхозшы	Noun
колчедан	Noun
кома	Noun
команда	Noun
командалық	Adjective
командир	Noun
команчи	Noun
комбайн	Noun
комбайншы	Noun
комбинат	Noun
комбинаторлық	Adjective
комбинаторлық	Noun
комбинацияланған	Adjective
комбинезон	Noun
комедия	Noun
комета	Noun
комизм	Noun
комик	Noun
коминтерн	Noun
комиссар	Noun
комиссариат	Noun
комиссиариат	Noun
комиссиондық	Adjective
комиссионер	Noun
комиссия	Noun
комиссияла	Verb
комитет	Noun
коммандиттік	Adjective
комменсал	Noun
коммент	Noun
комментарий	Noun
комментатор	Noun
коммерциализация	Noun
коммерция	Noun
коммерцияла	Verb
коммерциялық	Adjective
коммерциялық	Adverb
коммисиариат	Noun
коммуна	Noun
коммуналдық	Adjective
коммунизм	Noun
коммуникабельділік	Noun
коммуникативтік	Adjective
коммуникативтік	Noun
коммуникатор	Noun
коммуникация	Noun
коммунист	Noun
коммунистік	Adjective
коммутативті	Adjective
коммутатор	Noun
коммутация	Noun
коммюнике	Noun
комод	Noun
компания	Noun
компаративизм	Noun
компаратор	Noun
компартия	Noun
компас	Noun
компенсатор	Noun
компилятор	Noun
компиляция	Noun
компиляцияла	Verb
компланарлы	Adjective
комплекс	Noun
комплект	Noun
комплектация	Noun
комплектеуші	Noun
комплектілік	Noun
комплемент	Noun
композитор	Noun
композиция	Noun
композициялық	Adjective
компонент	Noun
компост	Noun
компостер	Noun
компот	Noun
компресс	Noun
компрессия	Noun
компрессор	Noun
компьютер	Noun
компьютеризация	Noun
компьютерлендіру	Noun
компьютерлік	Adjective
компьютерші	Noun
комсомол	Noun
конвейер	Noun
конвекция	Noun
конвент	Noun
конвенционализм	Noun
конвенционалисттік	Adjective
конвенция	Noun
конвергенция	Noun
конверсия	Noun
конверт	Noun
конвертация	Noun
конвертер	Noun
конвой	Noun
конвульсивті	Noun
конгломерат	Noun
конгресс	Noun
конгрессмен	Noun
конгруентсіздік	Noun
конгруэнттілік	Noun
конденсат	Noun
конденсатор	Noun
конденсация	Noun
кондитер	Noun
кондиционер	Noun
кондор	Noun
кондуит	Noun
кондуктор	Noun
конкатенация	Noun
конклав	Noun
конкур	Noun
конкурс	Noun
конкурстық	Adjective
консерв	Noun
консервант	Noun
консерватизм	Noun
консерватория	Noun
консерваторлық	Adjective
консервация	Noun
консигнация	Noun
консилиум	Noun
консистенция	Noun
консистория	Noun
консонанс	Noun
консонант	Noun
консонантизм	Noun
консорциум	Noun
конспект	Noun
конспирация	Noun
констатация	Noun
конституционализм	Noun
конституция	Noun
конституциялы	Adverb
конституциялық	Adjective
конституциялық	Noun
конструктивизм	Noun
конструктивистикалық	Adjective
конструктор	Noun
конструкция	Noun
консул	Noun
консулдік	Adjective
консультант	Noun
консультация	Noun
консультациялық	Adjective
консьерж	Noun
контакт	Noun
контейнер	Noun
контейнерлі	Adjective
контекст	Noun
контексті	Adjective
контент	Noun
контингент	Noun
континент	Noun
континенталды	Adjective
континентаралық	Adjective
континентті	Adjective
континенттік	Adjective
континенттік	Noun
континенттілік	Noun
континуум	Noun
контрабанда	Noun
контрабандашы	Noun
контрабас	Noun
контрадикция	Noun
контракт	Noun
контрактура	Noun
контракция	Noun
контральто	Noun
контрапункт	Noun
контраргумент	Noun
контрацепция	Noun
контрбарлаушы	Noun
контрибуция	Noun
контрмера	Noun
контрмәдениет	Noun
контроллер	Noun
контрпрограммалау	Noun
контрразведка	Noun
контрреволюция	Noun
контур	Noun
контурлық	Adjective
конус	Noun
конустық	Adjective
конфедеральді	Adjective
конфедерация	Noun
конфекцион	Noun
конферанс	Noun
конференция	Noun
конфессия	Noun
конфессияаралық	Adjective
конфетти	Noun
конфигуратор	Noun
конфигурация	Noun
конформды	Adjective
конформдылық	Noun
конформизм	Noun
конфронтация	Noun
конфуций	Noun
конфуцийшілдік	Noun
конхоида	Noun
концентрат	Noun
концентратор	Noun
концентрация	Noun
концентрлік	Adjective
концептуалды	Adjective
концептуалды	Adverb
концерн	Noun
концерт	Noun
концертмейстер	Noun
концерттік	Adjective
концессия	Noun
конъюктивті	Adjective
конъюнктивит	Noun
конъюнктивті	Adjective
конъюнкция	Noun
коньки	Noun
конькиші	Noun
коньяк	Noun
кооператив	Noun
кооперативтік	Noun
кооперация	Noun
координата	Noun
координатор	Noun
координация	Noun
координациялау	Noun
копал	Noun
копирайт	Noun
копрофагия	Noun
корвет	Noun
кордебалет	Noun
кордегардия	Noun
кордиамин	Noun
кордон	Noun
корей	Noun
кореялық	Adjective
кориандр	Noun
корнер	Noun
корнишон	Noun
корнуолдық	Adjective
король	Noun
корольдік	Noun
коронарлық	Adjective
корпоративтік	Adjective
корпоративтілік	Noun
корпорация	Noun
корпория	Noun
корпус	Noun
корпускул	Noun
корпускулярлық	Adjective
корректор	Noun
коррелят	Noun
корреляция	Noun
корреляцияланған	Adjective
корреляциялық	Adjective
корреспондент	Noun
корреспонденттік	Adjective
корреспонденция	Noun
коррозия	Noun
коррупция	Noun
коррупциялық	Adjective
корсаж	Noun
корсет	Noun
корт	Noun
кортизон	Noun
корунд	Noun
косарландыру	Noun
косеканс	Noun
косинус	Noun
косметика	Noun
косметолог	Noun
косметология	Noun
космогония	Noun
космография	Noun
космодром	Noun
космолог	Noun
космология	Noun
космологиялық	Adjective
космополитизм	Noun
космос	Noun
космостық	Adjective
костюм	Noun
котангенс	Noun
котильон	Noun
котировка	Noun
кофе	Noun
кофеин	Noun
кофехана	Noun
кофта	Noun
кохлеарлық	Adjective
коэффициент	Noun
крамбол	Noun
кран	Noun
краниология	Noun
краншы	Noun
кратер	Noun
крахмал	Noun
креатив	Noun
креативті	Adjective
креатин	Noun
кредит	Noun
кредитте	Verb
кредиттік	Adjective
кредитші	Noun
крейсер	Noun
крейцкопф	Noun
крематорий	Noun
кремация	Noun
кремль	Noun
кремнезем	Noun
кремний	Noun
креол	Adjective
креолин	Noun
креп	Noun
кресло	Noun
крест	Noun
крестші	Noun
крестьян	Noun
кретон	Noun
криз	Noun
кризис	Noun
крикет	Noun
криминалды	Adjective
криминалдық	Adjective
криминолог	Noun
криминология	Noun
криобиология	Noun
криовулкандық	Adjective
криогенді	Adjective
криолит	Noun
криология	Noun
криотерапия	Noun
криохирургия	Noun
криптограмма	Noun
криптография	Noun
криптокристалдық	Adjective
криптологиялық	Adjective
криптон	Noun
крипторхизм	Noun
криптофит	Noun
кристал	Noun
кристалдан	Verb
кристалдау	Noun
кристалдық	Adjective
кристалл	Noun
кристаллография	Noun
кристаллоид	Noun
критерий	Noun
критикалық	Adjective
критицизм	Noun
кроатиялық	Adjective
крокет	Noun
крона	Noun
кронглас	Noun
кронштейн	Noun
кросс	Noun
кроссворд	Noun
круассан	Noun
ксенобиология	Noun
ксенон	Noun
ксенофобия	Noun
ксерография	Noun
ксерокс	Noun
ксерокөшірме	Noun
ксерофит	Noun
ксероформ	Noun
ксилография	Noun
ксилографиялық	Adjective
ксилофон	Noun
куб	Noun
кубалық	Adjective
кубизм	Noun
кубик	Noun
кубисшы	Noun
кубок	Noun
кубтық	Adjective
кувейттік	Adjective
кулинария	Noun
кулон	Noun
кульман	Noun
кульминация	Noun
культура	Noun
культуризм	Noun
культурист	Noun
кумулияр	Noun
кумулятивті	Adjective
купе	Noun
купидон	Noun
купон	Noun
куприд	Noun
курвиметр	Noun
курия	Noun
курорт	Noun
курортология	Noun
курорттық	Adjective
курс	Noun
курсант	Noun
курсив	Noun
курстас	Noun
куртка	Noun
курьер	Noun
кутикула	Noun
куәгер	Noun
куәландыр	Verb
куәландырушы	Noun
куәлік	Noun
куәлікті	Adjective
кэш	Noun
кэштау	Noun
кювет	Noun
кюрий	Noun
кібіртікте	Verb
кідір	Verb
кідірт	Verb
кідіртпеушілік	Noun
кідіру	Noun
кідіріс	Noun
кідіріңкіре	Verb
кіжірей	Verb
кілегей	Adjective
кілегей	Noun
кілем	Noun
кілемше	Noun
кілемші	Noun
кілең	Adverb
кілт	Noun
кілттік	Adjective
кілтші	Noun
кіндік	Adjective
кіндік	Noun
кінәла	Verb
кінәлі	Adjective
кінәлі	Adverb
кінәлі	Noun
кінәмшіл	Adjective
кінәрат	Noun
кінәсіз	Adverb
кінәсіздік	Noun
кір	Adjective
кір	Noun
кір	Verb
кірбің	Noun
кіргіз	Verb
кіргізіл	Verb
кіреберіс	Noun
кіреуке	Noun
кіреші	Noun
кіржіңде	Verb
кіржіңдеу	Noun
кірле	Verb
кірлет	Verb
кірпі	Noun
кірпік	Noun
кірпікше	Noun
кірпікшелі	Adjective
кірпіш	Noun
кіру	Noun
кіршік	Adverb
кіршіксіз	Adjective
кіршіксіз	Adverb
кірігу	Noun
кіріктірілген	Adjective
кіріптар	Adjective
кіріптарлық	Noun
кіріс	Adjective
кіріс	Noun
кіріс	Verb
кіріспе	Noun
кіріспеушілік	Noun
кірісте	Verb
кірістір	Verb
кіс	Noun
кісен	Noun
кісенде	Verb
кісі	Noun
кісілік	Noun
кісіне	Verb
кітап	Noun
кітапхана	Noun
кітапханашы	Noun
кітапша	Noun
кітапшы	Noun
кітапшыл	Noun
кітірле	Verb
кішкене	Adjective
кішкентай	Adjective
кішкентайлық	Noun
кіші	Adjective
кіші	Adverb
кіші	Noun
кішілік	Noun
кішіпейіл	Adjective
кішіпейіл	Noun
кішіпейілдік	Noun
кішірей	Verb
кішірейт	Verb
күбі	Noun
күбір	Noun
күбірле	Verb
күбіртке	Noun
күбіше	Noun
күбіші	Noun
күде	Noun
күдер	Noun
күдері	Noun
күдік	Noun
күдіктен	Verb
күдіктенушілік	Noun
күдікті	Adjective
күдікшілдік	Noun
күз	Noun
күзгі	Adjective
күзе	Verb
күзелген	Adjective
күзен	Noun
күзет	Noun
күзет	Verb
күзеттік	Adjective
күзеттік	Noun
күзетші	Noun
күзеу	Noun
күй	Noun
күй	Verb
күйгелек	Adjective
күйгелектік	Noun
күйген	Adjective
күйгіш	Adjective
күйгіштік	Noun
күйдір	Verb
күйдіргі	Adjective
күйдіргіш	Adjective
күйдіргіш	Noun
күйдіргіштік	Noun
күйдірт	Verb
күйдіру	Noun
күйдіріл	Verb
күйе	Noun
күйеле	Verb
күйеу	Noun
күйзел	Verb
күйзелт	Verb
күйзеліс	Noun
күйкентай	Noun
күйкі	Adjective
күйкілік	Noun
күйле	Verb
күйлеу	Noun
күйлі	Adjective
күйлілік	Noun
күйме	Noun
күймейтін	Adjective
күймеше	Noun
күйре	Verb
күйреген	Noun
күйрегіштік	Noun
күйректік	Noun
күйрет	Verb
күйсандық	Noun
күйсеу	Noun
күйсіздік	Noun
күйтабақ	Noun
күйттеу	Noun
күйтшілдік	Noun
күйші	Noun
күйік	Noun
күйікшілік	Noun
күйінген	Adjective
күйініш	Noun
күйінішті	Adjective
күйіс	Noun
күкірт	Noun
күл	Noun
күл	Verb
күлбике	Noun
күлгін	Adjective
күлдеуіш	Noun
күлді	Adjective
күлдір	Verb
күлдіргі	Adjective
күлдіргі	Noun
күлдіргіш	Noun
күлдіретін	Adjective
күлдіреуіш	Noun
күлкі	Noun
күлкілі	Adjective
күлсалғыш	Noun
күлсауыт	Noun
күлтелен	Verb
күлтілде	Verb
күлтілдеу	Noun
күлше	Noun
күлімде	Verb
күлімдес	Verb
күлімсіре	Verb
күлімсіреу	Noun
күліс	Verb
күләпара	Noun
күмбез	Noun
күмбезді	Adjective
күмбірле	Verb
күмпілде	Verb
күмілжі	Verb
күміс	Noun
күмән	Noun
күмәндан	Verb
күмәнданғыштық	Noun
күмәнді	Adjective
күмәнсіз	Adjective
күмәншіл	Adjective
күмәншіл	Noun
күн	Noun
күнбатыс	Noun
күнбағыс	Noun
күнгей	Noun
күнгі	Adjective
күнде	Adverb
күнде	Verb
күнделік	Noun
күнделікті	Adjective
күнделікті	Adverb
күндес	Noun
күндеушілік	Noun
күндізгі	Adjective
күндік	Adjective
күндік	Noun
күнелт	Verb
күнжара	Noun
күнжіт	Noun
күнзе	Noun
күнкөріс	Noun
күнтізбе	Noun
күншығыс	Adjective
күншығыс	Noun
күншіл	Adjective
күншіл	Noun
күншілдік	Noun
күнқағар	Noun
күнқақтылық	Noun
күнәкар	Noun
күнәлі	Adjective
күнәсіз	Adjective
күнәқар	Adjective
күптен	Verb
күпшек	Noun
күпі	Noun
күпілде	Verb
күпір	Noun
күпірлі	Adverb
күпірлік	Noun
күпіршілік	Adjective
күпәйке	Noun
күрделендір	Verb
күрделі	Adjective
күрделілен	Verb
күрделілік	Noun
күрек	Noun
күректе	Verb
күрекше	Noun
күрес	Noun
күрес	Verb
күрескер	Noun
күресу	Noun
күресуші	Noun
күретамыр	Noun
күрең	Adjective
күрең	Noun
күрзіптеу	Noun
күрке	Noun
күркетауық	Noun
күркілде	Verb
күркіре	Verb
күрме	Verb
күрмеу	Noun
күрсілде	Verb
күрсін	Verb
күрт	Adverb
күрте	Noun
күртеше	Noun
күртік	Noun
күріш	Noun
күс	Noun
күт	Verb
күтпеген	Adjective
күту	Noun
күтуші	Noun
күтіл	Verb
күтілетін	Adjective
күтім	Noun
күтімсіз	Adjective
күш	Noun
күше	Verb
күшей	Verb
күшейт	Verb
күшейткіш	Noun
күшейту	Noun
күште	Verb
күшті	Adjective
күштілік	Noun
күшік	Noun
күң	Noun
күңгірт	Adverb
күңгіртте	Verb
күңгірттік	Noun
күңкіл	Noun
күңкілде	Verb
күңшілдік	Noun
күңірен	Verb
кұр	Verb
кәде	Noun
кәдуілгі	Adjective
кәді	Noun
кәдімгі	Adjective
кәдір	Noun
кәзекей	Noun
кәззап	Noun
кәкпір	Noun
кәлима	Noun
кәмелет	Noun
кәмелеттік	Adjective
кәмелеттік	Noun
кәмпеске	Noun
кәмпит	Noun
кәмшат	Noun
кәміл	Adverb
кәндік	Noun
кәнизак	Noun
кәнігі	Adjective
кәпір	Noun
кәр	Noun
кәрез	Noun
кәрі	Adjective
кәріз	Noun
кәрілік	Noun
кәріп	Noun
кәріптас	Noun
кәріптік	Noun
кәс	Noun
кәсе	Noun
кәсер	Noun
кәсіби	Adverb
кәсібилік	Noun
кәсіп	Noun
кәсіпкер	Noun
кәсіпкерлік	Adjective
кәсіпкерлік	Noun
кәсіподақ	Noun
кәсіподақтық	Adjective
кәсіпорын	Noun
кәсіптік	Adjective
кәсіпші	Noun
кәсіпшілік	Noun
кәсіпқой	Noun
кәсіпқор	Noun
кәсіпқорлық	Noun
кәуап	Noun
кәуапшы	Noun
көбей	Verb
көбейт	Verb
көбейткіш	Noun
көбейту	Noun
көбейтіл	Verb
көбейіс	Noun
көбелек	Noun
көбік	Noun
көбіктен	Verb
көбіктендіргіш	Noun
көбіктену	Noun
көбікті	Adjective
көбінесе	Adverb
көбірек	Adverb
көгал	Noun
көген	Noun
көгер	Verb
көгерген	Adjective
көгершін	Noun
көгеріс	Noun
көгорай	Noun
көгілдір	Adjective
көгілдірлен	Verb
көде	Noun
көдік	Noun
көже	Noun
көжек	Noun
көз	Noun
көзара	Noun
көзасты	Adjective
көзде	Verb
көздегіштік	Noun
көздел	Verb
көзделетін	Adjective
көздеуші	Noun
көздеуіш	Noun
көздік	Adjective
көздік	Noun
көзе	Noun
көзеші	Noun
көзешілік	Noun
көзжастық	Adjective
көзмөлшер	Noun
көзсіз	Adjective
көзтаныс	Adjective
көзілдірікті	Adjective
көзір	Noun
көзішілік	Adjective
көзқарас	Noun
көзәйнек	Noun
көйлек	Noun
көйіт	Verb
көк	Adjective
көк	Noun
көкбауыр	Noun
көке	Noun
көкей	Noun
көкейкесті	Adjective
көкейкөз	Noun
көкек	Noun
көкекте	Verb
көкетай	Noun
көкжелке	Noun
көкжиек	Noun
көкжөтел	Noun
көкмұз	Noun
көкнәр	Noun
көкпар	Noun
көксерке	Noun
көктайғақ	Noun
көктамыр	Noun
көкте	Verb
көктелген	Adjective
көктем	Noun
көктемде	Adverb
көктене	Noun
көктерек	Noun
көктеу	Noun
көкшандыр	Noun
көкшегүл	Noun
көкшіл	Adjective
көкірек	Noun
көкіректілік	Noun
көкірекше	Noun
көкқұтан	Noun
көкөніс	Noun
көкөнісші	Noun
көл	Noun
көлбақа	Noun
көлбеу	Adjective
көлбеуленген	Adjective
көлгірлік	Noun
көлденең	Adjective
көлденең	Adverb
көлденең	Noun
көлді	Adjective
көлегейле	Verb
көлем	Noun
көлемділік	Noun
көлеңке	Adjective
көлеңке	Noun
көлеңкеле	Verb
көлеңкелі	Adjective
көлеңкелік	Noun
көлтабан	Noun
көлтану	Noun
көлтоған	Noun
көлік	Adjective
көлік	Noun
көлікжай	Noun
көм	Verb
көмбе	Noun
көмдір	Verb
көмей	Noun
көмейлік	Adjective
көмейлік	Noun
көмек	Noun
көмекей	Noun
көмектес	Verb
көмектесу	Noun
көмекші	Adjective
көмекші	Noun
көмекшілік	Noun
көмескі	Adjective
көмескі	Adverb
көмескілік	Noun
көмкер	Verb
көмкерме	Noun
көмкірілген	Adjective
көмір	Noun
көмірлілік	Noun
көмірсу	Noun
көмірсутек	Noun
көміртегі	Noun
көміртек	Noun
көміртекті	Adjective
көн	Noun
көн	Verb
көнбейтін	Adjective
көнбіс	Adjective
көнбістік	Noun
көнгіш	Adjective
көнгіштік	Noun
көндік	Verb
көндіктір	Verb
көндір	Verb
көндіре	Adverb
көне	Adjective
көнеленген	Adjective
көнелік	Noun
көнер	Verb
көнерген	Adjective
көнергендік	Noun
көнетоз	Adjective
көнтерлі	Adjective
көнік	Verb
көп	Adjective
көп	Adverb
көпатомды	Adjective
көпбеттік	Adjective
көпбуынды	Adjective
көпбұрыш	Noun
көпес	Noun
көпжасушалы	Adjective
көпжақ	Noun
көпжақты	Adjective
көпконфессия	Noun
көпмағыналы	Adjective
көпмағыналылық	Noun
көпмағыналық	Noun
көпмүше	Noun
көпплоидты	Adjective
көппәндік	Adjective
көпсайыс	Noun
көпсітілген	Adjective
көпсөзді	Adjective
көпсөзділік	Noun
көпте	Verb
көптеп	Adverb
көптеу	Adverb
көптік	Noun
көптілдік	Adjective
көптілдік	Noun
көптүрлік	Noun
көпфазалық	Adjective
көпшік	Noun
көпшілік	Noun
көпір	Noun
көпір	Verb
көпіргіш	Noun
көпіргіштік	Noun
көпірме	Noun
көпіршік	Noun
көпіршіктен	Verb
көпіршіктену	Noun
көпіршікті	Adjective
көпқырлы	Adjective
көпұлттық	Noun
көпөлшемді	Adjective
көр	Noun
көр	Verb
көрбақ	Noun
көргенділік	Noun
көргенсіз	Noun
көргенсіздік	Noun
көргіштік	Noun
көреген	Adjective
көрегендік	Noun
көрермен	Noun
көретін	Adjective
көркей	Verb
көркейетін	Adjective
көркем	Adjective
көркемде	Verb
көркемдей	Adverb
көркемдеу	Noun
көркемдік	Adjective
көркемдік	Noun
көркемөнер	Noun
көркею	Noun
көрме	Noun
көрмек	Noun
көрмеушілік	Noun
көрнекі	Adjective
көрнекілік	Noun
көрнеу	Adverb
көрпе	Noun
көрсет	Verb
көрсеткіш	Noun
көрсетуші	Noun
көрсетіл	Verb
көрсетілген	Adjective
көрсетілетін	Adjective
көрсетілім	Noun
көрсетімдік	Adjective
көртышқан	Noun
көру	Noun
көруші	Noun
көрші	Noun
көршілес	Adjective
көршілес	Verb
көршілестік	Noun
көршілік	Noun
көрік	Noun
көріксіз	Adjective
көріксіздік	Noun
көрікті	Adjective
көріктілік	Noun
көрікші	Noun
көрімдік	Noun
көрімпаз	Adjective
көрін	Verb
көрінбе	Verb
көрінетін	Adjective
көріну	Noun
көрінім	Noun
көрінімді	Adverb
көрініс	Noun
көріністі	Adjective
көріністі	Adverb
көріністік	Adjective
көріпкел	Noun
көріпкелдік	Noun
көріпкелдің	Noun
көріс	Verb
көс	Verb
көсем	Noun
көсемше	Noun
көсеу	Noun
көсіл	Verb
көт	Noun
көтер	Verb
көтергіш	Noun
көтерме	Noun
көтермежол	Noun
көтермеле	Verb
көтермелеу	Noun
көтеру	Noun
көтеріл	Verb
көтерілген	Adjective
көтерілім	Noun
көтеріліс	Noun
көтерілісші	Noun
көтеріңкі	Adjective
көтеріңкілік	Noun
көтеріңкіре	Verb
көш	Noun
көш	Verb
көшбасшы	Noun
көшбасшылық	Noun
көше	Noun
көшет	Noun
көшеттік	Noun
көшетхана	Noun
көшкін	Noun
көшпелілік	Noun
көшпенді	Adjective
көшпенді	Noun
көшу	Noun
көшір	Noun
көшір	Verb
көшіргіш	Noun
көшірме	Noun
көшірмелеу	Noun
көшірмеші	Noun
көшіруші	Noun
көң	Noun
көңіл	Noun
көңілдене	Adverb
көңілдес	Noun
көңілді	Adjective
көңілділік	Noun
көңілсіз	Adjective
көңілсіз	Adverb
көңілсізден	Verb
көңілсіздік	Noun
көңілшек	Adjective
көңілшекті	Adjective
көңілшектік	Noun
лабардан	Noun
лабиалдану	Noun
лабиринт	Noun
лаборант	Noun
лаборанттық	Adjective
лаборатория	Noun
лабораториялық	Adjective
лабрадорит	Noun
лаброцит	Noun
лава	Noun
лаванда	Noun
лавр	Noun
лавра	Noun
лавсан	Noun
лагерь	Noun
лагуна	Noun
ладья	Noun
лаж	Noun
лажсыз	Adjective
лажым	Noun
лазарет	Noun
лазер	Noun
лазерлік	Adjective
лазурит	Noun
лаицизм	Noun
лай	Adjective
лайнер	Noun
лайнсмен	Noun
лайсаң	Adjective
лайсаң	Noun
лайық	Adjective
лайықсыз	Adjective
лайықта	Verb
лайықтал	Verb
лайықтан	Verb
лайықты	Adjective
лак	Noun
лакей	Noun
лакмус	Noun
лакта	Verb
лактаушы	Noun
лактация	Noun
лактоза	Noun
лактометр	Noun
лактоскоп	Noun
лакты	Adjective
лала	Noun
лалагүл	Noun
лама	Noun
ламаизм	Noun
ламаит	Noun
ламаркизм	Noun
лампа	Noun
лампион	Noun
лангет	Noun
ландшафт	Noun
ланолин	Noun
лантан	Noun
лантаноид	Noun
ланцет	Noun
ланч	Noun
лапароскопия	Noun
лапаротомия	Noun
лапас	Noun
лапласиандық	Adjective
лапыл	Noun
ларингит	Noun
ларинголог	Noun
ларингология	Noun
ларингоскоп	Noun
ларингофон	Noun
лас	Adjective
лас	Noun
ласта	Verb
ластану	Noun
лат	Noun
латания	Noun
латерал	Noun
латерит	Noun
латиндік	Adjective
латиндік	Noun
латинизм	Noun
латифундия	Noun
латындандыру	Noun
латынданған	Adjective
лауазым	Noun
лауазымданған	Adjective
лауазымды	Adjective
лауазымды	Noun
лаула	Verb
лаулаған	Adjective
лауреат	Noun
лафет	Noun
лашын	Noun
лашық	Noun
лағман	Noun
лағыл	Noun
лағылды	Adjective
лағынет	Noun
лақ	Noun
лақап	Noun
лақсу	Noun
лақтыр	Verb
лақтырушы	Noun
лақтырыл	Verb
лақтырылған	Adjective
лақтырыс	Verb
лаң	Noun
лаңкестік	Noun
лебіз	Noun
лебізді	Adjective
левитация	Noun
левкас	Noun
леводопа	Noun
легализация	Noun
легализм	Noun
легион	Noun
легионер	Noun
легитимация	Noun
легитимизм	Noun
ледерин	Noun
леди	Noun
лезвие	Noun
лезде	Adverb
лездеме	Noun
лездік	Adjective
лейбл	Noun
лейкемия	Noun
лейкопения	Noun
лейкопласт	Noun
лейкоцит	Noun
лейкоцитоз	Noun
лейтенант	Noun
лейтмотив	Noun
лейцин	Noun
лексема	Noun
лексематикалық	Adjective
лексика	Noun
лексикалық	Adjective
лексикография	Noun
лексикографиялық	Adjective
лексикология	Noun
лексикологиялық	Adjective
лексикон	Noun
лексиографиялық	Adjective
лектин	Noun
лектор	Noun
лекция	Noun
лекіте	Adverb
лемма	Noun
лемур	Noun
лениндік	Adjective
ленинизм	Noun
лента	Noun
леониндік	Adjective
лепидокрокит	Noun
лепидолит	Noun
лепидоптерон	Noun
лепрозорий	Noun
лептеу	Noun
лепті	Adjective
лепілде	Verb
лепір	Verb
лесбияндық	Noun
лесбиянка	Noun
лесовоз	Noun
летаргия	Noun
леуілік	Adjective
лиана	Noun
либералдан	Verb
либералды	Adjective
либералдық	Adjective
либерализм	Noun
либериялық	Adjective
либертарианды	Adjective
либидо	Noun
либретто	Noun
лига	Noun
лигнин	Noun
лигнит	Noun
лигроин	Noun
лизингтік	Adjective
лизис	Noun
лизол	Noun
лизосома	Noun
лизосомалық	Adjective
ликбез	Noun
ликер	Noun
ликин	Adjective
лилипут	Noun
лимб	Noun
лимит	Noun
лимиттеу	Noun
лимнология	Noun
лимон	Noun
лимонад	Noun
лимонды	Adjective
лимонит	Noun
лимузин	Noun
лимфа	Noun
лимфаденит	Noun
лимфалық	Adjective
лимфома	Noun
лимфоцит	Noun
лингафон	Noun
лингвист	Noun
лингвистика	Noun
лингвистикалы	Adverb
лингвистикалық	Adjective
линия	Noun
линкор	Noun
линкруст	Noun
линобатист	Noun
линолеум	Noun
линотип	Noun
линукс	Noun
липаза	Noun
липид	Noun
липограмма	Noun
липома	Noun
липопротеин	Noun
липосома	Noun
лиризм	Noun
лирик	Adjective
лирик	Noun
лирика	Noun
лирикалық	Adjective
листинг	Noun
лит	Noun
литаврашы	Noun
литания	Noun
литва	Adjective
литвалық	Adjective
литер	Noun
литий	Noun
литография	Noun
литографиялық	Adjective
литология	Noun
литологиялық	Adjective
литосфера	Noun
литр	Noun
литургия	Noun
литургиялық	Adjective
лифт	Noun
лихтер	Noun
лицей	Noun
лицензия	Noun
лицензияла	Verb
лицензиялау	Noun
лоббизм	Noun
лобия	Noun
логарифм	Noun
логарифмдік	Adjective
логика	Noun
логикалы	Adverb
логикалық	Adjective
логистика	Noun
логистикалық	Adjective
логопедия	Noun
логос	Noun
логотип	Noun
лоджия	Noun
локальды	Adjective
локатор	Noun
локаут	Noun
локация	Noun
локомотив	Noun
локомоция	Noun
локсодромия	Noun
ломбард	Noun
ломбардтық	Adjective
ломбер	Noun
лонгет	Noun
лондондық	Noun
лонжерон	Noun
лорд	Noun
лорнет	Noun
лотерея	Noun
лотос	Noun
лоция	Noun
лояльді	Adjective
лоқсытарлық	Adjective
лугорез	Noun
луидор	Noun
лукума	Noun
люизит	Noun
люминал	Noun
люминесценттік	Adjective
люминесценция	Noun
люнет	Noun
люпус	Noun
люстрин	Noun
лютеин	Noun
лютенций	Noun
лютеран	Noun
лямбда	Noun
ляпис	Noun
лұғат	Noun
ләззат	Noun
ләззатты	Adjective
магента	Noun
магистр	Noun
магистраль	Noun
магистральдық	Adjective
магистральді	Adjective
магистральдік	Adjective
магистрат	Noun
магистратура	Noun
магма	Noun
магнат	Noun
магнезит	Noun
магнезия	Noun
магнетизм	Noun
магнетит	Noun
магнетиттік	Adjective
магнетохимия	Noun
магнетрон	Noun
магний	Noun
магнит	Noun
магнитометр	Noun
магнитосфера	Noun
магнитофон	Noun
магнитті	Adjective
магнолия	Noun
мадам	Noun
мадақ	Noun
мадақта	Verb
мадақтау	Noun
мадригал	Noun
мадурация	Noun
мажор	Noun
мажордом	Noun
маза	Noun
мазала	Verb
мазар	Noun
мазасыз	Adjective
мазасыздан	Verb
мазақ	Adjective
мазақ	Noun
мазақта	Verb
мазақы	Adjective
мазер	Noun
мазмұн	Noun
мазмұндама	Noun
мазмұнды	Adjective
мазмұнсыз	Adjective
мазохизм	Noun
мазохисттік	Adjective
мазһаб	Noun
маис	Noun
май	Noun
майда	Adjective
майдалағыш	Noun
майдан	Noun
майдангер	Noun
майдандас	Noun
майдандасу	Noun
майдашөп	Noun
майжуаз	Noun
майла	Verb
майлайтын	Adjective
майланатын	Adjective
майланған	Adjective
майлаушы	Noun
майлағыш	Noun
майлы	Adjective
майлы	Adverb
майлылау	Adjective
майлық	Noun
маймақ	Adjective
маймыл	Noun
маймылдан	Verb
майонез	Noun
майоран	Noun
майорат	Noun
майсауыт	Noun
майталман	Adjective
майтамыр	Noun
майшабақ	Noun
майшам	Noun
майып	Adjective
майыр	Noun
майыр	Verb
майыс	Verb
майыстыр	Verb
майыстырылған	Adjective
майысқан	Adjective
майысқақ	Adjective
майысқақтық	Noun
майқанда	Verb
макарон	Noun
макет	Noun
макинтош	Noun
маклер	Noun
макрожанұя	Noun
макроклимат	Noun
макрокосм	Noun
макромолекула	Noun
макромолекулалы	Adjective
макронуклеус	Noun
макрорельеф	Noun
макроскопиялық	Adjective
макросоциология	Noun
макросурет	Noun
макроцефалия	Noun
макроэкономикалық	Adjective
максвелл	Noun
максималды	Adjective
максимализм	Noun
максималист	Noun
максимум	Adjective
максимум	Noun
мал	Noun
мал	Verb
малай	Noun
малайзийлік	Adjective
малакология	Noun
малахит	Noun
малахитты	Adjective
малды	Adjective
малт	Verb
малта	Noun
малти	Verb
малту	Noun
малшы	Noun
малшылық	Noun
мальтоза	Noun
малғұн	Adjective
мама	Noun
маман	Noun
мамандан	Verb
мамандандыр	Verb
мамандандыру	Noun
мамандандырыл	Verb
мамандандырылған	Adjective
мамандану	Noun
маманданым	Noun
мамандық	Noun
маммография	Noun
маммология	Noun
мамонт	Noun
мамыр	Noun
мамыра	Adjective
мамыргүл	Noun
мамық	Adjective
мамық	Noun
мамықта	Verb
мамықты	Adjective
мамықтық	Noun
манат	Noun
манаура	Verb
мангал	Noun
манганин	Noun
манганит	Noun
манго	Noun
мангралық	Adjective
мандай	Noun
мандат	Noun
мандолина	Noun
мандымдыз	Adjective
маневр	Noun
манеждік	Adjective
манекен	Noun
манекенші	Noun
маникюр	Noun
манифест	Noun
манифестация	Noun
манишка	Noun
мания	Noun
манометр	Noun
мансап	Noun
мансаптанған	Adjective
мансапқор	Adjective
мансапқор	Noun
мансапқорлық	Noun
мантисса	Noun
мантия	Noun
манускрипт	Noun
мануфактура	Noun
маньяк	Noun
маонисттік	Adjective
марал	Noun
маралқурай	Noun
марапат	Noun
марапатта	Verb
марафон	Noun
марганец	Noun
маргарин	Noun
маргинализация	Noun
мардымды	Adverb
мардымсыз	Adjective
маржан	Noun
маржанды	Adjective
марзан	Noun
мари	Noun
маринадталған	Adjective
марионетка	Noun
марихуана	Noun
марка	Noun
марказит	Noun
маркалаушы	Noun
маркалы	Adjective
маркетинг	Noun
маркетингтік	Adjective
маркетрия	Noun
маркеттеу	Noun
маркиз	Noun
марксизм	Noun
марокен	Noun
марроколық	Adjective
марстық	Noun
мартен	Noun
мартингал	Noun
мархабатты	Adjective
марципан	Noun
марш	Noun
маршал	Noun
маршрут	Noun
маршрутка	Noun
марғау	Noun
марқабатты	Adjective
марқұм	Adjective
марқұм	Noun
мас	Adjective
маса	Noun
масай	Verb
масайрататын	Adjective
масайрау	Noun
масайраған	Adjective
масала	Verb
масаттан	Verb
масаттану	Noun
масаттанған	Adjective
масаты	Noun
масаққұрт	Noun
маскарад	Noun
маскүнем	Adjective
маскүнем	Noun
маскүнемдік	Noun
масоншылдық	Noun
масса	Noun
массагет	Noun
массаж	Noun
массив	Noun
мастан	Verb
мастер	Noun
мастодонт	Noun
мастурбация	Noun
мастық	Noun
мастықпен	Adverb
мастэктомия	Noun
масштаб	Noun
масқара	Adjective
масқара	Adverb
масқара	Noun
масқарала	Verb
масқаралайтын	Adjective
масқаралық	Noun
масқарапаз	Noun
мата	Noun
мата	Verb
маталық	Adjective
матастыр	Verb
математик	Adjective
математик	Noun
математика	Noun
математикалық	Adjective
материал	Noun
материалдық	Adjective
материалдық	Adverb
материализация	Noun
материализм	Noun
материалистік	Adjective
материалсыздандыру	Noun
материк	Noun
материя	Noun
материялылық	Noun
матрас	Noun
матрац	Noun
матриархат	Noun
матриархаттық	Adjective
матрикс	Noun
матрикул	Noun
матрица	Noun
матрос	Noun
матч	Noun
маубастан	Verb
маужыра	Verb
маузер	Noun
маусым	Noun
маусымды	Adjective
маусымдық	Adjective
маусымшы	Noun
мауыр	Noun
мафия	Noun
махаббат	Noun
махалла	Noun
махизм	Noun
мачете	Noun
машақат	Noun
машақатсыз	Adjective
машақаттан	Verb
машина	Noun
машиналандыр	Verb
машиналандыру	Noun
машинист	Noun
машықтан	Verb
машықтандыратын	Adjective
машықтану	Noun
мая	Noun
маяк	Noun
маяла	Verb
маялаушы	Noun
маялауыш	Noun
маятник	Noun
мағлұм	Adjective
мағлұмат	Noun
мағлұматсыз	Adjective
мағлұматты	Adjective
мағлұмдама	Noun
мағына	Noun
мағыналас	Adjective
мағыналық	Adjective
мағынасыз	Adjective
мағынасыз	Adverb
мағынасыздық	Noun
мақал	Noun
мақала	Noun
мақам	Noun
мақпал	Noun
мақсат	Noun
мақсатсыз	Adjective
мақсатсыз	Adverb
мақсаттағыдай	Adjective
мақсатты	Adjective
мақсым	Noun
мақсұм	Noun
мақта	Noun
мақта	Verb
мақталған	Adjective
мақтан	Verb
мақтаншақ	Adjective
мақтаншақтық	Noun
мақтаныш	Noun
мақтанышпен	Adverb
мақтанған	Adjective
мақұлда	Verb
мақұлдама	Verb
мақұлдаған	Adjective
маң	Noun
маңай	Noun
маңайлас	Verb
маңдай	Adjective
маңдай	Noun
маңдайлық	Adjective
маңдайша	Noun
маңыз	Noun
маңыздану	Noun
маңызды	Adjective
маңызды	Adverb
маңыздылық	Noun
маңыздысы	Adverb
маңызсыз	Adjective
маңызсыз	Adverb
маңызсыздылық	Noun
маңында	Adverb
маңғаз	Adjective
маңғаз	Noun
маңғазданған	Adjective
маһшар	Noun
мебель	Noun
мегабайт	Noun
мегабит	Noun
мегакариоцит	Noun
мегалит	Noun
мегалитикалық	Adjective
мегаполис	Noun
мегатонна	Noun
мегафон	Noun
мегежін	Noun
мед	Noun
медаль	Noun
медальон	Noun
меджлис	Noun
медиана	Noun
медиатор	Noun
медикалық	Adjective
медицина	Noun
медициналық	Adjective
медициналық	Adverb
медресе	Noun
медуза	Noun
медулярлы	Adjective
межеле	Verb
межелеу	Noun
межелі	Adjective
мезгіл	Noun
мезгілдес	Adverb
мезгілді	Adjective
мезгілдік	Adjective
мезгілсіз	Adjective
мезенхималық	Adjective
мезенхиман	Noun
мезет	Noun
мезодерма	Noun
мезодермалық	Adjective
мезозой	Noun
мезокарпий	Noun
мезокрасия	Noun
мезолит	Noun
мезонин	Noun
мезосфера	Noun
мезофильді	Adjective
мезі	Adjective
мейман	Noun
меймандос	Adjective
мейманхана	Noun
мейманшыл	Adjective
мейотикалық	Adjective
мейрам	Adjective
мейрам	Noun
мейрамда	Verb
мейрамхана	Noun
мейіз	Noun
мейір	Noun
мейірбан	Adjective
мейірбанды	Adjective
мейірбандылық	Noun
мейірлі	Adjective
мейірім	Noun
мейірімді	Adjective
мейірімділік	Noun
мейірімсіз	Adjective
мейірімсіздік	Noun
мекеме	Noun
мекемелік	Adjective
мекен	Noun
мекенде	Verb
мекендендір	Verb
мекендеуші	Noun
мекенжай	Noun
мекерлік	Noun
мекония	Noun
мексикалық	Adjective
мектеп	Noun
мектепалды	Adjective
мектептік	Adjective
меламин	Noun
меланж	Noun
меланин	Noun
меланома	Noun
меланоцит	Noun
меланхолиялық	Adjective
мелинит	Noun
мелодрама	Noun
мелодрамалық	Adjective
меломан	Noun
меломания	Noun
мелши	Verb
мелшиген	Adjective
мельхиор	Noun
мембрана	Noun
мембраналық	Adjective
мемлекет	Noun
мемлекетаралық	Adjective
мемлекеттендіру	Noun
мемлекеттілік	Noun
меморандум	Noun
мемориал	Noun
мемориалдық	Adjective
меморизация	Noun
менгир	Noun
менделевий	Noun
менделизм	Noun
менеджер	Noun
менеджмент	Noun
мензурка	Noun
менингит	Noun
менмен	Adjective
менмендік	Noun
менменсі	Verb
менменсінген	Adjective
менменшіл	Adjective
менопауза	Noun
меноррагия	Noun
менсін	Verb
менсінбе	Verb
менсінбеген	Adjective
менсінбеушілік	Noun
ментальді	Adjective
ментол	Noun
менуэт	Noun
меншік	Noun
меншікте	Verb
меншіктен	Verb
меншіктенуші	Noun
меншіктеу	Noun
меншіктең	Verb
меншікті	Adjective
меньшевизм	Noun
мерген	Adjective
мерген	Noun
мердігер	Noun
мердігерлік	Adjective
мердігерші	Noun
мерез	Noun
мерей	Noun
мерейтой	Noun
мереке	Noun
мерекеле	Verb
мерекеленген	Adjective
мерекелі	Adverb
мерекелік	Adjective
мерекелік	Noun
меретой	Noun
мерзім	Noun
мерзімді	Adjective
меридиан	Noun
меридиандық	Adjective
меридионалді	Adjective
меринос	Noun
мерисматикалық	Adjective
меристем	Noun
меркантилизм	Noun
мерланг	Noun
мероморфтық	Adjective
мерсерлеу	Noun
мерт	Noun
мерәсім	Noun
месел	Noun
мессианизм	Noun
местком	Noun
метаболизм	Noun
метаболит	Noun
метаболиялық	Adjective
метабуддизм	Noun
метал	Noun
металдау	Noun
металды	Adjective
металдық	Adjective
металингвистикалық	Adjective
металл	Noun
металлоид	Noun
металлохимия	Noun
металлург	Noun
металлургия	Noun
металлургиялық	Adjective
метаморфизм	Noun
метаморфтық	Adjective
метан	Noun
метанол	Noun
метаномикалық	Adjective
метанысана	Noun
метапакет	Noun
метастаз	Noun
метатеория	Noun
метатіл	Noun
метатұрақты	Adjective
метафизик	Noun
метафизикалық	Adjective
метафморф	Noun
метафора	Noun
метафоралық	Adjective
метахроматикалық	Adjective
метацентрлік	Adjective
метеор	Noun
метеоризм	Noun
метеорит	Noun
метеорлық	Adjective
метеорограф	Noun
метеоролог	Noun
метеорология	Noun
метеорологиялық	Adjective
метил	Noun
метионин	Noun
методика	Noun
методикалық	Adjective
методолог	Noun
методология	Noun
метонимия	Noun
метоп	Noun
метопикалық	Adjective
метр	Noun
метрикалық	Adjective
метрлік	Adjective
метро	Noun
метролог	Noun
метрология	Noun
метроном	Noun
метрополис	Noun
метрополитен	Noun
метрополия	Noun
метроррагия	Noun
механизация	Noun
механизм	Noun
механик	Adjective
механик	Noun
механика	Noun
механикаландыру	Noun
механикаландырылған	Adjective
механикалық	Adjective
механицизм	Noun
мехраб	Noun
мешкей	Noun
мешкейлік	Noun
мешін	Noun
мешіт	Noun
мең	Noun
меңгер	Verb
меңгеру	Noun
меңгеруші	Noun
меңді	Adjective
меңзе	Verb
меңзер	Noun
меңіреу	Adjective
меңіреу	Noun
меңіреулік	Noun
ми	Adjective
ми	Noun
миазм	Noun
миалгия	Noun
мигрант	Noun
миграция	Noun
миграциялық	Adjective
мигрень	Noun
мидай	Adjective
мидия	Noun
мидық	Adjective
миелин	Noun
миелома	Noun
мизантропия	Noun
миканит	Noun
микология	Noun
микроб	Noun
микробиология	Noun
микробиологиялық	Adjective
микроблогер	Noun
микробтық	Adjective
микробөлшек	Noun
микрожіпше	Noun
микрозона	Noun
микроинъекция	Noun
микроклимат	Noun
микрокомпьютер	Noun
микроконтроллер	Noun
микрокосм	Noun
микрокосмос	Noun
микрокристалдық	Adjective
микрокүй	Noun
микролиттік	Adjective
микроманометр	Noun
микрометр	Noun
микрометрия	Noun
микрон	Noun
микронуклеус	Noun
микроорганизм	Noun
микропалеонтология	Noun
микропроцессор	Noun
микросекунд	Noun
микроскоп	Noun
микроскопия	Noun
микроскопиялық	Adjective
микросома	Noun
микросоциология	Noun
микроспория	Noun
микротаразы	Noun
микротелефон	Noun
микротолқын	Noun
микротүтікше	Noun
микрофиламент	Noun
микрофильм	Noun
микрофон	Noun
микрофотография	Noun
микрохимия	Noun
микрохирургия	Noun
микроцефалия	Noun
микроэкономикалық	Adjective
микроэлемент	Noun
микроқұрылым	Noun
микроәлем	Noun
микседема	Noun
микстура	Noun
милитаризация	Noun
милитаризм	Noun
милитаристтік	Adjective
милитарландыру	Noun
милиция	Noun
милленаризм	Noun
миллиард	Noun
миллиардер	Noun
миллиграмм	Noun
миллиметр	Noun
миллион	Noun
миллионер	Noun
миллисекунд	Noun
миль	Noun
миля	Noun
мим	Noun
мимоза	Noun
мина	Noun
миналанған	Adjective
миналық	Adjective
минерал	Noun
минералдау	Noun
минералды	Adjective
минералдық	Adjective
минералогия	Noun
миниатюра	Noun
миниатюралық	Adjective
миниатюризация	Noun
миникомпьютер	Noun
минимизация	Noun
минимум	Adjective
минимум	Noun
министр	Noun
министрлік	Adjective
министрлік	Noun
миниқор	Noun
миномет	Noun
минометші	Noun
минор	Noun
миноритарлы	Adjective
минотавр	Noun
минус	Noun
минут	Noun
минуттік	Adjective
миоглобин	Noun
миозин	Noun
миокард	Noun
миокардит	Noun
миопатия	Noun
миопия	Noun
миофиламент	Noun
мир	Noun
мирабалит	Noun
мирас	Noun
мирассыз	Adjective
мириад	Noun
мирра	Noun
мирт	Noun
миссионер	Noun
миссионерлік	Adjective
миссия	Noun
мистер	Noun
мистерия	Noun
мистикалық	Adjective
мистификация	Noun
мистицизм	Noun
мистраль	Noun
мисыз	Adjective
мисыздық	Noun
митинг	Noun
митоздық	Adjective
митохондрия	Noun
митохондриялық	Adjective
митра	Noun
митрополия	Noun
миуалы	Noun
миф	Noun
мифология	Noun
мифологиялық	Adjective
мифтік	Adjective
мицелла	Noun
миық	Noun
мия	Noun
мкм	Noun
млн	Noun
млрд	Noun
мм	Noun
мнемоникалық	Adjective
мобилизация	Noun
мобильді	Adjective
могикан	Noun
модалділік	Noun
модальды	Adjective
моделизм	Noun
модель	Noun
модельде	Verb
модельдеу	Noun
модем	Noun
модерн	Noun
модернизация	Noun
модернизм	Noun
модернист	Adjective
модиолус	Noun
модуль	Noun
модульдік	Adjective
модулятор	Noun
модуляция	Noun
модус	Noun
мозабиктік	Adjective
мозаика	Noun
мозолин	Noun
мойын	Adjective
мойын	Noun
мойында	Verb
мойындама	Verb
мойындамау	Noun
мойындау	Noun
мойындаушы	Adjective
мойындаған	Adjective
мойындық	Noun
мойынсұн	Verb
мойынтақ	Noun
мол	Adverb
мола	Noun
молай	Verb
молайт	Verb
моласса	Noun
молда	Noun
молдаван	Noun
молдық	Noun
молекула	Noun
молекулааралық	Adjective
молекулалық	Adjective
молибден	Noun
молшылық	Noun
мольберт	Noun
моляльдылық	Noun
молярлық	Noun
момақан	Adjective
момақан	Noun
момент	Noun
момын	Adjective
момын	Adverb
момын	Noun
момындық	Noun
монаколық	Adjective
монарх	Noun
монархизм	Noun
монархист	Adjective
монархия	Noun
монархиялық	Adjective
монастырь	Noun
монах	Noun
монахтық	Adjective
монголоид	Adjective
монема	Noun
монета	Noun
монетаризм	Noun
монетаристтік	Adjective
монизм	Noun
монитор	Noun
мониторинг	Noun
моногамия	Noun
монограмма	Noun
монография	Noun
монографиялық	Adjective
монодия	Noun
монодиялық	Noun
моноклинальды	Adjective
монокль	Noun
моноксид	Noun
монолит	Noun
монолиттік	Adjective
монолог	Noun
мономания	Noun
мономер	Noun
монометаллизм	Noun
мономәдениет	Noun
мононуклеотид	Noun
моноплан	Noun
моноплойдты	Adjective
монополизм	Noun
монополия	Noun
монополиялан	Verb
монополиялау	Noun
монополиялық	Adjective
монорельс	Noun
монорхидизм	Noun
моносахарид	Noun
моносиллабизм	Noun
монотеизм	Noun
монотеистік	Adjective
монотип	Noun
монотипия	Noun
монотұрақты	Adjective
моноуральдық	Adjective
монохроматикалық	Adjective
монохромды	Adjective
моноцикл	Noun
моноцит	Noun
монтаждау	Noun
монтаждаушы	Noun
монтаныс	Verb
монумент	Noun
монументалді	Adjective
монументтік	Adjective
монша	Noun
моншашы	Noun
моншақ	Noun
мопед	Noun
моралді	Adjective
морализм	Noun
мораль	Noun
моральдық	Adjective
моральсыздық	Noun
мораторий	Noun
морганатикалық	Adjective
морж	Noun
морзе	Noun
морттық	Noun
морфема	Noun
морфематикалық	Adjective
морфий	Noun
морфин	Noun
морфинг	Noun
морфинизм	Noun
морфогенетикалық	Adjective
морфология	Noun
морфологиялық	Adjective
морфометриялық	Adjective
морфонология	Noun
морфосинтаксистік	Adjective
морфофизиологикалық	Adjective
морфоқұрылым	Noun
мосы	Noun
мосқал	Adjective
мотель	Noun
мотет	Noun
мотив	Noun
мотоатқыш	Noun
мотобол	Noun
мотовоз	Noun
мотодром	Noun
мотоклуб	Noun
мотокросс	Noun
мотоландырылған	Adjective
мотор	Noun
моторландыру	Noun
моторлы	Adjective
мотороллер	Noun
мотоспорт	Noun
мотоцикл	Noun
мотоциклет	Noun
мохер	Noun
мрамор	Noun
муар	Noun
муза	Noun
музей	Noun
музейлік	Adjective
музыка	Noun
музыкалық	Adjective
музыкант	Noun
музыкатану	Noun
муллит	Noun
мульти	Adjective
мультилингуализм	Noun
мультимедиялы	Adjective
мультиметр	Noun
мультиплексор	Noun
мультипликатор	Noun
мультипликация	Noun
мультипроцессор	Noun
мультипісіргіш	Noun
мультиәлем	Noun
мультфильм	Noun
мумификация	Noun
мумия	Noun
мундир	Noun
муниципалды	Adjective
муниципалдық	Adjective
муниципалитет	Noun
мускус	Noun
мусс	Noun
муссон	Noun
мутант	Noun
мутация	Noun
мутреб	Noun
мутуализм	Noun
мутуалисттік	Adjective
муцин	Noun
мушкет	Noun
мушмула	Noun
мыж	Verb
мыжың	Adjective
мызғымас	Adjective
мызғымастық	Noun
мылжала	Verb
мылжың	Adjective
мылжың	Noun
мылжыңда	Verb
мылтық	Noun
мылқау	Noun
мылқаулық	Noun
мынадай	Adjective
мынадай	Noun
мында	Adverb
мырза	Noun
мырыш	Noun
мырышта	Verb
мырышты	Adjective
мыс	Noun
мысал	Noun
мысалсыз	Adjective
мысшы	Noun
мысырлық	Adjective
мысырлық	Noun
мысыртану	Noun
мысық	Adjective
мысық	Noun
мысқал	Noun
мышьяк	Noun
мығым	Adjective
мықта	Verb
мықты	Adjective
мықты	Adverb
мықын	Noun
мың	Noun
мыңдық	Adjective
мыңжылдык	Noun
мыңжылдық	Noun
мыңқылда	Verb
мэр	Noun
мюзикл	Noun
мін	Noun
мін	Verb
мінажат	Noun
мінбе	Noun
мінгіз	Verb
міндет	Noun
міндетте	Verb
міндеттеме	Noun
міндеттен	Verb
міндетті	Adjective
міндеттілер	Noun
мінді	Adjective
міне	Adverb
міне	Verb
мінез	Noun
мінезде	Verb
мінездеме	Noun
мінездемелі	Adjective
мінезді	Adjective
мінездік	Adjective
мінезсіз	Adjective
мінезтану	Noun
мінеки	Adverb
мінсіз	Adjective
мінсіз	Adverb
мінсіздік	Noun
мінші	Adjective
міншіл	Adjective
міңгірле	Verb
мүгедек	Adjective
мүгедек	Noun
мүгедектен	Verb
мүгедектік	Noun
мүгжидек	Noun
мүдде	Noun
мүдделі	Adjective
мүдделік	Noun
мүдір	Verb
мүдірмейтін	Adjective
мүж	Verb
мүйіз	Noun
мүйізгектену	Noun
мүйізде	Verb
мүйізді	Adjective
мүйізкөк	Noun
мүйізтұмсық	Noun
мүйіс	Noun
мүк	Noun
мүкжидек	Noun
мүкіс	Noun
мүлге	Verb
мүлгу	Noun
мүлгі	Verb
мүлде	Adverb
мүлдем	Adverb
мүлік	Adjective
мүлік	Noun
мүліктен	Verb
мүліктік	Adjective
мүмкін	Adjective
мүмкін	Adverb
мүмкіндік	Noun
мүмкіншілік	Noun
мүмін	Noun
мүрдеші	Noun
мүриттік	Noun
мүсін	Noun
мүсінді	Adjective
мүсіндік	Adjective
мүсінше	Noun
мүсінші	Noun
мүсәпір	Adjective
мүсәтір	Noun
мүше	Noun
мүшел	Noun
мүшеле	Verb
мүшелтой	Noun
мүшелік	Noun
мүшкіл	Adjective
мүңк	Verb
мұз	Adjective
мұз	Noun
мұзда	Verb
мұздай	Adjective
мұздалған	Adjective
мұздан	Verb
мұздатушы	Noun
мұздатылған	Adjective
мұздатқыш	Noun
мұздаған	Adjective
мұзды	Adjective
мұздық	Adjective
мұздық	Noun
мұзжарғыш	Noun
мұзойнақ	Noun
мұзқатқақ	Noun
мұзқатқы	Noun
мұнай	Noun
мұнайберіліс	Noun
мұнайхимия	Noun
мұнайхимиялық	Noun
мұнайшы	Noun
мұнар	Noun
мұнара	Noun
мұнафық	Noun
мұнда	Adverb
мұндай	Adverb
мұнтаздай	Adjective
мұнтаздық	Adjective
мұншама	Adverb
мұра	Noun
мұрагер	Noun
мұрагерлік	Adjective
мұрагерлік	Noun
мұражай	Noun
мұражайлық	Adjective
мұралас	Noun
мұралық	Adjective
мұрат	Noun
мұрағат	Noun
мұржа	Noun
мұрса	Noun
мұрсат	Noun
мұрт	Noun
мұртсыз	Adjective
мұртты	Adjective
мұртша	Noun
мұрша	Noun
мұрын	Noun
мұрынды	Adjective
мұрындық	Adjective
мұрындық	Noun
мұсылман	Noun
мұсылмандық	Adjective
мұсылмандық	Noun
мұсылманша	Adverb
мұхит	Noun
мұхиттану	Noun
мұхиттық	Adjective
мұғалім	Noun
мұғжиза	Noun
мұқа	Verb
мұқаба	Noun
мұқат	Verb
мұқатты	Adjective
мұқият	Adjective
мұқият	Adverb
мұқтаж	Noun
мұқтаждық	Noun
мұң	Noun
мұңай	Verb
мұңайыңқыра	Verb
мұңайған	Adjective
мұңдан	Verb
мұңды	Adjective
мұңсыз	Adjective
мәдени	Adjective
мәдениет	Noun
мәдениетаралық	Adjective
мәдениетсіз	Adjective
мәдениеттану	Noun
мәдениетті	Adjective
мәдениетті	Adverb
мәдениеттілік	Noun
мәжбүр	Adjective
мәжбүрле	Verb
мәжбүрлік	Noun
мәжнүн	Adjective
мәжуси	Adjective
мәжіліс	Noun
мәз	Adjective
мәзір	Noun
мәймөңкелен	Verb
мәйіт	Noun
мәйітхана	Noun
мәлмитіп	Adverb
мәлім	Adjective
мәлімде	Verb
мәлімдеме	Noun
мәлімдеуші	Noun
мәлімділік	Noun
мәлімет	Noun
мәліметші	Noun
мәмле	Noun
мәміле	Noun
мәмілегер	Noun
мәмілегерлі	Adjective
мәмілегерлі	Adverb
мәмілешіл	Adjective
мән	Noun
мәндес	Adjective
мәнді	Adjective
мәнер	Noun
мәнерле	Verb
мәнерлі	Adjective
мәнерлі	Adverb
мәнет	Noun
мәнмәтін	Noun
мәнсіз	Adjective
мәпеле	Verb
мәрмәр	Adjective
мәрмәр	Noun
мәрт	Adjective
мәрте	Noun
мәртебе	Noun
мәртебелі	Adjective
мәртебелі	Noun
мәртебелілік	Noun
мәрхамет	Noun
мәселе	Noun
мәселелік	Adjective
мәселен	Adverb
мәселенама	Noun
мәскеулік	Adjective
мәскеулік	Noun
мәслихат	Noun
мәссаған	Adverb
мәстек	Noun
мәтел	Noun
мәтелдік	Adjective
мәтін	Noun
мәтіндік	Adjective
мәтінші	Noun
мәңгі	Adverb
мәңгілік	Adjective
мәңгілік	Noun
мөлдір	Adjective
мөлдір	Adverb
мөлдірлік	Noun
мөлдірлілік	Noun
мөлтілде	Verb
мөлш	Noun
мөлшер	Noun
мөлшерленбеген	Adjective
мөлшерлес	Adjective
мөлшерлеуіш	Noun
мөлшерлі	Adjective
мөлшерсіз	Adjective
мөлшерсіз	Adverb
мөр	Noun
мөртабан	Noun
мөрқалып	Noun
навигация	Noun
навигациялық	Adjective
надан	Adjective
надан	Noun
надандық	Noun
надир	Noun
надұрыс	Noun
назализация	Noun
назар	Noun
наздан	Verb
найза	Noun
найзағай	Noun
найман	Noun
найсап	Adjective
нала	Noun
намаз	Noun
наменгер	Noun
намыс	Noun
намыскер	Adjective
намыссыз	Adjective
намыстан	Verb
намысты	Adjective
нан	Adjective
нан	Noun
нан	Verb
нанды	Adjective
нандыр	Verb
нанжидек	Noun
наноматериал	Noun
нанотехнология	Noun
нанхана	Noun
наншы	Noun
наным	Noun
нанымды	Adverb
нанымпаз	Adjective
нанған	Adjective
нанғысыз	Adjective
нанғысыз	Adverb
нанғысыз	Noun
нанғыш	Adjective
напалм	Noun
напьерлік	Adjective
наразы	Adjective
наразылық	Noun
нард	Noun
наркодиспансер	Noun
наркоз	Noun
нарколепсия	Noun
нарколог	Noun
наркология	Noun
наркотик	Noun
нарцистік	Adjective
нарық	Noun
нарықтаушы	Noun
нарықты	Adjective
нарықтық	Adjective
нарғызгүл	Noun
нас	Adjective
насара	Noun
насихат	Noun
насихатта	Verb
насихаттау	Noun
насихатшы	Noun
насос	Noun
настурция	Noun
нативизм	Noun
натолық	Adjective
натрий	Noun
натуралды	Adjective
натурализм	Noun
натуралистік	Adjective
натурашы	Noun
натурфилософия	Noun
натюрморт	Noun
науалы	Adjective
науат	Noun
науаша	Noun
наубай	Noun
наубайхана	Noun
наубайшы	Noun
наурыз	Noun
наурызнама	Noun
науша	Noun
науқан	Noun
науқаншы	Noun
науқас	Noun
науқастан	Verb
нацизм	Noun
нашар	Adjective
нашар	Noun
нашарла	Verb
нашарлан	Verb
нашарлық	Noun
нашақор	Noun
нашақорлық	Noun
нағашы	Noun
нағыз	Adjective
нағыз	Noun
нақ	Adjective
нақ	Adverb
нақсүйер	Adjective
нақты	Adjective
нақтыла	Verb
нақтылан	Verb
нақтылау	Noun
нақтылы	Adjective
нақтылы	Adverb
нақыл	Noun
нақыста	Verb
нақысшы	Noun
нақышта	Verb
нақұрыс	Noun
нақұрыстан	Verb
нақұрыстық	Noun
небір	Adjective
небір	Noun
небәрі	Adverb
невралгия	Noun
неврастения	Noun
невроз	Noun
невролог	Noun
неврология	Noun
невропатолог	Noun
невропатология	Noun
негатив	Noun
негативизм	Noun
негіз	Noun
негізгі	Adjective
негізгі	Adverb
негізгінде	Adverb
негізде	Verb
негіздегі	Adjective
негіздел	Verb
негіздеме	Noun
негіздеуші	Noun
негізділік	Noun
негізі	Adverb
негізінен	Adverb
нейлон	Noun
нейробұлшықеттік	Adjective
нейрокраниум	Noun
нейромедиатор	Noun
нейрон	Noun
нейропсихология	Noun
нейроптерон	Noun
нейрофизикалық	Adjective
нейрофиламент	Noun
нейрохимия	Noun
нейрохирург	Noun
нейрохирургия	Noun
нейрохирургиялық	Adjective
нейтрализация	Noun
нейтрино	Noun
нейтрон	Noun
нейтропения	Noun
нейтрофилді	Adjective
нейтрофильді	Adjective
неке	Noun
некелен	Verb
некелес	Verb
некелік	Adjective
некес	Adjective
некрофагты	Adjective
неліктен	Adverb
нематод	Noun
немене	Adverb
немере	Noun
неміс	Adjective
немқұрайлы	Adjective
немқұрайлы	Adverb
немқұрайлылық	Noun
неоантроп	Noun
необуддизм	Noun
неовитализм	Noun
неодим	Noun
неоклассицизм	Noun
неоколониализм	Noun
неолиберализм	Noun
неолит	Noun
неологизм	Noun
неологистикалық	Adjective
неон	Noun
неонаталдық	Adjective
неонацизм	Noun
неонацистік	Adjective
неоплазия	Noun
неоплатонизм	Noun
неореализм	Noun
неофашизм	Noun
неофашистік	Adjective
непотизм	Noun
нептуний	Noun
нерв	Noun
несеп	Noun
несие	Adjective
несие	Noun
несиегер	Noun
несиеле	Verb
несиелік	Adjective
несібе	Noun
неуклюжесть	Noun
неф	Noun
нефрит	Noun
нефроз	Noun
нешінші	Noun
неғайбыл	Adjective
неғұрлым	Adverb
неғұрлым	Noun
нивелир	Noun
нивелирлеуші	Noun
нигилизм	Noun
нигилистикалық	Adjective
ниет	Noun
ниеттен	Verb
ниеттес	Noun
ниеттестік	Noun
ниеттесу	Noun
ниеттілі	Adverb
никелин	Noun
никель	Noun
никельдеуші	Noun
никотин	Noun
нильпотентті	Adjective
нимфа	Noun
нимфоманктық	Adjective
ниобий	Noun
нитрат	Noun
нитрид	Noun
нитрил	Noun
нитрит	Noun
нитрификация	Noun
нитробензол	Noun
нитроглицерин	Noun
нитроцеллюлоза	Noun
нм	Noun
нобай	Noun
нобелий	Noun
новелдік	Adjective
новокаин	Noun
нокаут	Noun
нокдаун	Noun
ноктюрн	Noun
номадизм	Noun
номиналды	Adjective
номинализм	Noun
номинальді	Adjective
номинация	Noun
номограмма	Noun
нониус	Noun
нонконформист	Noun
нонтронит	Noun
норвег	Noun
норвегиялық	Adjective
норвеж	Adjective
норма	Noun
нормала	Verb
нормаланбаған	Adjective
нормаландыру	Noun
нормаланған	Adjective
нормалау	Noun
нормалаушы	Noun
нормалы	Adjective
норматив	Noun
нормативті	Adjective
нормативтік	Adjective
ностальгия	Noun
ностратикалық	Adjective
нота	Noun
нотариалды	Adjective
нотариалдық	Adjective
нотариат	Noun
нотариус	Noun
ноутбук	Noun
ноян	Noun
ноғай	Noun
ноқта	Noun
ну	Noun
нудистік	Adjective
нуклеаза	Noun
нуклеарлық	Adjective
нуклеин	Noun
нуклеозид	Noun
нуклеоплазма	Noun
нуклеотид	Noun
нулы	Adjective
нумерология	Noun
нумизматика	Noun
нумизматшы	Noun
нунциатура	Noun
нысан	Noun
нысана	Noun
нысаналау	Noun
нысанасыз	Adjective
нысандандырылған	Adjective
нысапсыз	Adjective
нысапты	Adjective
нышан	Noun
нығай	Verb
нығайт	Verb
нығайту	Noun
нығайтылған	Adjective
нығайтқыш	Noun
нығаю	Noun
нығмет	Noun
нығыз	Adverb
нығызда	Verb
нығыздалған	Adjective
нығыздаушы	Noun
нығыздық	Noun
нық	Adjective
нықта	Verb
нықтан	Verb
ньютон	Noun
нюанс	Noun
ніл	Noun
нүкте	Noun
нұр	Noun
нұрлан	Verb
нұрландыр	Verb
нұрлы	Adjective
нұсқа	Noun
нұсқа	Verb
нұсқау	Noun
нұсқаулық	Adjective
нұсқаулық	Noun
нұсқаушы	Noun
нұқ	Verb
нұқсан	Noun
нәжістер	Noun
нәзік	Adjective
нәзік	Adverb
нәзік	Noun
нәзіктенушілік	Noun
нәзіктік	Noun
нәмәрттық	Noun
нәпсі	Noun
нәпсіқор	Adjective
нәпсіқор	Adverb
нәпсіқұмар	Adjective
нәпіл	Adjective
нәр	Noun
нәресте	Noun
нәрестелік	Noun
нәрестехана	Noun
нәркес	Noun
нәрлі	Adjective
нәрлі	Noun
нәрсе	Noun
нәрсу	Noun
нәрсіз	Adjective
нәруыз	Noun
нәсіл	Noun
нәсілдік	Adjective
нәсілшіл	Adjective
нәсілшілдік	Noun
нәтиже	Noun
нәтижеле	Verb
нәтижелі	Adjective
нәтижелік	Adjective
нәтижесіз	Adjective
нәтижесіз	Adverb
нөкер	Noun
нөл	Noun
нөмір	Noun
нөмірле	Verb
нөмірлеуіш	Noun
нөруыз	Noun
нөсер	Noun
нөсерлік	Adjective
оазис	Noun
оба	Noun
обелиск	Noun
обертон	Noun
обесцвеченные	Adjective
обком	Noun
облигация	Noun
облыс	Noun
облысаралық	Adjective
облыстық	Adjective
образ	Noun
образды	Adjective
обсерватория	Noun
обсидиан	Noun
обструкция	Noun
объект	Noun
объектив	Noun
объективация	Noun
объективистші	Noun
объективті	Adjective
объективті	Adverb
объективтік	Adjective
объектілік	Adjective
обырлық	Noun
обығу	Noun
овация	Noun
овоцит	Noun
овуляция	Noun
огр	Noun
ода	Noun
одағай	Noun
одақ	Noun
одақтас	Noun
одақтастық	Noun
одақтасу	Noun
одақтық	Adjective
одеон	Noun
одонтолог	Noun
одонтология	Noun
оенология	Noun
ожар	Adjective
ожау	Noun
оз	Verb
озат	Noun
озбырлық	Noun
озон	Noun
озу	Noun
озық	Adjective
озық	Adverb
озықтық	Noun
озғын	Noun
ой	Noun
ой	Verb
ойбайла	Verb
ойдағыдай	Adjective
ойдағыдай	Adverb
ойла	Verb
ойламай	Adverb
ойламайтын	Adjective
ойлампаз	Adjective
ойлан	Verb
ойлана	Adverb
ойланбастан	Adverb
ойландыр	Verb
ойланылған	Adjective
ойланған	Adjective
ойлас	Verb
ойластыр	Verb
ойлау	Noun
ойлаусыз	Adjective
ойлы	Adjective
ойлылық	Noun
оймақ	Noun
оймақгүл	Noun
оймен	Adjective
ойна	Verb
ойнат	Verb
ойнатушы	Noun
ойнақшыт	Verb
ойнақы	Adjective
ойнақы	Adverb
ойпат	Noun
ойранды	Adjective
ойраншөп	Noun
ойраңда	Verb
ойсыз	Adjective
ойсыра	Verb
ойша	Adverb
ойшаң	Adjective
ойшыл	Noun
ойыл	Verb
ойымша	Adverb
ойын	Noun
ойындық	Adjective
ойынхана	Noun
ойыншы	Noun
ойыншыл	Adjective
ойыншық	Noun
ойыс	Adjective
ойыстық	Noun
ойық	Noun
ойыңша	Adverb
ойқаста	Verb
окарина	Noun
океанография	Noun
океанографиялық	Adjective
океанология	Noun
окклюзия	Noun
оккультизм	Noun
окрошка	Noun
округ	Noun
округтік	Adjective
оксидоредуктаза	Noun
окситоникалық	Adjective
окситоцин	Noun
оксюморон	Noun
октава	Noun
октавия	Noun
октант	Noun
октаэдр	Noun
октет	Noun
окуляр	Noun
олай	Adverb
олақ	Adjective
олеография	Noun
олефин	Noun
олжа	Noun
олигархия	Noun
олигархтық	Adjective
олигополия	Noun
олигосахарид	Noun
олиготрофты	Adjective
олигоцен	Noun
олигурия	Noun
олимпиада	Noun
олимпиадалық	Adjective
олқы	Adjective
олқылық	Noun
олқысын	Verb
ом	Noun
омандық	Adjective
омарта	Noun
омарташ	Noun
омарташы	Noun
омарташылық	Noun
омега	Noun
омикалық	Adjective
омлет	Noun
омоморфты	Adjective
омонимия	Noun
омофон	Noun
омофония	Noun
омыр	Verb
омыртқа	Noun
омыртқасыз	Adjective
омыртқасыздар	Noun
оналтылық	Adjective
онбуын	Noun
онда	Adverb
ондатр	Noun
ондық	Noun
онжылдық	Noun
оникс	Noun
онколог	Noun
онкология	Noun
онлайн	Adjective
онлайн	Noun
ономасиологикалық	Adjective
ономатология	Noun
ономатопея	Noun
онтогенез	Noun
онтология	Noun
онтологиялық	Adjective
оншалық	Adverb
оогамия	Noun
ооцит	Noun
оп	Noun
опа	Noun
опала	Verb
опалесценция	Noun
опасыз	Adjective
опасыз	Noun
опасыздық	Noun
опат	Noun
опера	Noun
опералық	Adjective
операнд	Noun
оперативті	Adjective
оператор	Noun
операция	Noun
операциялық	Adjective
оперетта	Noun
оппозиция	Noun
оппозициялық	Adjective
оппонент	Noun
оппортунизм	Noun
оппортунистік	Adjective
опричник	Noun
оптация	Noun
оптик	Adjective
оптик	Noun
оптика	Noun
оптикалық	Adjective
оптикші	Noun
оптимальді	Adjective
оптимизм	Noun
оптимист	Noun
оптимистік	Adjective
оптимум	Adjective
оптометрии	Noun
оптоэлектронды	Adjective
оптрон	Noun
опция	Noun
опын	Verb
опыр	Verb
опырыл	Verb
опық	Noun
ор	Verb
ора	Verb
ораза	Noun
орай	Noun
орал	Noun
орал	Verb
оралдық	Adjective
оралман	Noun
оралу	Noun
оралымды	Adjective
оралған	Adjective
оралғы	Noun
орам	Noun
орама	Noun
орамал	Noun
орамды	Adjective
орамжапырақ	Noun
оран	Verb
орангутанг	Noun
оранжад	Noun
орасан	Adverb
орат	Verb
оратория	Noun
орау	Noun
ораушы	Noun
орауыш	Noun
орашолақ	Adjective
орағыт	Verb
орақ	Noun
орбита	Noun
орбиталық	Adjective
орбиталық	Noun
оргазм	Noun
оргазмдық	Adjective
орган	Noun
органелла	Noun
организм	Noun
организмдік	Adjective
органик	Adjective
органикалық	Adjective
органист	Noun
органицизм	Noun
органография	Noun
органоид	Noun
органотерапия	Noun
оргастикалық	Adjective
оргия	Noun
орда	Noun
орден	Noun
ордер	Noun
ориентализм	Noun
орк	Noun
оркестр	Noun
оркестрлік	Adjective
орла	Verb
орле	Noun
орман	Noun
ормансыз	Adjective
орманшы	Noun
орна	Verb
орналас	Verb
орналастыр	Verb
орналастыру	Noun
орналастырушы	Noun
орналастырыл	Verb
орналастырылған	Adjective
орналасу	Noun
орналасқан	Adjective
орнат	Verb
орнату	Noun
орнатыл	Verb
орнатылған	Adjective
орнитология	Noun
орнықты	Adjective
орнықтыр	Verb
орогена	Noun
орографикалық	Adjective
орография	Noun
орта	Adjective
орта	Adverb
орта	Noun
ортадағы	Adjective
орталық	Adjective
орталық	Noun
орталықтан	Verb
орталықтандыр	Verb
орталықтандыру	Noun
орталықтандырылған	Adjective
ортасы	Adverb
ортасында	Adverb
орташа	Adjective
орташа	Adverb
орташа	Noun
ортақ	Adjective
ортақтас	Noun
ортақтас	Verb
ортаңғы	Adjective
ортаңғылық	Adjective
ортогнатикалық	Adjective
ортогональды	Adjective
ортодоксия	Noun
ортодромия	Noun
ортонормаланған	Adjective
ортоорталық	Noun
ортопед	Noun
ортопедия	Noun
ортоптерон	Noun
ортохроматикалық	Adjective
орттік	Adjective
орушы	Noun
орфография	Noun
орфографиялық	Adjective
орфоэпия	Noun
орхидея	Noun
орхиэктомия	Noun
оршад	Noun
орылған	Adjective
орым	Noun
орын	Noun
орынбасар	Noun
орынбасушы	Noun
орында	Verb
орындал	Verb
орындаларлық	Adjective
орындалатын	Adjective
орындалу	Noun
орындалған	Adjective
орындатпау	Noun
орындау	Noun
орындаушы	Noun
орынды	Adjective
орындылық	Noun
орындық	Noun
орынсыз	Adverb
орынына	Adverb
орыстандыру	Noun
осал	Adjective
осмий	Noun
осоншама	Adverb
оспадарсыз	Adjective
остеология	Noun
остеосаркома	Noun
остеоцит	Noun
остиоль	Noun
острацизм	Noun
осциллограф	Noun
осциллография	Noun
осылай	Adverb
осылайша	Adverb
осында	Adverb
осыншама	Adverb
осьтік	Adjective
осқыр	Verb
от	Noun
ота	Noun
ота	Verb
отай	Verb
отал	Verb
оталгия	Noun
оталдыр	Verb
оталдырғыш	Noun
отан	Adjective
отан	Noun
отандас	Noun
отандық	Adjective
отаншыл	Noun
отаншылдық	Adjective
отаншылдық	Noun
отар	Noun
отарлау	Noun
отарлық	Adjective
отарлық	Noun
отаршылдық	Noun
отаршылық	Noun
отас	Verb
отау	Noun
отаға	Noun
отбасы	Noun
отбасылық	Adjective
отбасылық	Noun
отоларингология	Noun
оториноларингология	Noun
отряд	Noun
отставка	Noun
оттат	Verb
оттегі	Noun
оттек	Noun
отты	Adjective
оттық	Noun
отын	Noun
отыншы	Noun
отыр	Verb
отырыс	Noun
отырықшы	Adjective
отырыңқыра	Verb
отырыңқырап	Adverb
отырғыз	Verb
отырғызу	Noun
отырғызыл	Verb
отырғыш	Noun
офицер	Noun
официант	Noun
офтальмия	Noun
офтальмолог	Noun
офтальмология	Noun
офтальмологиялық	Adjective
офтальмоскоп	Noun
охлократия	Noun
очерк	Noun
ошаған	Noun
ошақ	Noun
ою	Noun
оюла	Verb
оюланған	Adjective
оюлау	Noun
ояз	Noun
оян	Verb
оянусыз	Adjective
оянған	Adjective
оят	Verb
оятылған	Adjective
ояу	Adjective
оғаш	Adjective
оғыз	Noun
оқ	Noun
оқ	Verb
оқа	Noun
оқала	Verb
оқдәрі	Noun
оқиға	Noun
оқта	Verb
оқтай	Adjective
оқталған	Adjective
оқтау	Noun
оқты	Adjective
оқтұмсық	Noun
оқу	Adjective
оқу	Noun
оқуда	Noun
оқулық	Noun
оқушы	Noun
оқушылық	Adjective
оқшау	Adjective
оқшау	Adverb
оқшау	Noun
оқы	Verb
оқыл	Verb
оқылмайтын	Adjective
оқылым	Noun
оқымаған	Adjective
оқымысты	Adjective
оқымысты	Noun
оқырман	Noun
оқыт	Verb
оқытушы	Noun
оқытушылық	Adverb
оқытушылық	Noun
оқытыл	Verb
оқытылатын	Adjective
оқыған	Adjective
оққағар	Noun
оң	Adjective
оң	Verb
оңай	Adjective
оңайлан	Verb
оңайлат	Verb
оңайлатылған	Adjective
оңал	Verb
оңалдыру	Noun
оңалту	Noun
оңаша	Adjective
оңашалан	Verb
оңашалану	Noun
оңашалық	Noun
оңбаған	Adjective
оңбаған	Noun
оңда	Verb
оңды	Adjective
оңтайландыр	Verb
оңтайландыру	Noun
оңтайсыз	Adjective
оңтүстік	Adjective
оңтүстік	Adverb
оңтүстік	Noun
оңтүстікке	Adverb
оңтүстіктік	Noun
оңшыл	Adjective
оңға	Adverb
оңған	Adjective
оңқа	Noun
оңқай	Noun
пава	Noun
павильон	Noun
павлин	Noun
пагинация	Noun
пагода	Noun
пайда	Noun
пайдакүнем	Noun
пайдалан	Verb
пайдалану	Noun
пайдаланушы	Noun
пайдаланылатын	Adjective
пайдаланылмаған	Adjective
пайдаланылу	Adjective
пайдаланылған	Adjective
пайдалы	Adjective
пайдалы	Adverb
пайдалылық	Noun
пайдасыз	Adjective
пайдасыз	Adverb
пайыз	Noun
пайыздық	Adjective
пайым	Noun
пайымда	Verb
пайымды	Adjective
пайғамбар	Noun
пайғамбарлық	Noun
пакет	Noun
пакт	Noun
паладин	Noun
палаомагнетизм	Noun
палата	Noun
палатальды	Adjective
палатинді	Adjective
палатографикалық	Adjective
палау	Noun
палеоантроп	Noun
палеогеография	Noun
палеография	Noun
палеографиялық	Adjective
палеоклиматология	Noun
палеолит	Noun
палеолог	Noun
палеонтолог	Noun
палеонтология	Noun
палеонтологиялық	Adjective
палеотропикалық	Adjective
палеоэкология	Noun
палимпсест	Noun
палиндром	Noun
палинология	Noun
палитра	Noun
палладий	Noun
паллиатив	Adjective
паллий	Noun
палуан	Noun
палуба	Noun
пальпация	Noun
пампа	Noun
памфлет	Noun
пана	Noun
панасыз	Adjective
панацея	Noun
панда	Noun
пандемия	Noun
панель	Noun
паника	Noun
панк	Noun
панорамалық	Adjective
пансион	Noun
пантеизм	Noun
пантера	Noun
пантограф	Noun
пантомима	Noun
панхроматикалық	Adjective
панчингбол	Noun
папайя	Noun
папалық	Adjective
папарацци	Noun
папиллома	Noun
папирология	Noun
папирус	Noun
пар	Noun
пара	Noun
парабола	Noun
параболалық	Adjective
параболоид	Noun
парагматикааралық	Adjective
парадигма	Noun
парадигмалық	Adjective
парадокс	Noun
парадоксты	Adjective
парадоксты	Adverb
паразит	Noun
паразитизм	Noun
паразитология	Noun
паразиттік	Adjective
паралингвистикалық	Adjective
паралич	Noun
параллелепипед	Noun
параллелизм	Noun
параллелограмм	Noun
параллель	Noun
парамагнетизм	Noun
параметр	Noun
параметрлік	Adjective
паранойя	Noun
параномикалық	Adjective
параномия	Noun
парапет	Noun
параплегия	Noun
парапсихология	Noun
парасат	Noun
парасатты	Adjective
парасаттылау	Adjective
парасаттылық	Noun
паратактикалық	Adjective
параферналды	Adjective
парафин	Noun
парафинді	Adjective
парафия	Noun
парацетамол	Noun
парашют	Noun
парашютист	Noun
парақ	Noun
парақор	Noun
парақта	Verb
парақша	Noun
паренхима	Noun
паренхиматозды	Adjective
парестезия	Noun
парк	Noun
паркет	Noun
паркетші	Noun
парламент	Noun
парламентаризм	Noun
парламенттік	Adjective
паровоз	Noun
пародия	Noun
пароимология	Noun
пароксизм	Noun
парокситонды	Adjective
паром	Noun
паромшы	Noun
пароним	Noun
паронимия	Noun
пароход	Noun
парсек	Noun
парсылық	Adjective
парта	Noun
парталас	Noun
партизан	Noun
партикуляризм	Noun
партия	Noun
партиялық	Adjective
партконференция	Noun
парус	Noun
парфюмерия	Noun
парыз	Noun
парықсыз	Adjective
паскаль	Noun
паспорт	Noun
паспортсыз	Adjective
паспорттау	Noun
пассивация	Noun
пассивтеу	Noun
пассивті	Adjective
пастерлеу	Noun
пасторалдік	Adjective
пастырь	Noun
пасық	Adjective
паталогия	Noun
патентте	Verb
патенттелген	Adjective
патентті	Adjective
патина	Noun
патоген	Noun
патогендік	Adjective
патогенез	Noun
патолог	Noun
патология	Noun
патологиялық	Adjective
патофизиология	Noun
патриарх	Noun
патриархалдық	Adjective
патриархат	Noun
патриархтық	Adjective
патриот	Noun
патриотизм	Noun
патриоттық	Adjective
патритүзулік	Adjective
патша	Noun
патшайым	Noun
патшалық	Adjective
патшалық	Noun
пацифизм	Noun
пацифист	Noun
паштет	Noun
пақыр	Adjective
пақырлық	Noun
паң	Adjective
пегматит	Noun
педагог	Noun
педагогика	Noun
педагогикалық	Adjective
педаль	Noun
педантты	Adjective
педераст	Noun
педерастия	Noun
педерасты	Adjective
педиатрия	Noun
педикюр	Noun
пединститут	Noun
педипальпус	Noun
педогамия	Noun
педология	Noun
педофил	Noun
пейзаж	Noun
пейзаждық	Adjective
пейіл	Noun
пейілділік	Noun
пейіш	Noun
пектин	Noun
пеллагра	Noun
пенал	Noun
пенде	Noun
пенделік	Adjective
пенициллин	Noun
пенсия	Noun
пентагое	Noun
пентаметр	Noun
пентоз	Noun
пепсина	Noun
пептид	Noun
пергамент	Noun
перде	Noun
пердебет	Noun
переклиналды	Adjective
перзент	Noun
перзентхана	Noun
периант	Noun
перигляциалды	Adjective
перидотит	Noun
перизат	Noun
перикарда	Noun
перикарпий	Noun
перикраний	Noun
перилимфа	Noun
периметр	Noun
периневрий	Noun
период	Noun
периодты	Adjective
периодты	Adverb
периодтық	Adjective
перископ	Noun
перифериялық	Noun
перкуссия	Noun
перламутр	Noun
перлюстрация	Noun
перне	Noun
пернетақта	Noun
перпендикуляр	Noun
персонал	Noun
перспектива	Noun
перспективалық	Adjective
перспективасыз	Adjective
перспективизм	Noun
перфекционизмом	Noun
перфекционист	Noun
перфорация	Noun
пері	Noun
періште	Noun
періштелі	Adjective
песета	Noun
пессимистикалық	Adjective
пестик	Noun
пестицид	Noun
петалит	Noun
петанг	Noun
петит	Noun
петиция	Noun
петлица	Noun
петрификация	Noun
петроглиф	Noun
петрография	Noun
петрология	Noun
петроферрикалық	Adjective
печенье	Noun
пеш	Noun
пешка	Noun
пешші	Noun
пианино	Noun
пианист	Noun
пиаса	Noun
пигмент	Noun
пиджак	Noun
пикет	Noun
пикник	Noun
пикофарада	Noun
пиксель	Noun
пиктограмма	Noun
пиктография	Noun
пиктографиялық	Adjective
пилинг	Noun
пилорус	Noun
пилотаж	Noun
пилотажды	Adjective
пилюля	Noun
пилястр	Noun
пима	Noun
пимиенто	Noun
пингвин	Noun
пионер	Noun
пирамида	Noun
пирамидалық	Adjective
пирамидальды	Adjective
пиранометр	Noun
пират	Noun
пиреноид	Noun
пирит	Noun
пирог	Noun
пироманьяк	Noun
пирометр	Noun
пирометрия	Noun
пиротехник	Noun
пиротехника	Noun
пирс	Noun
пирсинг	Noun
пируэт	Noun
питон	Noun
пифагор	Noun
пицца	Noun
пиццерия	Noun
пияз	Noun
пиғыл	Noun
плагиат	Noun
плазма	Noun
плазмид	Noun
плазмолемма	Noun
плазмоцит	Noun
планер	Noun
планета	Noun
планетааралық	Adjective
планеталық	Adjective
планетология	Noun
планиметрия	Noun
планисфера	Noun
планктон	Noun
плантация	Noun
планшет	Noun
пластид	Noun
пластик	Noun
пластика	Noun
пластикалық	Adjective
пластинка	Noun
пластификация	Noun
пластмасса	Noun
платина	Noun
платонды	Adjective
платонизм	Noun
платформа	Noun
платформалық	Adjective
плацебо	Noun
плацкарт	Noun
плебей	Noun
плебисцит	Noun
плебисцитті	Adjective
плевралық	Adjective
плеер	Noun
плейбой	Noun
плеоназм	Noun
плинтикалық	Adjective
плутократикалық	Adjective
плутократия	Noun
плутондық	Adjective
плутоний	Noun
плювиалді	Adjective
плювиометрия	Noun
плюрализм	Noun
плюралист	Noun
плюрилингвизм	Noun
плюс	Noun
пневматикалық	Adjective
пневмококк	Noun
пневмония	Noun
повес	Noun
повест	Noun
повесть	Noun
подиум	Noun
подкаст	Noun
поднос	Noun
подполковник	Noun
поезд	Noun
позитивизм	Noun
позитивті	Adjective
позиция	Noun
позициялау	Noun
позициялық	Adjective
пойкилотермді	Adjective
пойыз	Noun
покер	Noun
полениферлі	Adjective
полиамид	Noun
полиандрия	Noun
поливалентті	Adjective
поливитаминді	Adjective
полигамды	Adjective
полигамия	Noun
полигенді	Adjective
полигенетикалық	Adjective
полигидрон	Noun
полигон	Noun
полиграфия	Noun
поликарбонат	Noun
поликристалды	Adjective
полимер	Noun
полимераз	Noun
полимерлік	Adjective
полиметалл	Noun
полиморфизм	Noun
полиморфты	Adjective
полип	Noun
полипептид	Noun
полисахарид	Noun
полисемия	Noun
полиспермия	Noun
политеизм	Noun
политеистиялық	Adjective
политехникаландыру	Noun
политехникалық	Adjective
политизация	Noun
политика	Noun
политрук	Noun
политэкономия	Noun
полифония	Noun
полифониялық	Adjective
полицей	Noun
полициклды	Adjective
полицитемия	Noun
полиция	Noun
полицмейстер	Noun
полиэстер	Noun
полиөлшемді	Adjective
полк	Noun
полковник	Noun
полковниқ	Noun
полктес	Noun
полктық	Adjective
поллуцит	Noun
полоний	Noun
полюс	Noun
поляризация	Noun
поляриметр	Noun
полярлық	Adjective
полярлық	Noun
полярография	Noun
поляршы	Noun
помология	Noun
пони	Noun
понтификат	Noun
пончо	Noun
поп	Noun
популист	Adjective
популярсыз	Adjective
популяция	Noun
популяциялық	Adjective
пора	Noun
порно	Noun
порнография	Noun
порт	Noun
портал	Noun
портик	Noun
портрет	Noun
портреттік	Adjective
портты	Adjective
португал	Noun
португальдік	Adjective
портфель	Noun
портшы	Noun
портье	Noun
поручик	Noun
порфирия	Noun
порция	Noun
поссибилизм	Noun
пост	Noun
постбасылым	Noun
посткеңестік	Adjective
постмодерн	Adjective
постмодерн	Noun
постмодернизм	Noun
постпродакшн	Noun
постскриптум	Noun
постсоветтік	Adjective
постулат	Noun
постық	Adjective
потамология	Noun
потенциал	Noun
потенциалдылық	Noun
потенциалдық	Adjective
потенциометр	Noun
потенциометрия	Noun
почта	Noun
почташы	Noun
пошта	Noun
пошталық	Adjective
пошташы	Noun
поэзия	Noun
поэзиялық	Adjective
поэма	Noun
поэтика	Noun
поэтикалық	Adjective
правитель	Noun
православие	Noun
православиелік	Noun
прагматизм	Noun
прагматик	Noun
прагматикалы	Adverb
прагматикалық	Adjective
празеодимий	Noun
практик	Noun
практика	Noun
практикалық	Adjective
прапорщик	Noun
преамбула	Noun
предикация	Noun
преднизон	Noun
презентация	Noun
презерватив	Noun
президент	Noun
президенттік	Adjective
президенттік	Noun
президиум	Noun
презумпция	Noun
прелюдия	Noun
премаксилла	Noun
премия	Noun
премоляр	Noun
премьер	Noun
премьера	Noun
препарат	Noun
прерия	Noun
претоникалық	Adjective
преторий	Noun
префектура	Noun
префикс	Noun
префиксация	Noun
прецендент	Noun
прецессия	Noun
прибор	Noun
призма	Noun
призмалық	Adjective
приказ	Noun
примат	Noun
примитивті	Adjective
примус	Noun
принтер	Noun
принцип	Noun
принципті	Adjective
прион	Noun
приорат	Noun
приоритет	Noun
приставка	Noun
проблема	Noun
провансаль	Noun
провинциалды	Adjective
провинциализм	Noun
провинция	Noun
провославиелік	Adjective
прогибиционистті	Adjective
программа	Noun
программала	Verb
программалау	Noun
прогресс	Noun
прогрессивтік	Adjective
прогрессия	Noun
прогресшіл	Adjective
продюсер	Noun
проект	Noun
проектор	Noun
прожектор	Noun
проза	Noun
прозалық	Adjective
прозелитизм	Noun
проконсульдік	Noun
проксимальді	Adjective
прокуратура	Noun
прокурор	Noun
пролапс	Noun
пролетариат	Noun
пролетарландыру	Noun
пролог	Noun
промоутер	Noun
промышленность	Noun
прономинация	Noun
пропарокситон	Adjective
пропеллер	Noun
пропилеий	Noun
пропилен	Noun
пропозиционалды	Adjective
пропорционал	Adjective
пропорционалды	Adverb
пропорционалдық	Adjective
пропорция	Noun
пропорциясыздық	Noun
пропуск	Noun
прорейт	Noun
проректор	Noun
просодикалық	Adjective
просодия	Noun
простагландин	Noun
простата	Noun
простатикалық	Adjective
простильді	Adjective
прострация	Noun
просцениум	Noun
протез	Noun
протезді	Adjective
протеин	Noun
протеиназа	Noun
протеинурия	Noun
протекторат	Noun
протекционистік	Adjective
протестант	Noun
протестанттық	Adjective
протий	Noun
протозун	Noun
протон	Noun
протоплазма	Noun
протоплазмалық	Adjective
прототип	Noun
протофибрилла	Noun
протромбин	Noun
профессионал	Noun
профессионализм	Noun
профессор	Noun
профилактикалық	Adjective
профиль	Noun
процедура	Noun
процедуралық	Adjective
процент	Noun
процентсіз	Adjective
процентті	Adjective
процесс	Noun
процессор	Noun
прустит	Noun
псалтерион	Noun
псаммофильді	Adjective
псевдожай	Adjective
псевдоподия	Noun
псевдоғылым	Noun
псевдоғылыми	Adjective
психастения	Noun
психиатр	Noun
психиатрия	Noun
психиатриялық	Adjective
психизм	Noun
психикалық	Adjective
психоактивті	Adjective
психолог	Noun
психология	Noun
психологиялы	Adverb
психологиялық	Adjective
психопат	Noun
психопатология	Noun
психосоматикалық	Adjective
психосоциологиялық	Adjective
психоталдаулық	Adjective
психотерапия	Noun
психотехникалық	Adjective
психофармакологиялық	Adjective
психофизиология	Noun
психофизиологиялық	Adjective
психрометр	Noun
птиалин	Noun
пуантилизм	Noun
пуантилисті	Adjective
публицист	Noun
публицистика	Noun
пудинг	Noun
пулемет	Noun
пулеметші	Noun
пульмонология	Noun
пульсар	Noun
пульт	Noun
пума	Noun
пункт	Noun
пунктирлік	Adjective
пунктуация	Noun
пуризм	Noun
пурист	Noun
пуритан	Noun
пуританизм	Noun
пурпура	Noun
пустула	Noun
пуф	Noun
пуэрперий	Noun
пырыл	Noun
пыстыр	Verb
пысылда	Verb
пысына	Verb
пысыт	Verb
пысық	Adjective
пысық	Noun
пысықта	Verb
пысықтауыш	Noun
пысқыр	Verb
пысқыру	Noun
пышақ	Noun
пышақшы	Noun
пышылда	Verb
пьезоэлектрикалық	Adjective
пьеса	Noun
пікір	Noun
пікірлес	Noun
пікірлес	Verb
пікірсайыс	Noun
пікірталас	Noun
пікірталастық	Adjective
пікіртерім	Noun
піл	Noun
піллә	Noun
пір	Noun
пірәдар	Adjective
пірәдар	Noun
піс	Verb
пісек	Noun
піскен	Adjective
піспекші	Noun
пісте	Noun
пісір	Verb
пісіру	Noun
пісіруші	Noun
пісірілген	Adjective
піш	Verb
пішен	Noun
піштіру	Noun
піштірілген	Adjective
пішілген	Adjective
пішім	Noun
пішін	Noun
пішінді	Adjective
пішінсіз	Adjective
пұлсыз	Adjective
пұрсатты	Adjective
пұт	Noun
пұшық	Adjective
пәк	Adjective
пәк	Adverb
пәк	Noun
пәктік	Noun
пәкістандық	Adjective
пәлден	Verb
пәле	Noun
пәлендей	Adjective
пәленше	Noun
пәлеқор	Adjective
пәлеқор	Noun
пәлсапа	Noun
пән	Noun
пәнаралық	Adjective
пәнаралық	Noun
пәндік	Adjective
пәрменді	Adjective
пәруайсыз	Adjective
пәтер	Noun
пәтерақы	Noun
пәтерші	Noun
радар	Noun
радиан	Noun
радиация	Noun
радиациялық	Adjective
радий	Noun
радикал	Noun
радикалдық	Adjective
радикализм	Noun
радикация	Noun
радилогия	Noun
радио	Noun
радиоактивті	Adjective
радиоактивтік	Noun
радиоактивтілік	Noun
радиоастрономия	Noun
радиобайланыс	Noun
радиография	Noun
радиоизотоп	Noun
радиокедергі	Noun
радиоландыру	Noun
радиология	Noun
радиолокация	Noun
радиолокациялық	Adjective
радиолық	Adjective
радиометр	Noun
радиометрия	Noun
радиомұнара	Noun
радионавигация	Noun
радионуклид	Noun
радионүкте	Noun
радиопеленгация	Noun
радиоскопия	Noun
радиостанция	Noun
радиостудия	Noun
радиотелеграфия	Noun
радиотелефония	Noun
радиотерапия	Noun
радиотехникалық	Adjective
радиоторап	Noun
радиофония	Noun
радиохабар	Noun
радиоэлектрондық	Adjective
радиоқабылдағыш	Noun
радиус	Noun
радон	Noun
разряд	Noun
разылық	Noun
рай	Noun
райлан	Verb
райлас	Verb
район	Noun
райхан	Noun
ракель	Noun
ракета	Noun
ракеталық	Adjective
рама	Noun
рамка	Noun
рамкала	Verb
ранет	Noun
ранетка	Noun
ранчо	Noun
ранчошы	Noun
рапа	Noun
рапс	Noun
рапсодист	Noun
рапсодия	Noun
раритет	Noun
рас	Noun
расизм	Noun
раста	Verb
растама	Noun
растаттыру	Noun
растау	Noun
расытхана	Noun
ратификация	Noun
ратификацияла	Verb
ратицид	Noun
рауаят	Noun
раунд	Noun
раушан	Noun
рауғаш	Noun
рафинация	Noun
рафия	Noun
рацион	Noun
рационалды	Adjective
рационализация	Noun
рационализм	Noun
рация	Noun
рақат	Noun
рақаттан	Verb
рақаттандыр	Verb
рақаттанған	Adjective
рақмет	Noun
рақым	Noun
рақымды	Adjective
рақымдылық	Noun
рақымсыз	Adjective
рақымшыл	Adjective
рақымшылық	Noun
реагент	Noun
реактивті	Adjective
реактивтік	Adjective
реактивтілік	Noun
реактор	Noun
реакция	Noun
реакциялық	Adjective
реакциялық	Noun
реакцияшыл	Adjective
реал	Adjective
реалдық	Noun
реализм	Noun
реалистік	Adjective
реалия	Noun
реанимация	Noun
реанимациялық	Adjective
ревальвация	Noun
ревизионизм	Noun
ревизионист	Adjective
ревизия	Noun
ревматизм	Noun
революционер	Noun
революционерлік	Noun
революция	Noun
революциялық	Adjective
революцияшыл	Adjective
регалия	Noun
регби	Noun
регенерация	Noun
регенерациялық	Adjective
регенттік	Noun
регион	Noun
регламенттеу	Noun
регресс	Noun
регрессивтік	Adjective
регрессия	Noun
регуляризация	Noun
редактор	Noun
редакция	Noun
редакциялық	Noun
редизайн	Noun
редукционизм	Noun
редукционист	Noun
редукция	Noun
редукцияланған	Noun
редупликация	Noun
реестр	Noun
реж	Noun
режим	Noun
режиссер	Noun
режиссерлік	Adjective
режиссура	Noun
резекция	Noun
резерв	Noun
резервация	Noun
резервист	Noun
резервте	Verb
резервтік	Adjective
резервуар	Noun
резеңке	Noun
резиденция	Noun
резистор	Noun
резонанс	Noun
резонатор	Noun
реинвестиция	Noun
реинкарнация	Noun
реинтеграция	Noun
рейд	Noun
рейтинг	Noun
рейтингілік	Adjective
реквием	Noun
реквизит	Noun
реквизиция	Noun
реккурентті	Adjective
рекомбинация	Noun
реконверсия	Noun
реконструкция	Noun
реконфигурация	Noun
рекорд	Noun
ректификация	Noun
ректор	Noun
рекурсивті	Adjective
рекурсия	Noun
релаксация	Noun
реле	Noun
релевантты	Adjective
рельеф	Noun
рельс	Noun
релятивизм	Noun
релятивистік	Adjective
реляциялық	Adjective
ремиссия	Noun
ренатурализация	Noun
ренессанс	Noun
ренж	Verb
ренжулі	Adjective
ренжі	Verb
ренжіген	Adjective
ренжімейтін	Adjective
ренжіт	Verb
ренжітуші	Noun
рений	Noun
рентабельді	Adjective
рентген	Noun
рентгений	Noun
рентгенография	Noun
рентгенолог	Noun
рентгенология	Noun
рентгеноскопия	Noun
рентгенотерапия	Noun
реніш	Noun
ренішті	Adjective
реология	Noun
репарация	Noun
репатриация	Noun
репертуар	Noun
репетиция	Noun
репортер	Noun
репрессалия	Noun
репрография	Noun
репродукция	Noun
рептилия	Noun
рескрипт	Noun
ресми	Adjective
ресми	Adverb
ресми	Noun
ресмилік	Noun
респонсорий	Noun
республика	Noun
республикалық	Adjective
республикалық	Noun
республиканизм	Noun
реставрация	Noun
реставрациялық	Adjective
реституция	Noun
рестлинг	Noun
ресурс	Adjective
ресурс	Noun
рет	Noun
ретардация	Noun
ретикулоцит	Noun
ретинопатия	Noun
реторсия	Noun
реторт	Noun
ретрансляция	Noun
ретроград	Adjective
ретроцессия	Noun
ретсіз	Adjective
ретте	Verb
реттел	Verb
реттелген	Adjective
реттелетін	Adjective
реттелмеген	Adjective
реттеу	Noun
реттеуші	Noun
реттеуіш	Noun
реттік	Adjective
ретушь	Noun
референдум	Noun
референт	Noun
референция	Noun
рефери	Noun
рефлексия	Noun
рефлексология	Noun
рефлекторлық	Adjective
рефляция	Noun
реформа	Noun
реформала	Verb
реформалаушы	Noun
реформатор	Noun
реформация	Noun
реформашыл	Adjective
реформашылық	Noun
реформизм	Noun
рефракция	Noun
рецензия	Noun
рецепт	Noun
рецептор	Noun
рецепция	Noun
рецессивті	Adjective
рециркуляция	Noun
решка	Noun
реэвакуация	Noun
рең	Noun
реңдену	Noun
реңді	Adjective
реңкті	Adjective
риал	Noun
рибонуклеин	Noun
рибосома	Noun
ризала	Verb
ризалас	Verb
ризалық	Noun
ризашылық	Noun
ризница	Noun
ризық	Noun
римдік	Adjective
римдік	Noun
ринопластика	Noun
ритм	Noun
ритмика	Noun
риторика	Noun
риторикалық	Adjective
риф	Noun
рифейлік	Adjective
рифма	Noun
робот	Noun
робототехника	Noun
роботтық	Adjective
рогоз	Noun
род	Noun
родео	Noun
рождество	Noun
розетка	Noun
рок	Noun
рокировка	Noun
рококо	Noun
рокфор	Noun
роль	Noun
рольдік	Adjective
ром	Noun
роман	Noun
романдандыру	Noun
романдық	Adjective
романист	Noun
романс	Noun
романтизация	Noun
романтизм	Noun
романтик	Adjective
романтика	Noun
романтикалық	Adjective
ромб	Noun
ромбоид	Noun
рондо	Noun
рота	Noun
ротация	Noun
ротацияла	Verb
ротациялық	Adjective
ротор	Noun
рояль	Noun
ру	Noun
рубай	Noun
рубидий	Noun
рубль	Noun
руда	Noun
рудиментарлық	Adjective
рулас	Noun
рулетка	Noun
рулық	Adjective
руль	Noun
рупий	Noun
рупия	Noun
рупор	Noun
рутений	Noun
рутил	Noun
рух	Noun
рухани	Adverb
руханиет	Noun
рухтан	Verb
рухтандыр	Verb
рухтандыратын	Adjective
рухтандырушы	Noun
ручка	Noun
рынок	Noun
рыцарь	Noun
рюкзак	Noun
рюмка	Noun
рүл	Noun
рұқсат	Noun
рұқсатнама	Noun
рұқсатты	Adjective
рәміз	Noun
рәсуала	Verb
рәсім	Noun
рәсімдеу	Noun
рәсімді	Adjective
рәуіш	Noun
рөл	Noun
рөмке	Noun
саба	Verb
сабала	Verb
сабалан	Verb
сабалақ	Adjective
сабалақта	Verb
сабалған	Adjective
сабан	Noun
сабақ	Noun
сабақта	Verb
сабақтас	Noun
сабақтастыр	Verb
сабақша	Noun
саботаж	Noun
саботажшы	Noun
сабын	Noun
сабында	Verb
сабынды	Adjective
сабыр	Adjective
сабыр	Noun
сабырландыр	Verb
сабырлы	Adverb
сабырлылық	Noun
сабырлық	Noun
сабырсыз	Adjective
сабырсыз	Adverb
сабырсыздан	Verb
сабырсыздық	Noun
саванна	Noun
сага	Noun
садақ	Noun
садақа	Noun
садақшы	Noun
садизм	Noun
садомазохизм	Noun
саз	Noun
сазгер	Noun
саздан	Verb
саздақшөп	Noun
сазды	Adjective
сазтас	Noun
сазтопырақты	Adjective
сай	Noun
сай	Verb
сайла	Verb
сайлан	Verb
сайланатындық	Noun
сайланған	Adjective
сайлат	Verb
сайлау	Adjective
сайлау	Noun
сайлаушы	Noun
сайман	Noun
сайманшы	Noun
сайра	Verb
сайрағыш	Noun
сайсағыз	Noun
сайт	Noun
сайыс	Noun
сайыс	Verb
сайысушы	Noun
сайқал	Adjective
сайқал	Noun
сайқалдан	Verb
сайқымазақ	Noun
саксофон	Noun
саксофонист	Noun
сал	Noun
сал	Verb
сала	Noun
салааралық	Adjective
салаирлық	Adjective
салалас	Adjective
салалық	Adjective
салат	Noun
салауатты	Adjective
салақ	Adjective
салақта	Verb
салаңда	Verb
салбыра	Verb
салбырат	Verb
салбыраған	Adjective
салдар	Noun
салдыра	Verb
салдырла	Verb
салжұқ	Noun
салиқалы	Adjective
салма	Noun
салмақ	Noun
салмақты	Adjective
салмақты	Adverb
салмақтылан	Verb
салмонелла	Noun
салон	Noun
салпақта	Verb
салпит	Verb
салт	Adverb
салт	Noun
салтанат	Noun
салтанатты	Adjective
салтанатты	Adverb
салтанаттылық	Noun
салтанаттық	Adjective
салтақтану	Noun
салттық	Adjective
салушы	Noun
салшы	Noun
салым	Noun
салымсыз	Adjective
салымшы	Noun
салын	Verb
салынған	Adjective
салыстыр	Verb
салыстырма	Adjective
салыстырмалы	Adjective
салыстырмалы	Adverb
салыстырмалық	Noun
салыстыру	Noun
салыстырушы	Noun
салыстырылым	Noun
салыстырғанда	Adverb
салық	Noun
салықтық	Adjective
сальто	Noun
салями	Noun
салғансы	Verb
салқамдан	Verb
салқын	Adjective
салқын	Noun
салқында	Verb
салқындат	Verb
салқындатқыш	Noun
салқындаған	Adjective
салқындық	Noun
самал	Noun
самалда	Verb
самалсыз	Adjective
самарий	Noun
самарқау	Adjective
самарқаулан	Verb
самбырла	Verb
саммит	Noun
самогон	Noun
самогоншы	Noun
самолет	Noun
сампылда	Verb
самса	Noun
самурай	Noun
самшит	Noun
самырсын	Noun
самұрық	Noun
сан	Noun
сана	Noun
сана	Verb
саналатын	Adjective
саналылық	Noun
санамала	Verb
санас	Verb
санаспа	Verb
санасыз	Adjective
санат	Noun
санат	Verb
санау	Noun
санаусыз	Adjective
санауыш	Noun
санация	Noun
санақ	Noun
санақшы	Noun
сандал	Verb
сандалбай	Noun
сандуғаш	Noun
сандырақ	Noun
сандырақта	Verb
сандырақтау	Noun
сандық	Adjective
сандық	Noun
сандықша	Noun
санитар	Noun
санитария	Noun
санитарлық	Adjective
санкция	Noun
санкцияла	Verb
сансыз	Adjective
сантехник	Noun
сантехника	Noun
сантиметр	Noun
сап	Noun
сапа	Noun
сапалы	Adjective
сапар	Noun
сапасыз	Adjective
сапонит	Noun
сапрофит	Noun
сапталған	Adjective
сапфир	Noun
сапыр	Verb
сарай	Noun
сарала	Verb
саралайтын	Adjective
саралан	Verb
сараланатын	Adjective
саралау	Noun
сарап	Noun
сараптама	Noun
сарапшы	Adjective
сарапшы	Noun
сарапшылық	Noun
сараң	Adjective
сараң	Noun
сарбаз	Noun
сарбас	Noun
сарбуын	Noun
сардина	Noun
сарказм	Noun
саркомер	Noun
саркопения	Noun
саркоплазма	Noun
саркофаг	Noun
сарлық	Noun
сарнаған	Adjective
сарсу	Noun
сарсыту	Noun
сартылда	Verb
саругаку	Noun
саршешек	Noun
саршұнақ	Noun
сары	Adjective
сары	Noun
сарыауру	Noun
сарыбауыр	Noun
сарыгүл	Noun
сарыжылан	Noun
сарыкүзен	Noun
сарымсақ	Noun
сарын	Noun
сарып	Noun
сарысу	Noun
сарғай	Verb
сарғылттан	Verb
сарғыш	Adjective
сарғыштан	Verb
сарқыл	Verb
сарқылатын	Adjective
сарқылда	Verb
сарқылмалық	Noun
сарқылмас	Adjective
сарқылмаған	Adjective
сарқын	Noun
сарқыра	Verb
сарқырама	Noun
сарқыт	Noun
сас	Verb
састыр	Verb
сасы	Verb
сасыған	Adjective
сасық	Adjective
сасқалақта	Verb
сат	Verb
сатин	Noun
сатира	Noun
сатиралық	Adjective
сатирик	Adjective
сатисфакция	Noun
сатпақ	Adjective
сатпақта	Verb
сатрап	Noun
саттыр	Verb
сату	Noun
сатурнизм	Noun
сатушы	Noun
саты	Noun
сатыл	Verb
сатылмайтындық	Noun
сатылым	Noun
сатылық	Adjective
сатылған	Adjective
сатылғыш	Adjective
сатын	Verb
сатырла	Verb
сатысыз	Adjective
сатқын	Noun
сатқындық	Noun
сатқыншылық	Noun
сау	Adjective
сау	Noun
сау	Verb
сауал	Noun
сауал	Verb
сауалнама	Noun
сауатсыз	Adjective
сауатсыздық	Noun
сауаттан	Verb
сауатты	Adjective
сауатты	Adverb
сауаттылық	Noun
сауда	Adjective
сауда	Noun
саудагер	Noun
саудагерлер	Noun
саудагерлік	Adjective
саудагерлік	Noun
саудайы	Adjective
саудала	Verb
саудалас	Verb
саудалы	Adjective
саудалық	Adjective
саудыра	Verb
саула	Verb
саулат	Verb
саумалдық	Noun
сауна	Noun
саусақ	Noun
саусақяқтылар	Noun
сауылатын	Adjective
сауын	Noun
сауысқан	Noun
сауыт	Noun
сауығу	Noun
сауық	Noun
сауық	Verb
сауықтыру	Noun
сауықшы	Noun
сауыққой	Noun
саф	Adjective
саф	Noun
сафари	Noun
сафлор	Noun
сахаралық	Adjective
сахаралық	Noun
сахарин	Noun
сахароза	Noun
сахна	Noun
сахналаушы	Noun
сахналық	Adjective
сая	Noun
саябан	Noun
саябақ	Noun
саябақшы	Noun
саябырла	Verb
саябырлан	Verb
саябырлық	Noun
саяжай	Noun
саяжол	Noun
саяз	Adjective
саясат	Noun
саясаткер	Noun
саясаттану	Noun
саясаттанушы	Noun
саясатшы	Noun
саяси	Adjective
саяси	Adverb
саясиландыру	Noun
саят	Noun
саяхат	Noun
саяхатта	Verb
саяхатшы	Noun
саға	Noun
сағат	Noun
сағатта	Adverb
сағаттық	Adjective
сағатшы	Noun
сағақ	Noun
сағыз	Noun
сағым	Noun
сағын	Verb
сағыныш	Noun
сақ	Adjective
сақа	Noun
сақал	Noun
сақалды	Adjective
сақалсыз	Adjective
сақар	Noun
сақаулан	Verb
сақаулық	Noun
сақина	Noun
сақиналы	Adjective
сақпан	Noun
сақта	Verb
сақтайтын	Adjective
сақтал	Verb
сақталу	Noun
сақталушылық	Noun
сақталған	Adjective
сақтандыр	Verb
сақтандыратын	Adjective
сақтандыру	Adjective
сақтандыру	Noun
сақтандырушы	Noun
сақтандырғыш	Noun
сақтанған	Adjective
сақтау	Noun
сақтық	Noun
сақшы	Noun
саңлақ	Adjective
саңылау	Noun
саңылаусыздандыр	Verb
саңырауқұлақ	Noun
саңырауқұлақша	Noun
саңғырлаған	Adjective
свитер	Noun
себеп	Noun
себепкер	Noun
себепсіз	Adjective
себептес	Adjective
себептес	Verb
себепті	Adjective
себепті	Adverb
себет	Noun
себорея	Noun
себу	Noun
себуші	Noun
себіл	Verb
сегидилья	Noun
сегменттеу	Noun
сегрегационизм	Noun
сегрегация	Noun
сегун	Noun
сегізаяқ	Noun
сегізбұрыш	Noun
сегіздік	Adjective
сегіздік	Noun
сегіздікқұрылым	Noun
сегізкөз	Noun
седепті	Adjective
седиментология	Noun
сез	Verb
сезам	Noun
сезгіш	Adjective
сезгіштік	Noun
сездір	Verb
сездірме	Verb
сезон	Noun
сезу	Noun
сезік	Noun
сезіктен	Verb
сезіктену	Noun
сезікті	Adjective
сезікті	Adverb
сезіл	Verb
сезім	Noun
сезімді	Adjective
сезімсіз	Adjective
сезімтал	Adjective
сезімталдылық	Noun
сезімталдық	Noun
сезімшіл	Adjective
сезін	Verb
сезіндір	Verb
сезінетін	Adjective
сезіну	Noun
сейм	Noun
сейсенбі	Noun
сейсмикалық	Adjective
сейсмикалықтылық	Noun
сейсмограмма	Noun
сейсмограф	Noun
сейсмография	Noun
сейсмолог	Noun
сейсмология	Noun
сейсмологиялық	Noun
сейф	Noun
сейіл	Verb
секвенсор	Noun
секвойя	Noun
секем	Noun
секемден	Verb
секемді	Adjective
секемдік	Noun
секемшіл	Adjective
секемшілдік	Noun
секпілді	Adjective
секретарь	Noun
секреция	Noun
сексен	Noun
сексеуіл	Noun
сексология	Noun
секстант	Noun
секстет	Noun
сексуалдылық	Noun
секта	Noun
сектандық	Adjective
сектор	Noun
секторлық	Adjective
секуляризация	Noun
секунд	Noun
секция	Noun
секіл	Noun
секілді	Adverb
секір	Verb
секіргіш	Noun
сел	Noun
селбес	Noun
селбеу	Noun
селдет	Verb
селдір	Adjective
селдір	Noun
селектор	Noun
селекция	Noun
селен	Noun
селенит	Noun
селеу	Noun
селжұқ	Noun
селитра	Noun
селкілде	Verb
селкілдеген	Adjective
селкілдек	Adjective
селкілдек	Noun
селкілдет	Verb
село	Noun
селолық	Adjective
селсоқ	Adjective
селсоқтық	Noun
селти	Verb
селқос	Adjective
селқостық	Noun
семантикалық	Adjective
семасиология	Noun
семафор	Noun
семенс	Noun
семестр	Noun
семинар	Noun
семинарист	Noun
семиолог	Noun
семиология	Noun
семитология	Noun
семсер	Noun
семсерші	Noun
семьясыз	Adjective
семіз	Adjective
семіз	Noun
семір	Verb
семірген	Adjective
сен	Verb
сенат	Noun
сенатор	Noun
сенбе	Verb
сенбеушілік	Adjective
сенбеушілік	Noun
сенбі	Noun
сенбілік	Noun
сенген	Adjective
сенгісіз	Adjective
сенгіш	Adjective
сендел	Verb
сенделу	Noun
сендір	Verb
сендіре	Adverb
сенегалдық	Adjective
сенешаль	Noun
сенсациялық	Adjective
сенсибилизация	Noun
сенсор	Noun
сенсуализм	Noun
сентенция	Noun
сентименталдық	Adjective
сентиментализм	Noun
сенім	Noun
сенімгерлік	Adjective
сенімді	Adjective
сенімді	Adverb
сенімді	Noun
сенімдік	Noun
сенімділік	Noun
сенімпаздық	Noun
сенімсіз	Adjective
сенімсіз	Noun
сенімсіздену	Noun
сенімсіздік	Noun
сенімхат	Noun
сенімшіл	Adjective
сеп	Verb
сепал	Noun
сепаратизм	Noun
сепаратистік	Adjective
сепарация	Noun
сепия	Noun
сепкіл	Noun
сепкіш	Noun
септейлмейтін	Adjective
септет	Noun
септеу	Noun
септицемия	Noun
септік	Adjective
септік	Noun
сераль	Noun
сербиялық	Adjective
сервер	Noun
сервожүйе	Noun
сервомеханизм	Noun
сергек	Adjective
сергек	Noun
сергектік	Noun
сергі	Verb
сергіген	Adjective
сергіт	Verb
сергітетін	Adjective
сергітуші	Noun
серенада	Noun
сержант	Noun
сержанттық	Adjective
сериал	Noun
серия	Noun
сериялық	Adjective
серк	Verb
серкеш	Noun
серология	Noun
сероса	Noun
серотерапия	Noun
серотонин	Noun
серп	Verb
серпантин	Noun
серпантиндік	Adjective
серпілт	Verb
серпіліс	Noun
серпімділік	Noun
серпін	Noun
серпінді	Adjective
серт	Noun
сертификат	Noun
сертификатта	Verb
сертификаттау	Noun
серуен	Noun
серуенде	Verb
серфинг	Noun
серфингист	Noun
серік	Noun
серіктес	Adjective
серіктес	Noun
серіктестік	Noun
серіктік	Noun
серілік	Noun
серіппе	Noun
сес	Noun
сескен	Verb
сескенбе	Verb
сескенгіш	Adjective
сескендір	Verb
сессия	Noun
сесті	Adjective
сеттер	Noun
сеулетші	Noun
сең	Verb
си	Verb
сигара	Noun
сигиллография	Noun
сигналшы	Noun
сидерит	Noun
сидр	Noun
сизаль	Noun
сикхизм	Noun
силикагель	Noun
силикат	Noun
силикон	Noun
силлабикалық	Adjective
силлогизм	Noun
символ	Noun
символдық	Adjective
символика	Noun
символикалы	Adverb
символикалық	Adjective
симметрия	Noun
симметриялық	Adjective
симония	Noun
симпа	Noun
симпозиум	Noun
симптом	Noun
симптоматика	Noun
симфония	Noun
симфониялық	Adjective
синагога	Noun
сингаку	Noun
сингэки	Noun
синдик	Noun
синдикалисші	Noun
синдром	Noun
синергетикалық	Adjective
синергия	Noun
синкокучэки	Noun
синкретизм	Noun
синкретикалық	Adjective
синод	Noun
синология	Noun
синоним	Noun
синонимдік	Adjective
синонимділік	Noun
синонимия	Noun
синтагма	Noun
синтаксис	Noun
синтаксистік	Adjective
синташта	Adjective
синтез	Noun
синтезатор	Noun
синтезде	Verb
синтезделген	Adjective
синтезделе	Verb
синтездік	Adjective
синтетикалық	Adjective
синто	Noun
синус	Noun
синусоида	Noun
синхрондау	Noun
синхронды	Adjective
синхрондық	Adjective
синхрондық	Noun
синхронизатор	Noun
синхронизация	Noun
синхронизм	Noun
синхрония	Noun
сипа	Verb
сипала	Verb
сипат	Noun
сипатта	Verb
сипатталатын	Adjective
сипатталған	Adjective
сипаттама	Noun
сипаттаушы	Adjective
сипаттауыш	Adjective
сипатты	Adjective
сирақты	Adjective
сиреген	Adjective
сирегірек	Adjective
сирек	Adjective
сирек	Adverb
сиректендір	Verb
сироп	Noun
система	Noun
систематика	Noun
систола	Noun
сифилидология	Noun
сиын	Verb
сиыр	Noun
сиыржоңышқа	Noun
сиыршы	Noun
сиыспайтын	Adjective
сиық	Noun
сия	Noun
сиясауыт	Noun
сияқ	Noun
сияқтан	Verb
сияқты	Adjective
сияқты	Adverb
сиқыр	Noun
сиқырла	Verb
сиқырлаған	Adjective
сиқырлы	Adjective
сиқырлық	Noun
сиқыршы	Noun
скаляр	Noun
скандий	Noun
сканер	Noun
сканерлеу	Noun
скарификация	Noun
скарификациялау	Noun
скейтер	Noun
склеренхима	Noun
склероз	Noun
скраб	Noun
скрепка	Noun
скрипка	Noun
скрипкашы	Noun
скульптуралық	Adjective
скумбрия	Noun
скутер	Noun
славяндық	Adjective
слайдкөрсетілім	Noun
слалом	Noun
слесарлық	Adjective
словакиялық	Adjective
смартфон	Noun
смена	Noun
смокинг	Noun
смолала	Verb
сноб	Noun
собалақ	Noun
собалақта	Verb
собық	Noun
совет	Noun
советтендір	Verb
советтендіру	Noun
советтік	Adjective
совхоз	Noun
сода	Noun
содан	Adverb
содыр	Noun
содырлан	Verb
соз	Noun
соз	Verb
созалаңқылық	Noun
созу	Noun
созыл	Verb
созылмалы	Adjective
созылмалық	Noun
созылу	Noun
созылыңқы	Adjective
созылғыш	Adjective
созым	Noun
созымды	Adjective
созымтал	Adjective
сой	Verb
сойылда	Verb
сойылған	Adjective
сойқан	Adjective
сойқан	Noun
сойқанда	Verb
сол	Adjective
сол	Verb
солай	Adverb
солақай	Noun
солаңда	Verb
солбыр	Adjective
солбырай	Verb
солдат	Noun
соленоид	Noun
солист	Noun
соло	Noun
солод	Noun
солтүстік	Adjective
солтүстік	Noun
солтүстіктік	Noun
солшыл	Adjective
солшыл	Noun
солға	Adverb
солған	Adjective
солғын	Adjective
солғын	Adverb
солғындат	Verb
солқылда	Verb
солқылдат	Verb
сом	Noun
сома	Noun
сомдық	Noun
сомма	Noun
сомнамбулизм	Noun
сомын	Noun
соната	Noun
сонет	Noun
сонограмма	Noun
сонсоң	Adverb
соншалық	Adverb
соншалықты	Adverb
соншама	Adverb
сопақ	Adjective
сопақ	Noun
сопаңда	Verb
сополимер	Noun
сопроцессор	Noun
сопы	Noun
сопылық	Noun
сор	Noun
сор	Verb
сора	Noun
сорап	Noun
сорапта	Verb
сорақы	Adjective
сорақылан	Verb
сорла	Verb
сорлат	Verb
сорлы	Adjective
сорлы	Adverb
сорлылық	Noun
сорпа	Noun
сорпалық	Adjective
сорт	Noun
сортаң	Adjective
сортаң	Noun
сортта	Verb
сорттаушы	Noun
сорылу	Noun
сорғала	Verb
сорғы	Adjective
сорғы	Noun
сорғыш	Noun
сосын	Adverb
сот	Noun
сотта	Verb
сотталған	Adjective
соттастыр	Verb
сотты	Adjective
соттық	Adjective
сотқар	Noun
сотқарлан	Verb
сотқарлық	Noun
сотқыр	Noun
социал	Adjective
социалдық	Adjective
социализм	Noun
социалист	Noun
социалистік	Adjective
социобиология	Noun
социолог	Noun
социологизм	Noun
социология	Noun
социологиялық	Adjective
соционика	Noun
социотип	Noun
сою	Noun
союзмультфильм	Noun
соя	Noun
сояудай	Adjective
соғу	Noun
соғыл	Verb
соғылған	Adjective
соғым	Noun
соғыс	Noun
соғыс	Verb
соғысатын	Adjective
соғыстыр	Verb
соғысу	Noun
соғысушы	Noun
соғысқан	Adjective
соғысқұмар	Adjective
соқ	Noun
соқ	Verb
соқа	Noun
соқпақ	Noun
соқтыр	Verb
соқтығыс	Noun
соқтығыс	Verb
соқтық	Verb
соқылдат	Verb
соқыр	Adjective
соқыр	Noun
соқырлық	Noun
соқырішек	Noun
соққы	Noun
соң	Noun
соңына	Adverb
соңында	Adverb
соңғы	Adjective
спарталық	Adjective
спектакль	Noun
спектр	Noun
спектрлік	Adjective
спектрограмма	Noun
спектрограф	Noun
спектрометр	Noun
спектрометрия	Noun
спектроскоп	Noun
спектроскопия	Noun
спектрофотометр	Noun
спектрофотометрия	Noun
сперматогоний	Noun
сперматозоид	Noun
сперматоцит	Noun
спецификатор	Noun
спикер	Noun
спин	Noun
спинет	Noun
спиральді	Adjective
спиритизм	Noun
спирт	Noun
спиртті	Adjective
спленомегалия	Noun
спонсор	Noun
спонтанды	Adjective
спонтандық	Noun
спора	Noun
спорадикалы	Adverb
спорангий	Noun
споровик	Noun
спорофит	Noun
спорт	Noun
спорттық	Adjective
спортшы	Noun
спрэй	Noun
ссуда	Noun
стагфляция	Noun
стадион	Noun
стажировка	Noun
стакан	Noun
стаккато	Noun
сталагмит	Noun
сталактит	Noun
сталкер	Noun
стандарт	Noun
стандартта	Verb
стандарттау	Noun
стандартты	Adjective
станица	Noun
станок	Noun
станция	Noun
стапель	Noun
старшина	Noun
статизм	Noun
статикалық	Adjective
статистика	Noun
статистикалық	Adjective
статор	Noun
статус	Noun
статут	Noun
статуя	Noun
стақан	Noun
стейк	Noun
стек	Noun
стенография	Noun
стенографиялық	Adjective
стенокардия	Noun
стенотипия	Noun
стеньга	Noun
стерадиан	Noun
стереометрия	Noun
стереоскоп	Noun
стереоскопия	Noun
стереотипия	Noun
стереохимия	Noun
стерилизация	Noun
стероид	Noun
стетоскоп	Noun
стехиометрия	Noun
стикер	Noun
стилист	Noun
стилистика	Noun
стиль	Noun
стильденген	Adjective
стильдеу	Noun
стильдік	Adjective
стимуляция	Noun
стипендия	Noun
стихия	Noun
стоицизм	Noun
стол	Noun
стоматология	Noun
стратег	Noun
стратегия	Noun
стратегиялы	Adverb
стратегиялық	Adjective
стратиграфия	Noun
стратиграфиялық	Adjective
стратификация	Noun
стратопауза	Noun
стратосфера	Noun
стрептококк	Noun
стриптиз	Noun
стронций	Noun
структура	Noun
студент	Noun
студия	Noun
стюардесса	Noun
су	Adjective
су	Noun
су	Verb
суайрық	Noun
суайттан	Verb
суалдыр	Verb
суалт	Verb
суалған	Noun
суар	Verb
суарт	Verb
суарылатын	Adjective
суатқыш	Noun
суағар	Noun
субвенция	Noun
субдукция	Noun
сублимация	Noun
субмарина	Noun
субмердігерлік	Noun
субординация	Noun
субрегион	Noun
суброгация	Noun
субсидия	Noun
субстантивтік	Adjective
субстанция	Noun
субституция	Noun
субстрат	Noun
субтропик	Noun
субтропиктік	Adjective
субурбанизация	Noun
субъект	Noun
субъективизм	Noun
субъективті	Adjective
субъективтік	Adjective
субъективтілік	Noun
субъектісіз	Adjective
субүлдірген	Noun
субұрқақ	Noun
судоку	Noun
судья	Noun
сужелкек	Noun
сужетек	Noun
суицид	Noun
суицидтік	Adjective
сула	Verb
сулан	Verb
суландыр	Verb
суландыру	Noun
сулы	Adjective
сулы	Noun
сульфаниламид	Noun
сульфат	Noun
сульфид	Noun
сум	Noun
суми	Noun
супержүлде	Noun
суперконтинент	Noun
супермаркет	Noun
суппозитория	Noun
сурдопедагог	Noun
сурет	Noun
суреткер	Noun
суретсипат	Noun
суретте	Verb
суреттеме	Noun
суреттемелі	Adjective
суретті	Adjective
суретші	Noun
сусабын	Noun
сусамыр	Noun
сусар	Noun
сусыз	Adjective
сусыздандыру	Noun
сусын	Noun
сусындық	Adjective
сутартқыш	Noun
сутас	Noun
сутаған	Noun
сутегі	Noun
сутек	Noun
сутексіздендіру	Noun
сутектендіру	Noun
сутіл	Noun
суфлер	Noun
суффиксация	Noun
сушаруашылық	Noun
суыр	Noun
суыр	Verb
суырт	Verb
суырыс	Verb
суыт	Verb
суытатын	Adjective
суық	Adjective
суық	Adverb
суғар	Verb
сфалерит	Noun
сфеноид	Noun
сфера	Noun
сфералық	Adjective
сфероид	Noun
сфинктер	Noun
схема	Noun
схемалау	Noun
схоластик	Noun
сценарий	Noun
сценарийші	Noun
сценариші	Noun
сцениялық	Adjective
сценография	Noun
съез	Noun
съезд	Noun
сыба	Verb
сыбайлас	Noun
сыбандыр	Verb
сыбаға	Noun
сыбағалас	Noun
сыбдыр	Noun
сыбдырла	Verb
сыбызғы	Noun
сыбызғышы	Noun
сыбыр	Noun
сыбырла	Verb
сыбырласу	Noun
сыбыс	Noun
сыдыр	Verb
сыдырыл	Verb
сыз	Noun
сыз	Verb
сызат	Noun
сызба	Noun
сызбашы	Noun
сызда	Verb
сыздауық	Noun
сыздық	Noun
сызу	Noun
сызушы	Noun
сызық	Noun
сызықталған	Adjective
сызықты	Adjective
сызықша	Noun
сызғыла	Verb
сызғыш	Noun
сый	Noun
сый	Verb
сыйақы	Noun
сыйдыр	Verb
сыйла	Verb
сыйлық	Noun
сыйлықақы	Noun
сыйпаңда	Verb
сыйымды	Adjective
сыйымдылық	Noun
сыйымсыз	Adjective
сыйын	Verb
сыйыс	Verb
сыйғыз	Verb
сыл	Verb
сыла	Noun
сыла	Verb
сылағыш	Noun
сылақ	Noun
сылақта	Verb
сылбыр	Noun
сылбырлық	Noun
сылдыр	Noun
сылдыра	Verb
сылдырат	Verb
сылдырауық	Noun
сылдырақ	Noun
сылдырла	Verb
сылдырлат	Verb
сылдырлау	Noun
сылдырлаған	Adjective
сылдырмақ	Noun
сылпылдат	Verb
сылтау	Noun
сылтаурат	Verb
сылтаурату	Noun
сылтауратқыш	Noun
сылты	Verb
сылқылда	Verb
сылқым	Noun
сым	Noun
сымбатсыз	Adjective
сымды	Adjective
сымсыз	Adjective
сымтетік	Noun
сын	Noun
сын	Verb
сына	Verb
сынайтын	Adjective
сынала	Verb
сыналған	Adjective
сынап	Noun
сынапты	Adjective
сынат	Verb
сынау	Noun
сынақ	Noun
сындарлы	Adjective
сынды	Adjective
сындыр	Verb
сындырушы	Noun
сындырылған	Adjective
сынсыз	Adjective
сыну	Noun
сынушылық	Noun
сыншы	Noun
сынып	Noun
сыныпта	Verb
сыныптас	Noun
сынық	Adjective
сынық	Noun
сынған	Adjective
сынғақ	Adjective
сынғыш	Adjective
сыпайы	Adjective
сыпайы	Adverb
сыпайы	Noun
сыпайылық	Noun
сыпыр	Verb
сыпыртқы	Noun
сыпырыл	Verb
сыпырғы	Noun
сыпырғыш	Noun
сыр	Noun
сыр	Verb
сыра	Noun
сырахана	Noun
сырбаз	Adjective
сырбаздық	Noun
сырла	Verb
сырлан	Verb
сырланған	Adjective
сырлас	Adjective
сырлас	Verb
сырлы	Adjective
сырлы	Adverb
сырма	Adjective
сырма	Noun
сырнай	Noun
сырнайшы	Noun
сырт	Noun
сыртсыз	Adjective
сырттай	Adjective
сырттай	Adverb
сырттан	Adjective
сырттан	Adverb
сыртылда	Verb
сыртынан	Adverb
сыртқы	Adjective
сыршыл	Noun
сырыл	Noun
сырылған	Adjective
сырық	Noun
сырға	Noun
сырғана	Verb
сырғанақ	Noun
сырғауыл	Noun
сырғитын	Adjective
сырғы	Verb
сырғылым	Noun
сырғыма	Noun
сырғыт	Verb
сырғыту	Noun
сырқат	Adjective
сырқат	Noun
сырқаттан	Verb
сырқатты	Adjective
сырқырат	Verb
сыт	Verb
сытыл	Verb
сытырла	Verb
сығала	Verb
сығандық	Adjective
сығу	Noun
сығыл	Verb
сығылатын	Adjective
сығылушылық	Noun
сығылыс	Verb
сығылыстыр	Verb
сығымда	Verb
сығынды	Noun
сығырай	Verb
сығырайт	Verb
сығыраңдай	Adjective
сық	Verb
сықақ	Noun
сықақшы	Noun
сықпа	Noun
сықпала	Verb
сықызша	Noun
сықылда	Verb
сықылды	Adjective
сықырла	Verb
сықырлат	Verb
сықырлау	Noun
сыңар	Noun
сыңғырла	Verb
сыңғырлаған	Adjective
сэндвич	Noun
сэр	Noun
сюжет	Noun
сюита	Noun
сюрприз	Noun
сюрреализм	Noun
сюрреалисші	Noun
сілей	Verb
сілекей	Noun
сілем	Noun
сілеусін	Noun
сілк	Verb
сілкі	Verb
сілкіле	Verb
сілкін	Verb
сілкіну	Noun
сілкініс	Noun
сілкіт	Verb
сілте	Verb
сілтегіш	Noun
сілтеме	Noun
сілтеуіш	Adjective
сілті	Noun
сілімтік	Noun
сіпсебас	Noun
сіреспе	Adjective
сіреспе	Noun
сірке	Noun
сіркелі	Adjective
сіркесауыт	Noun
сіркіреу	Noun
сіріңке	Noun
сің	Verb
сіңдір	Verb
сіңлі	Noun
сіңу	Noun
сіңімді	Adjective
сіңімсіз	Adjective
сіңір	Noun
сіңір	Verb
сіңіргіш	Adjective
сіңірткіш	Noun
сіңіру	Noun
сіңіруші	Noun
сіңіріл	Verb
сіңірілу	Noun
сүдігер	Noun
сүз	Verb
сүзбе	Noun
сүзеген	Adjective
сүзілген	Adjective
сүзілу	Noun
сүзінді	Noun
сүй	Verb
сүйгіш	Adjective
сүйгіштік	Noun
сүйе	Verb
сүйек	Noun
сүйекаралық	Adjective
сүйексіз	Adjective
сүйектену	Noun
сүйекті	Adjective
сүйел	Noun
сүйем	Noun
сүйемел	Noun
сүйемелде	Verb
сүйен	Verb
сүйеніш	Noun
сүйетін	Adjective
сүйеу	Noun
сүйкімді	Adjective
сүйкімді	Adverb
сүйкімділік	Noun
сүйкімсіз	Adjective
сүйкімсіздік	Noun
сүймен	Noun
сүйре	Verb
сүйрегіш	Noun
сүйрел	Verb
сүйреле	Verb
сүйрет	Verb
сүйретіл	Verb
сүйрік	Adjective
сүйсін	Verb
сүйсінген	Adjective
сүйін	Verb
сүйініш	Noun
сүйір	Adjective
сүйіс	Verb
сүйіспеншілік	Noun
сүйіспеншілікті	Adverb
сүлгі	Noun
сүлде	Noun
сүлік	Noun
сүмбі	Noun
сүмбілеу	Noun
сүмелек	Noun
сүмірейт	Verb
сүндет	Noun
сүндетте	Verb
сүр	Adjective
сүр	Verb
сүргекте	Verb
сүргіле	Verb
сүргілегіш	Noun
сүргіленген	Adjective
сүргілеу	Noun
сүргілеуші	Noun
сүргін	Noun
сүре	Noun
сүрек	Noun
сүректі	Adjective
сүрет	Noun
сүрлем	Adjective
сүрлем	Noun
сүрме	Noun
сүрмеле	Verb
сүрт	Verb
сүрілген	Adjective
сүрін	Verb
сүрінген	Adjective
сүт	Noun
сүтсірне	Noun
сүтті	Adjective
сүтқоректі	Adjective
сүтқоректі	Noun
сүңгуші	Noun
сүңгуір	Adjective
сүңгуір	Noun
сүңгуірші	Noun
сүңгі	Noun
сүңгі	Verb
сүңгігіш	Noun
сүңгіт	Verb
сүңк	Verb
сұйылт	Verb
сұйытқыш	Noun
сұйық	Adjective
сұйықтық	Noun
сұлтан	Noun
сұлтандық	Noun
сұлу	Adjective
сұлула	Verb
сұлулық	Noun
сұлы	Noun
сұм	Adjective
сұмдық	Adjective
сұмдық	Noun
сұмпайы	Adjective
сұр	Adjective
сұра	Verb
сұран	Verb
сұраншақ	Noun
сұраным	Adjective
сұраным	Noun
сұраныс	Noun
сұранысхат	Noun
сұрапыл	Adjective
сұрапыл	Adverb
сұрастыр	Verb
сұрат	Verb
сұрау	Noun
сұрақ	Noun
сұрақты	Adjective
сұрлан	Verb
сұрланған	Adjective
сұрыпта	Verb
сұрыптал	Verb
сұрыптау	Noun
сұрыптаушы	Noun
сұрықсыз	Adjective
сұрқия	Noun
сұс	Noun
сұсты	Adjective
сұхбат	Noun
сұхбаттас	Noun
сұғанақ	Adjective
сұқ	Verb
сұқсыр	Adjective
сұқтан	Verb
сұңғақ	Adjective
сұңғыла	Noun
сұңқар	Noun
сұңқарым	Noun
сәби	Noun
сәбилік	Adjective
сәбіз	Noun
сәжде	Noun
сәйгүлік	Noun
сәйкес	Adjective
сәйкес	Adverb
сәйкессіздік	Noun
сәйкестел	Verb
сәйкестен	Verb
сәйкестендір	Verb
сәйкестендіру	Noun
сәйкестік	Noun
сәйкестір	Verb
сәйкесінше	Adverb
сәйкесінше	Noun
сәл	Adverb
сәл	Noun
сәлде	Noun
сәлелендір	Verb
сәлем	Noun
сәлемдеме	Noun
сәлемдес	Verb
сәлемдесу	Noun
сәлемет	Adjective
сәлеметтік	Noun
сән	Noun
сәнгер	Noun
сәнде	Verb
сәнден	Verb
сәндеу	Noun
сәнді	Adjective
сәнді	Adverb
сәндік	Adjective
сәнділік	Noun
сәнхана	Noun
сәнқой	Noun
сәрсенбі	Noun
сәт	Noun
сәтсіз	Adjective
сәтсіздік	Noun
сәтті	Adjective
сәтті	Adverb
сәттілік	Noun
сәуегейлік	Noun
сәуле	Adjective
сәуле	Noun
сәулеле	Verb
сәулелен	Verb
сәулелендір	Verb
сәулелендіру	Noun
сәулелілік	Noun
сәулет	Noun
сәулетті	Adjective
сәулеттік	Adjective
сәулетші	Noun
сәуір	Noun
сөгілген	Adjective
сөгіс	Noun
сөз	Noun
сөздік	Noun
сөзжұмбақ	Noun
сөзсіз	Adjective
сөзсіз	Adverb
сөзтізбек	Noun
сөзшең	Adjective
сөзшеңдік	Noun
сөзінше	Adverb
сөйле	Verb
сөйлем	Noun
сөйлеме	Verb
сөйлемейтін	Adjective
сөйлемпаз	Adjective
сөйлемше	Noun
сөйлес	Verb
сөйлесетін	Adjective
сөйлеу	Noun
сөйлеуші	Noun
сөйт	Verb
сөйтіп	Adverb
сөк	Noun
сөк	Verb
сөл	Noun
сөлемдесу	Noun
сөмке	Noun
сөн	Verb
сөнген	Adjective
сөндір	Verb
сөндіргіш	Noun
сөндірілген	Adjective
сөре	Noun
т	Noun
таба	Noun
табак	Noun
табала	Verb
табалдырық	Noun
табан	Noun
табанда	Verb
табандапжүруші	Noun
табанды	Adjective
табанды	Adverb
табандылық	Noun
табансыз	Adjective
табансыз	Noun
табақ	Noun
табақтас	Noun
табақша	Noun
табель	Noun
табиғат	Noun
табиғаттанушы	Noun
табиғи	Adjective
табиғи	Adverb
табло	Noun
таблоидтік	Adjective
табуляция	Noun
табушы	Noun
табыл	Verb
табын	Noun
табын	Verb
табынатын	Adjective
табынушылық	Noun
табыншы	Noun
табыс	Noun
табыс	Verb
табыскер	Noun
табыссыз	Adverb
табыста	Verb
табысты	Adjective
табыстыратын	Adjective
табыстық	Adjective
табыт	Noun
табытшы	Noun
тавтология	Noun
таз	Adjective
таза	Adjective
тазала	Verb
тазалан	Verb
тазалау	Noun
тазалаушы	Noun
тазалағыш	Noun
тазалық	Noun
тазар	Verb
тазарт	Verb
тазартатын	Adjective
тазарту	Noun
тазартушы	Noun
тазартылған	Adjective
тазарған	Adjective
тазийе	Noun
тазы	Noun
тазышы	Noun
тазқара	Noun
тай	Noun
тай	Verb
тайга	Noun
тайлақ	Noun
тайлық	Verb
тайма	Verb
таймер	Noun
тайпа	Noun
тайпалас	Noun
тайпақ	Adjective
тайсал	Verb
тайсалмайтын	Adjective
тайталас	Verb
тайтин	Noun
тайфун	Noun
тайыз	Adjective
тайынбайтын	Adjective
тайынша	Noun
тайғанақ	Adjective
тайғанақта	Verb
тайғақ	Adjective
тайғақта	Verb
тайқу	Noun
такелажшы	Noun
таксалау	Noun
такси	Noun
таксономия	Noun
тактик	Noun
тактика	Noun
тактикалық	Adjective
тал	Noun
тал	Verb
тала	Verb
талай	Adjective
таламус	Noun
талант	Noun
талантсыз	Adjective
талантты	Adjective
талап	Noun
талапкер	Noun
талаптан	Verb
талапты	Adjective
талас	Noun
талас	Verb
талассократия	Noun
талассыз	Adjective
таласты	Adjective
таластыр	Verb
таласқыш	Noun
талау	Noun
талаурау	Noun
талаушы	Noun
талақ	Noun
талақшөп	Noun
талда	Verb
талдамды	Adjective
талданатын	Adjective
талданған	Adjective
талдау	Noun
талдаушы	Noun
талдағыш	Adjective
талдыр	Verb
талдырмаш	Adjective
талибан	Noun
талпақ	Adjective
талпиған	Adjective
талпын	Verb
талпыныс	Noun
талтаңда	Verb
талшын	Noun
талшық	Adjective
талшық	Noun
талшықты	Adjective
талықсы	Verb
тальк	Noun
талға	Verb
талғам	Noun
талғамал	Adjective
талғампаз	Adjective
талғамсыздық	Noun
талғау	Noun
талқан	Noun
талқанда	Verb
талқандайтын	Adjective
талқандалған	Adjective
талқандау	Noun
талқандаушылық	Noun
талқандағыш	Adjective
талқы	Noun
талқыла	Verb
талқылас	Verb
талқылау	Noun
там	Verb
тамаринд	Noun
тамаша	Adjective
тамаша	Adverb
тамашала	Verb
тамашалаушы	Noun
тамақ	Noun
тамақта	Verb
тамақтан	Verb
тамақтандыр	Verb
тамаққұмар	Noun
тамборин	Noun
тампон	Noun
тамсан	Verb
тамшуыр	Noun
тамшы	Noun
тамшыла	Verb
тамшылау	Noun
тамыз	Noun
тамыз	Verb
тамыр	Noun
тамырдәрі	Noun
тамырлан	Verb
тамырлану	Noun
тамырлас	Verb
тамырлы	Adjective
тамған	Adjective
тамұқ	Noun
тан	Verb
танамоншақ	Noun
танатология	Noun
танау	Noun
тандем	Noun
танк	Noun
танка	Noun
тантал	Noun
таны	Verb
таныл	Verb
танылатын	Adjective
танылмайтын	Adjective
танылмаған	Adjective
танылған	Adjective
таным	Noun
танымал	Adverb
танымастай	Adjective
танымдылық	Noun
танымдық	Adjective
танырлық	Noun
таныс	Adjective
таныс	Verb
таныстыр	Verb
таныстыру	Noun
таныстық	Noun
таныт	Verb
танығысыз	Adjective
тап	Noun
тап	Verb
тапал	Adjective
тапанша	Noun
тапжылмай	Adverb
тапсыр	Verb
тапсырма	Noun
тапсырушы	Noun
тапсырылған	Adjective
тапсырынды	Adjective
тапсырыс	Noun
тапсырысшы	Noun
тапта	Verb
тапталған	Adjective
таптан	Verb
таптаурын	Noun
таптауыш	Noun
таптыр	Verb
тапшылық	Noun
тапқыр	Adjective
тапқырлық	Noun
тапқыштық	Noun
тар	Adjective
тар	Adverb
тара	Verb
тараза	Noun
таразы	Noun
таразыла	Verb
таразышы	Noun
тарайтын	Adjective
тарал	Verb
таралу	Noun
таралым	Noun
таралған	Adjective
тарам	Noun
тарамда	Verb
таран	Noun
таранда	Verb
тарап	Noun
тарат	Verb
таратпаушылық	Noun
тарату	Noun
таратушы	Noun
таратылған	Adjective
таратқыш	Noun
тарау	Adjective
тарау	Noun
тарақ	Noun
тарақан	Noun
тарақша	Noun
тарақшы	Noun
тарбаған	Noun
тариф	Noun
тарифтеу	Noun
тарих	Noun
тарихалды	Adjective
тарихи	Adverb
тарихнама	Noun
тарихшы	Noun
тарихылық	Noun
тарлық	Noun
тармақ	Noun
тармақша	Noun
тарпаң	Noun
тарпыл	Noun
тарсыл	Noun
тарсылда	Verb
тарт	Verb
тартпа	Noun
тарттыр	Verb
тарту	Noun
тартушы	Noun
тартыл	Verb
тартылмалы	Adjective
тартылыс	Noun
тартылған	Adjective
тартымды	Adjective
тартын	Verb
тартыншақ	Adjective
тартыс	Noun
тартыс	Verb
тартқыла	Verb
тартқыш	Noun
тары	Noun
тарыл	Verb
тарылт	Verb
тарылту	Noun
тарылтылған	Adjective
тарылған	Adjective
тарық	Verb
тарғақ	Noun
тарқа	Verb
тарқал	Verb
тарқат	Verb
тарқату	Noun
тарқатыл	Verb
тарқатқыш	Noun
тарқаған	Adjective
тарқылда	Verb
тас	Noun
тас	Verb
таса	Noun
тасала	Verb
тасалан	Verb
тасалану	Noun
тасбақа	Noun
таспа	Noun
таспалы	Adjective
таспиқ	Noun
таста	Verb
тастанды	Adjective
тастанды	Noun
тастақ	Adjective
тасты	Adjective
тасу	Noun
тасушы	Noun
тасшы	Noun
тасшөп	Noun
тасы	Verb
тасымал	Noun
тасымалдау	Noun
тасымалдаушы	Adjective
тасымалдаушы	Noun
тасымалды	Adjective
тасырла	Verb
тасқын	Noun
тасқынды	Adjective
тат	Verb
таттан	Verb
тату	Adjective
тату	Adverb
татуирле	Verb
татулас	Verb
татуластыр	Verb
татулық	Noun
татымды	Adjective
татымсыз	Adjective
татымсыздық	Noun
татыр	Verb
тау	Noun
тауар	Adjective
тауар	Noun
тауарлық	Adjective
тауешкі	Noun
таурат	Adjective
таусыл	Verb
таусылмайтын	Adjective
таусылу	Noun
тауы	Noun
тауыс	Verb
тауық	Noun
тахикардия	Noun
тахометр	Noun
тахта	Noun
тая	Verb
таяз	Adjective
таян	Verb
таяуда	Adverb
таяқ	Noun
таяқша	Noun
таға	Noun
тағайында	Verb
тағайындал	Verb
тағайындалынған	Adjective
тағайындалған	Adjective
тағайындау	Noun
тағам	Noun
тағамдас	Noun
тағамдық	Adjective
таған	Noun
тағдыр	Noun
тағы	Adverb
тағыл	Verb
тағылған	Adjective
тақ	Adjective
тақ	Noun
тақ	Verb
тақа	Verb
тақау	Adjective
тақия	Noun
тақпақтау	Noun
тақсыр	Noun
тақта	Noun
тақтай	Noun
тақтайша	Noun
тақтатас	Noun
тақуа	Adjective
тақыл	Adjective
тақылдат	Verb
тақылеттес	Adjective
тақымда	Verb
тақыр	Noun
тақырып	Noun
тақырыптама	Noun
тақырыптық	Adjective
тақырыпша	Noun
таң	Noun
таң	Verb
таңатын	Adjective
таңба	Noun
таңбала	Verb
таңбаланған	Adjective
таңбалаушы	Noun
таңбалағыш	Noun
таңда	Verb
таңдай	Noun
таңдал	Verb
таңдама	Noun
таңдан	Verb
таңдана	Adverb
таңданарлық	Adjective
таңдандыр	Verb
таңданған	Adjective
таңдау	Noun
таңдаулы	Adjective
таңдағыш	Adjective
таңертең	Noun
таңертеңгілік	Adjective
таңсық	Adjective
таңсықтан	Verb
таңсәрі	Noun
таңылған	Adjective
таңырқа	Verb
таңырқаларлық	Adjective
таңырқарлық	Adjective
таңырқат	Verb
таңырқаған	Adjective
таңғажайып	Adjective
таңғал	Verb
таңғала	Verb
таңғаларлық	Adjective
таңғаларлық	Adverb
таңғалдыр	Verb
таңғалдырған	Adjective
таңғы	Adjective
таңғылық	Adjective
таңғыш	Noun
таңқал	Verb
таңқаларлық	Adverb
таңқаларлықтай	Adjective
таңқалдыр	Verb
таңқурай	Noun
таңқурайлық	Noun
театр	Noun
театрлық	Adjective
тебу	Noun
тебін	Verb
тебінде	Verb
тебірен	Verb
тегеурінгүл	Noun
тегі	Adverb
тегі	Noun
тегін	Adjective
тегін	Adverb
тегіс	Adjective
тегісте	Verb
тегістейтін	Adjective
тегістел	Verb
тегістелген	Adjective
тегістеп	Adverb
тегістеуші	Noun
тегістік	Noun
теже	Verb
тежегіш	Noun
тежел	Verb
тежелу	Noun
тежет	Verb
тежеуіш	Adjective
тез	Adjective
тез	Adverb
тездет	Verb
тездеткіш	Noun
тездетіп	Adverb
тезис	Noun
тезпіскіш	Adjective
тезтікпе	Noun
тезірек	Adverb
теизм	Noun
тек	Adverb
тек	Noun
теке	Noun
текежаумыт	Noun
текке	Adverb
тексер	Verb
тексерт	Verb
тексерткіз	Verb
тексеру	Adjective
тексеру	Noun
тексеруші	Noun
тексеріл	Verb
тексерілген	Adjective
тексеріс	Noun
текст	Noun
текстура	Noun
тексіз	Adjective
тектес	Adjective
тектоникалық	Adjective
текті	Adjective
текше	Noun
текшеле	Verb
текірек	Noun
телеарна	Noun
телебайланыс	Noun
телебағдарлама	Noun
телебірігу	Noun
телевидение	Noun
телевизия	Noun
телеграф	Adjective
телеграф	Noun
теледидар	Noun
теледидарлама	Noun
теледидарламалық	Adjective
теледүкен	Noun
тележка	Noun
тележүргізуші	Noun
тележұмыс	Noun
телекоммуникация	Noun
телекомпания	Noun
телеконференция	Noun
телематикалық	Adjective
телемұнара	Noun
телемәтін	Noun
телеология	Noun
телепатия	Noun
телепікірталас	Noun
телерадиокорпорация	Noun
телескоп	Noun
телескопия	Noun
телеспектакль	Noun
телестудия	Noun
телетайп	Noun
телеталқылау	Noun
телетрансляция	Noun
телефон	Noun
телефондама	Noun
телефондандыру	Noun
телефония	Noun
телефотография	Noun
телехабар	Noun
телеқатынас	Noun
теллур	Noun
телмір	Verb
телмірт	Verb
телнұсқа	Noun
телпек	Noun
тельсон	Noun
телім	Noun
тематикалық	Adjective
темекі	Noun
темекіші	Noun
темп	Noun
темперамент	Noun
температура	Noun
температуралық	Adjective
темір	Adjective
темір	Noun
темірдей	Adjective
теміржол	Noun
теміржолшы	Noun
темірле	Verb
тенденция	Noun
тендерлік	Adjective
тенезм	Noun
тензор	Noun
теннис	Noun
теннист	Noun
тенор	Noun
тентек	Adjective
тентек	Noun
тентектік	Noun
тентіре	Verb
теогония	Noun
теодицея	Noun
теодолит	Noun
теократия	Noun
теократиялық	Adjective
теолог	Noun
теология	Noun
теологиялақ	Adjective
теорема	Noun
теоретик	Adjective
теоретик	Noun
теория	Noun
теорияландыр	Verb
теориялық	Adjective
теорияшыл	Noun
теософия	Noun
теп	Verb
тепаль	Noun
тепкі	Noun
тепкіле	Verb
тер	Noun
тер	Verb
теракті	Noun
теране	Noun
терапевтикалық	Adjective
терапия	Noun
тератология	Noun
тераццо	Noun
тербел	Verb
тербелген	Adjective
тербелетін	Adjective
тербелмелі	Adjective
тербелт	Verb
тербелу	Noun
тербеліс	Noun
тербет	Verb
тербетілген	Adjective
тербий	Noun
терге	Verb
тергеу	Adjective
тергеу	Noun
тергеуші	Noun
терезе	Noun
терек	Noun
терең	Adjective
терең	Adverb
тереңде	Verb
тереңдетілген	Adjective
тереңдік	Noun
териген	Adjective
терле	Verb
терлеген	Adjective
термин	Noun
терминал	Noun
терминалды	Adjective
терминология	Noun
терминологиялық	Adjective
термистор	Noun
термит	Noun
термиялық	Adjective
термогигрометр	Noun
термограф	Noun
термография	Noun
термодинамика	Noun
терможұп	Noun
термометр	Noun
термометрия	Noun
термопластикалық	Adjective
терморегулятор	Noun
термостат	Noun
термосфера	Noun
термотерапия	Noun
термоэлектриялық	Adjective
термоядролық	Adjective
терракот	Noun
терраса	Noun
территория	Noun
территориялық	Adjective
террор	Noun
терроризм	Noun
террористік	Adjective
террорлық	Adjective
терроршы	Noun
терте	Noun
теруші	Noun
терцет	Noun
терция	Noun
тершең	Adjective
тершіл	Adjective
тері	Adjective
тері	Noun
терігер	Noun
теріс	Adjective
теріс	Adverb
терісте	Verb
терістеу	Noun
терістік	Adjective
терістік	Noun
тес	Verb
тескіш	Noun
тесла	Noun
теснифа	Noun
тест	Noun
тесу	Noun
тесік	Noun
тесіктау	Noun
тесіл	Verb
тесілетін	Adjective
тетания	Noun
тетелес	Noun
тетрархия	Noun
тетраэдр	Noun
тетік	Noun
техника	Noun
техникалық	Adjective
техникалық	Adverb
техникум	Noun
технократия	Noun
технология	Noun
технологиялық	Adjective
технологиялық	Adverb
технопарк	Noun
техноқұрылым	Noun
тең	Adjective
тең	Noun
теңалыстатылған	Noun
теңбілді	Adjective
теңбүйірлі	Adjective
теңге	Noun
теңгелік	Adjective
теңгергіш	Noun
теңгерім	Noun
теңгешілдік	Noun
теңдес	Adjective
теңдестір	Verb
теңдестірілген	Adjective
теңдеу	Noun
теңдік	Noun
теңе	Verb
теңестір	Verb
теңестіргіш	Noun
теңеусіз	Adjective
теңжақты	Adjective
теңкел	Verb
теңкүнді	Adjective
теңкүшті	Adjective
теңсел	Verb
теңселт	Verb
теңсіз	Adjective
теңсіздік	Noun
теңіз	Noun
теңіздік	Adjective
теңізші	Noun
ти	Verb
тигель	Noun
тиген	Adjective
тигіз	Verb
тигізбе	Verb
тие	Verb
тиейтін	Adjective
тиек	Noun
тиел	Verb
тиелген	Adjective
тиесілі	Adjective
тиесілі	Verb
тиеуші	Noun
тиеушілік	Noun
тик	Noun
тиксотропия	Noun
тиллит	Noun
тильбюри	Noun
тимьян	Noun
тимэктомия	Noun
тип	Noun
типолитография	Noun
типология	Noun
типологиялық	Adjective
типтендіру	Noun
типтеу	Noun
типті	Adjective
типтік	Adjective
типыл	Adjective
тирада	Noun
тираж	Noun
тиран	Noun
тиристор	Noun
тироидті	Adjective
тироксин	Noun
титан	Noun
титанит	Noun
титул	Noun
титулдылық	Noun
титық	Noun
титықта	Verb
титықтат	Verb
титықтау	Noun
титықтыр	Verb
тиын	Noun
тиынтақ	Noun
тиянақсыз	Adjective
тиянақтау	Noun
тиянақты	Adjective
тиімді	Adjective
тиімді	Adverb
тиімділік	Noun
тиімсіз	Adjective
тиін	Noun
тиіс	Verb
тиісті	Adjective
тиістілік	Noun
тобак	Noun
тобыр	Noun
тобық	Noun
товар	Noun
тога	Noun
тоз	Verb
тозақ	Noun
тозаң	Noun
тозаңдандыру	Noun
тозаңдандырушы	Noun
тозаңдану	Noun
тозаңдату	Noun
тозаңдатушы	Noun
тозаңдық	Noun
тоздыр	Verb
тозу	Noun
тозған	Adjective
той	Noun
той	Verb
тойла	Verb
тойлау	Verb
тойтарма	Noun
тойтарушы	Noun
тойтарыс	Noun
тойтарғыш	Noun
тойымсыз	Adjective
тойымсыздық	Noun
тойғанша	Adverb
ток	Noun
токсемия	Noun
токсикология	Noun
токсикомания	Noun
токсин	Noun
тол	Verb
толассыздық	Noun
толеранттылық	Noun
толмау	Noun
толмаған	Adjective
толтыр	Verb
толтырма	Noun
толтыру	Noun
толтырушы	Noun
толтырыл	Verb
толтырылмайтын	Adjective
толтырғы	Noun
толтырғыш	Noun
толы	Adjective
толымды	Adjective
толымсыздық	Noun
толыс	Verb
толығу	Noun
толығымен	Adjective
толық	Adjective
толық	Adverb
толық	Noun
толық	Verb
толықтай	Adverb
толықтандыру	Noun
толықтауыш	Noun
толықтыр	Verb
толықтырма	Noun
толықтыру	Noun
толықтырылым	Noun
толықтық	Noun
толыққанды	Adjective
толға	Verb
толғам	Noun
толған	Adjective
толған	Verb
толғанушылық	Noun
толғаныс	Noun
толғақ	Noun
толқу	Noun
толқын	Noun
толқындану	Noun
толқындат	Verb
толқынды	Adjective
толқытатын	Adjective
том	Noun
томар	Noun
томарқұлақ	Noun
томат	Noun
томография	Noun
томпақ	Noun
томпитын	Adjective
томсар	Verb
тон	Noun
тона	Verb
тоналдылық	Noun
тонаушы	Noun
тонер	Noun
тонна	Noun
тоннаж	Noun
топ	Noun
топаз	Noun
топан	Noun
топарал	Noun
топас	Noun
топография	Noun
топографиялық	Adjective
тополог	Noun
топология	Noun
топологиялық	Adjective
топоним	Noun
топонимика	Noun
топонимия	Noun
топса	Noun
топсель	Noun
топта	Verb
топтал	Verb
топтама	Noun
топтан	Verb
топтас	Noun
топтастыр	Verb
топтастыру	Noun
топтасқан	Adjective
топтау	Noun
топшыла	Verb
топырақ	Noun
топырақтану	Noun
топырақты	Adjective
топырла	Verb
тор	Noun
тор	Verb
торай	Noun
торайғыр	Noun
торал	Verb
торап	Noun
торапты	Adjective
торий	Noun
торла	Verb
торнадо	Noun
торпақ	Noun
торпеда	Noun
торсылда	Verb
торсылдатқыш	Noun
торсылдақ	Noun
торт	Noun
торта	Noun
торуылда	Verb
торф	Noun
торы	Adjective
торығу	Noun
торғай	Noun
тос	Verb
тосап	Noun
тостаған	Noun
тостағанша	Noun
тостер	Noun
тосыл	Verb
тосын	Adjective
тосқауыл	Noun
тоталитаризм	Noun
тоталитарлы	Adjective
тотем	Noun
тотемизм	Noun
тоттанған	Adjective
тоты	Noun
тотығу	Noun
тотық	Noun
тотықсыздандырғыш	Noun
тотықтыр	Verb
тотықтырғыш	Noun
тотыққан	Adjective
тотықұс	Noun
тоғай	Noun
тоған	Noun
тоғын	Noun
тоғыс	Noun
тоғыс	Verb
тоғышар	Noun
тоқ	Adjective
тоқ	Noun
тоқ	Verb
тоқаш	Noun
тоқмейілсу	Noun
тоқпақ	Noun
тоқпақтай	Adjective
тоқпақтай	Adverb
тоқсан	Noun
тоқсандық	Adjective
тоқсандық	Noun
тоқта	Verb
тоқтал	Verb
тоқтат	Verb
тоқтаттырылу	Noun
тоқтату	Noun
тоқтатылған	Adjective
тоқтау	Noun
тоқтаусыз	Adjective
тоқтаған	Adjective
тоқтық	Noun
тоқушы	Noun
тоқы	Verb
тоқылда	Verb
тоқылдат	Verb
тоқылдақ	Noun
тоқылған	Adjective
тоқым	Noun
тоқыма	Noun
тоқымалық	Adjective
тоқымашы	Noun
тоқырау	Noun
тоң	Verb
тоңазыт	Verb
тоңазыту	Noun
тоңазытқыш	Noun
тоңба	Noun
тоңдыр	Verb
травматикалық	Adjective
травматолог	Noun
травматология	Noun
трагедия	Noun
трагедиялық	Adjective
трагедиялық	Adverb
трагик	Noun
трагикомедия	Noun
траектория	Noun
трактат	Noun
трактирші	Noun
трактор	Noun
трамвай	Adjective
трамвай	Noun
трамп	Noun
трамплин	Noun
транзакция	Noun
транзистор	Noun
транзит	Noun
транзиттік	Adjective
транквилизатор	Noun
трансатлантикалық	Adjective
трансвестизм	Noun
трансгрессия	Noun
трансивер	Noun
транскрипция	Noun
транслитерация	Noun
транслокация	Noun
трансляция	Noun
трансмиссия	Noun
транспирация	Noun
трансплантация	Noun
трансплантология	Noun
транспозиция	Noun
транспорт	Noun
трансформа	Noun
трансформатор	Noun
трансформация	Noun
трансформациялық	Adjective
трансценденттік	Adjective
траншея	Noun
трапеция	Noun
траст	Noun
трахеостомия	Noun
трахеотомия	Noun
трахея	Noun
трахома	Noun
тремолит	Noun
тренд	Noun
треска	Noun
трест	Noun
третикалық	Adjective
трефнация	Noun
триангуляция	Noun
триацилглицерид	Noun
триболуминисенс	Noun
трибуна	Noun
тривиалдылық	Noun
тривиум	Noun
триггер	Noun
триглицерид	Noun
тригонометрия	Noun
трико	Noun
трикотаж	Noun
триллер	Noun
триллион	Noun
трилогия	Noun
тример	Noun
триметр	Noun
трио	Noun
триптих	Noun
трисекция	Noun
трисомия	Noun
тритий	Noun
тритон	Noun
триумвират	Noun
триумф	Noun
трихотомия	Noun
тройка	Noun
троллейбус	Adjective
тромб	Noun
тромбин	Noun
тромбоцит	Noun
тропизм	Noun
тропик	Noun
тропикалық	Adjective
тропиктік	Adjective
тропопауза	Noun
тропосфера	Noun
тротуар	Noun
трофозоит	Noun
трохоид	Noun
трояндық	Adjective
труба	Noun
трубка	Noun
трудовик	Noun
труппа	Noun
трюмсель	Noun
ту	Noun
ту	Verb
туба	Noun
туберкулез	Noun
тубулина	Noun
тудыр	Verb
туер	Noun
туз	Noun
тулий	Noun
тумайтын	Adjective
тумалас	Adjective
тумысынан	Adjective
тундралық	Noun
туника	Noun
туннель	Noun
туннельші	Noun
тур	Noun
тура	Adjective
тура	Adverb
тура	Verb
турайтын	Adjective
турала	Verb
туралық	Noun
турашыл	Adjective
турбина	Noun
турбокомпрессор	Noun
турбуленттік	Noun
туризм	Noun
турист	Noun
туристік	Adjective
турмалин	Noun
турникет	Noun
турнир	Noun
турнирлік	Adjective
туфли	Noun
туфлилі	Adjective
туыл	Verb
туылған	Adjective
туында	Verb
туындату	Noun
туынды	Adjective
туынды	Noun
туырыл	Verb
туыс	Noun
туысаралық	Adjective
туыстастыр	Verb
туыстық	Adjective
туыстық	Noun
туысқан	Adjective
туысқан	Noun
туысқандық	Adjective
туған	Noun
туғандық	Noun
туғыз	Verb
туғызу	Noun
тызылда	Verb
тый	Verb
тыйыл	Verb
тыйылыс	Noun
тыйым	Noun
тыйын	Verb
тылсымды	Adjective
тым	Adverb
тымақ	Noun
тымырай	Verb
тын	Adjective
тын	Verb
тындыр	Verb
тындырымды	Adjective
тыным	Noun
тынымды	Adjective
тынымсыз	Adjective
тынымсыз	Adverb
тыныс	Noun
тыныста	Verb
тыныстық	Adjective
тыныш	Adjective
тыныш	Adverb
тынышсыздан	Verb
тыныштал	Verb
тынышталдыр	Verb
тынышталдыру	Noun
тынышталған	Adjective
тыныштан	Verb
тыныштандыр	Verb
тыныштандыру	Noun
тыныштандырушы	Noun
тыныштық	Noun
тынық	Adjective
тынық	Verb
тынған	Adjective
тыпырла	Verb
тыпыршу	Noun
тыржыңда	Verb
тырма	Noun
тырмала	Verb
тырмалайтын	Adjective
тырмалар	Noun
тырмашы	Noun
тырмыс	Verb
тырна	Noun
тырна	Verb
тырналған	Adjective
тырнауыш	Noun
тырнақ	Noun
тырнақша	Noun
тырпылдат	Verb
тырсылдат	Verb
тыртыс	Verb
тыртыстыр	Verb
тыртық	Noun
тырыс	Verb
тырысу	Noun
тырысқақтық	Adjective
тыс	Noun
тысыр	Noun
тышқан	Noun
тыянақтал	Verb
тығыз	Adjective
тығыз	Adverb
тығызда	Verb
тығыздай	Adverb
тығыздағыш	Noun
тығыздық	Noun
тығыл	Verb
тығын	Noun
тығын	Verb
тығында	Verb
тығындау	Noun
тық	Verb
тықсыр	Verb
тықылда	Verb
тықылдат	Verb
тықылдату	Noun
тықыр	Noun
тықырла	Verb
тың	Adjective
тың	Adverb
тыңай	Verb
тыңайт	Verb
тыңайтқыш	Adjective
тыңайтқыш	Noun
тыңгер	Noun
тыңда	Verb
тыңдал	Verb
тыңдама	Verb
тыңдат	Verb
тыңдау	Noun
тыңдаушы	Noun
тыңшы	Noun
тыңшылық	Noun
тыңғылықты	Adjective
тэг	Noun
тюнер	Noun
тігетіг	Noun
тігетін	Adjective
тігу	Noun
тігілген	Adjective
тігілу	Noun
тігін	Noun
тігінен	Adverb
тігінші	Noun
тігіс	Noun
тіз	Verb
тізбек	Noun
тізбектелген	Adjective
тізбектілік	Noun
тізгін	Noun
тізе	Noun
тізелік	Adjective
тізерле	Verb
тізетебіс	Noun
тізеқап	Noun
тізіл	Verb
тізілім	Noun
тізім	Noun
тізімдел	Verb
тізімдеме	Noun
тізімдеу	Noun
тізімдеуші	Noun
тізімші	Noun
тік	Adjective
тік	Adverb
тік	Verb
тіке	Adjective
тіке	Adverb
тікей	Verb
тікелей	Adverb
тікелейдік	Noun
тікенек	Noun
тікеншөп	Noun
тіксін	Verb
тіктір	Verb
тіктөртбұрыш	Noun
тіктөртбұрышт	Adjective
тіктөртбұрышты	Adjective
тікілен	Verb
тікірей	Verb
тікірейтіп	Adverb
тікірейіп	Adverb
тікіреңде	Verb
тікұшақ	Noun
тіл	Noun
тіл	Verb
тілазар	Noun
тілалғыш	Adjective
тіларалық	Noun
тілде	Verb
тілдес	Verb
тілді	Adjective
тілдік	Adjective
тіле	Verb
тілек	Noun
тілектес	Noun
тілектестік	Noun
тілекші	Noun
тілемсек	Noun
тілеу	Noun
тілеулі	Adjective
тілеусіз	Adjective
тілкем	Noun
тілкемде	Verb
тілмар	Adjective
тілмаш	Noun
тілсіз	Adjective
тілхат	Noun
тілші	Noun
тілшік	Adjective
тілік	Noun
тілім	Noun
тілімде	Verb
тімтін	Verb
тіміскіле	Verb
тіміскілен	Verb
тіміскілеу	Noun
тін	Noun
тінт	Verb
тінтуір	Noun
тіптен	Adverb
тіпті	Adverb
тіре	Verb
тірек	Noun
тірексіз	Adjective
тіректі	Adjective
тірел	Verb
тірен	Verb
тіреніш	Noun
тірес	Verb
тіреу	Noun
тіреуіш	Noun
тірке	Verb
тіркегіш	Adjective
тіркел	Verb
тіркелген	Adjective
тіркелгі	Noun
тіркелетін	Adjective
тіркелмеген	Adjective
тіркелу	Noun
тіркелім	Noun
тіркеме	Noun
тіркес	Noun
тіркеу	Noun
тіркеулі	Adjective
тіркеуші	Noun
тірлік	Noun
тіршілік	Noun
тірі	Adjective
тіріл	Verb
тірілт	Verb
тірілту	Noun
тірілік	Noun
тіс	Noun
тіскебасар	Noun
тіссіз	Adjective
тісте	Verb
тістен	Verb
тістес	Verb
тістеуік	Noun
тістотық	Noun
тісті	Adjective
тісшұқуыш	Noun
тітірен	Verb
тітіркен	Verb
тітіркенгіштік	Noun
тітіркендір	Verb
тітіркет	Verb
түбегейлеп	Adverb
түбегейлі	Adjective
түбек	Noun
түбекті	Adjective
түбір	Noun
түбірлік	Adjective
түбіртек	Noun
түбіт	Noun
түгел	Adjective
түгелде	Verb
түгелдей	Adverb
түгелдеу	Noun
түгенде	Verb
түгендеу	Noun
түгес	Verb
түз	Noun
түз	Verb
түзе	Verb
түзел	Verb
түзелген	Adjective
түзелетін	Adjective
түзелмейтін	Adjective
түзет	Verb
түзеткіш	Noun
түзету	Noun
түзетуші	Noun
түзетіл	Verb
түзетілген	Adjective
түзеуші	Noun
түзу	Adjective
түзу	Noun
түзулен	Verb
түзіл	Verb
түзіліс	Noun
түй	Verb
түйгіштеу	Noun
түйе	Noun
түйетауық	Noun
түйеқұс	Noun
түйме	Noun
түймебас	Noun
түймедақ	Noun
түймежапырақ	Noun
түймеле	Verb
түймешетен	Noun
түйне	Verb
түйнек	Noun
түйнекбадана	Noun
түйре	Verb
түйреу	Noun
түйреуіш	Noun
түйсік	Noun
түйсін	Verb
түйіл	Verb
түйілген	Adjective
түйілу	Noun
түйін	Noun
түйінде	Verb
түйіндегіш	Noun
түйіндеме	Noun
түйінді	Adjective
түйіндік	Noun
түйіншек	Noun
түйір	Noun
түйіртпектен	Verb
түйіршіктелген	Adjective
түйіршіктеу	Noun
түйіс	Verb
түйіскен	Adjective
түйістір	Verb
түйісу	Noun
түк	Noun
түкпір	Noun
түкси	Verb
түктішөп	Noun
түкір	Verb
түкіргіш	Noun
түкірін	Verb
түле	Verb
түлек	Noun
түлкі	Noun
түлкіқұйрық	Noun
түлік	Noun
түн	Noun
түнгі	Adjective
түнде	Adverb
түндік	Noun
түне	Verb
түнек	Noun
түнер	Verb
түп	Noun
түпкі	Adjective
түпкілікті	Adjective
түпнұсқа	Noun
түпнұсқалық	Noun
түпсіз	Adjective
түптек	Noun
түптен	Verb
түптеткіз	Verb
түптеуші	Noun
түр	Noun
түр	Verb
түраралық	Adjective
түргіз	Verb
түрегел	Verb
түрегеп	Adverb
түрен	Noun
түрк	Noun
түркі	Adjective
түркітану	Noun
түрлендір	Verb
түрлендіргіш	Noun
түрлендіру	Noun
түрлену	Noun
түрленім	Noun
түрлі	Adjective
түрлілік	Noun
түрме	Noun
түрпіле	Verb
түрт	Verb
түрткі	Noun
түрткіле	Verb
түртпекте	Verb
түртінді	Noun
түршігерлік	Adjective
түршігу	Noun
түршік	Verb
түршіктір	Verb
түрікмен	Adjective
түрікмен	Noun
түрішілік	Adjective
түс	Noun
түс	Verb
түскі	Adjective
түссіз	Adjective
түссіздендір	Verb
түссіздік	Noun
түсте	Adverb
түстен	Verb
түсті	Adjective
түстік	Noun
түсім	Noun
түсімді	Adjective
түсімсіз	Adjective
түсін	Verb
түсінбестік	Noun
түсіндір	Verb
түсіндіргіш	Adjective
түсіндіргіш	Noun
түсіндіре	Adjective
түсіндірме	Adjective
түсіндірме	Noun
түсіндіру	Noun
түсіндіруші	Noun
түсіндірілетін	Adjective
түсіндірілмеген	Adjective
түсінушілік	Noun
түсінік	Noun
түсініксіз	Adjective
түсініктеме	Noun
түсінікті	Adjective
түсініктілік	Noun
түсініл	Verb
түсініс	Verb
түсіністік	Noun
түсір	Verb
түсіру	Noun
түсірілім	Noun
түсіңкі	Adverb
түсіңкіре	Verb
түсқағаз	Noun
түт	Verb
түтеле	Verb
түтет	Verb
түтуші	Noun
түтік	Noun
түтікше	Noun
түтін	Noun
түтінде	Verb
түтіндету	Noun
түтіндік	Noun
түтінтартқы	Noun
түше	Noun
түшкір	Verb
түшкіру	Noun
түшкірік	Noun
түңіл	Verb
түңіліс	Noun
тұжыр	Verb
тұжырым	Noun
тұжырымда	Verb
тұжырымдалған	Adjective
тұжырымдама	Noun
тұжырымдамалық	Adjective
тұжырымдау	Noun
тұжырымды	Adjective
тұз	Noun
тұзақ	Noun
тұзда	Verb
тұздалған	Adjective
тұздау	Noun
тұздаушы	Noun
тұзды	Adjective
тұздық	Noun
тұйық	Noun
тұйықтаушы	Noun
тұйықтық	Noun
тұйғын	Noun
тұл	Noun
тұла	Adjective
тұлпар	Noun
тұлып	Noun
тұлға	Noun
тұлғалан	Verb
тұлғаралық	Adjective
тұлғасыз	Adjective
тұман	Noun
тұмандан	Verb
тұманды	Adjective
тұманды	Adverb
тұмар	Noun
тұмау	Noun
тұмаурат	Verb
тұмсық	Noun
тұмсықша	Noun
тұмшалау	Noun
тұмылдырық	Noun
тұнба	Noun
тұндыр	Verb
тұндыру	Noun
тұндырылған	Adjective
тұнжыра	Verb
тұнжырат	Verb
тұншық	Verb
тұншықпа	Noun
тұншықтыр	Verb
тұншықтыру	Noun
тұншықтырғыш	Adjective
тұнық	Adjective
тұр	Verb
тұралат	Verb
тұралау	Noun
тұрарлық	Adjective
тұратын	Adjective
тұрақ	Adjective
тұрақ	Noun
тұрақсыз	Adjective
тұрақсыз	Noun
тұрақсыздану	Noun
тұрақсыздық	Noun
тұрақта	Verb
тұрақтал	Verb
тұрақтан	Verb
тұрақтандыр	Verb
тұрақтандыру	Noun
тұрақтандырғыш	Noun
тұрақтану	Noun
тұрақты	Adjective
тұрақты	Adverb
тұрақты	Noun
тұрақтылық	Noun
тұрмыс	Noun
тұрмыстық	Adjective
тұрпайы	Adjective
тұрпайылау	Noun
тұрпайылық	Noun
тұрпат	Noun
тұрыс	Noun
тұрық	Noun
тұрғы	Noun
тұрғыз	Verb
тұрғылықты	Adjective
тұрғын	Noun
тұрқы	Noun
тұс	Noun
тұсау	Noun
тұсаулы	Adjective
тұспал	Noun
тұспалда	Verb
тұспалдан	Verb
тұспалсыз	Adverb
тұстас	Noun
тұт	Verb
тұтан	Verb
тұтанатын	Adjective
тұтандыр	Verb
тұтандырғыш	Adjective
тұтану	Noun
тұтанған	Adjective
тұтас	Adjective
тұтас	Verb
тұтастай	Adverb
тұтастану	Noun
тұтастыр	Verb
тұтастық	Noun
тұтат	Verb
тұтатушы	Noun
тұтатқыш	Noun
тұтылу	Noun
тұтын	Verb
тұтыну	Noun
тұтынушы	Noun
тұтығу	Noun
тұтқа	Noun
тұтқыл	Noun
тұтқын	Adjective
тұтқын	Noun
тұтқында	Verb
тұтқындық	Noun
тұтқыр	Adjective
тұшала	Noun
тұшпара	Noun
тұщы	Adjective
тұщыландыр	Verb
тұщыландыру	Noun
тұяқ	Noun
тұғырнама	Noun
тұқыл	Noun
тұқым	Noun
тұқымдандыру	Noun
тұқымдас	Noun
тұқымды	Adjective
тұқымсыз	Adjective
тұқымсыздық	Noun
тұңғиық	Adjective
тұңғиықтық	Noun
тұңғыш	Adjective
тәбет	Noun
тәбетті	Adjective
тәбетті	Adverb
тәж	Noun
тәжрибесіз	Adjective
тәжі	Noun
тәжірибе	Noun
тәжірибелі	Adjective
тәжірибелік	Adjective
тәжірибесіз	Adjective
тәжірибеші	Noun
тәкаппар	Adjective
тәкаппарлан	Verb
тәкаппарлық	Noun
тәлкек	Noun
тәлкекте	Verb
тәлім	Noun
тәлімгер	Noun
тәлімсі	Verb
тәліп	Noun
тәмамда	Verb
тәмамдал	Verb
тән	Adjective
тән	Noun
тәнік	Adverb
тәптіште	Verb
тәптіштеу	Noun
тәрбие	Noun
тәрбиеле	Verb
тәрбиеленген	Adjective
тәрбиеленетін	Adjective
тәрбиеленуші	Noun
тәрбиелі	Adjective
тәрбиелік	Adjective
тәрбиеші	Noun
тәрбиленген	Adjective
тәрелке	Noun
тәркіле	Verb
тәркілеу	Noun
тәртіп	Noun
тәртіпсіз	Adjective
тәртіпсіз	Adverb
тәртіпсізден	Verb
тәртіпсіздік	Noun
тәртіпте	Adverb
тәртіпте	Verb
тәртіптел	Verb
тәртіптелінбеген	Adjective
тәртіпті	Adjective
тәртіптік	Adjective
тәртіптілік	Noun
тәрізден	Verb
тәріздес	Adjective
тәрізді	Adjective
тәсіл	Noun
тәсілқой	Adjective
тәте	Noun
тәтті	Adjective
тәтті	Noun
тәубе	Noun
тәуекел	Adjective
тәуекел	Noun
тәуекелді	Adjective
тәуекелділік	Noun
тәуекелсіз	Adjective
тәуелде	Verb
тәуелден	Verb
тәуелді	Adjective
тәуелдік	Noun
тәуелділік	Noun
тәуелсіз	Adjective
тәуелсіздік	Noun
тәулік	Noun
тәуліктік	Adjective
тәуір	Adjective
тәуір	Noun
тәуірлен	Verb
тәңір	Noun
тәңірлік	Adjective
тәңірлік	Noun
төбе	Noun
төбелес	Noun
төбелес	Verb
төбелесу	Noun
төбелесқор	Noun
төбелік	Adjective
төбет	Noun
төбешік	Noun
төгіл	Verb
төгілдір	Verb
төгіс	Verb
төз	Verb
төзбестік	Noun
төзім	Noun
төзімді	Adjective
төзімді	Adverb
төзімділік	Noun
төзімсіз	Adjective
төк	Verb
төккіз	Verb
төкпе	Adjective
төкпелік	Noun
төл	Adjective
төл	Noun
төлдеу	Noun
төле	Verb
төлем	Adjective
төлем	Noun
төлемақы	Noun
төлемді	Adjective
төлемеуші	Noun
төлемші	Noun
төлемқабілетсіздік	Noun
төленген	Adjective
төлеу	Noun
төлеусіздік	Noun
төлқұжат	Noun
төмен	Adjective
төмен	Adverb
төменде	Adverb
төменде	Verb
төмендегідей	Adverb
төмендет	Verb
төмендету	Noun
төмендетілген	Adjective
төмендетілу	Noun
төмендеу	Noun
төн	Verb
төндір	Verb
төр	Noun
төрайым	Noun
төраға	Noun
төрағалық	Noun
төргі	Adjective
төре	Noun
төрелік	Noun
төреші	Noun
төрлет	Verb
төртбұрыш	Noun
төртбұрышты	Adjective
төртіншіден	Adverb
төс	Noun
төсе	Verb
төсек	Noun
төсел	Verb
төселген	Adjective
төсем	Noun
төсеніш	Noun
төсеу	Noun
төстік	Noun
төтенше	Adjective
төтенше	Adverb
төңкер	Verb
төңкеріл	Verb
төңкерілген	Adjective
төңкеріс	Noun
төңкерісшіл	Noun
төңірегінде	Adverb
төңірек	Noun
төңіректе	Adverb
төңіректегі	Adjective
у	Noun
уайым	Noun
уайымда	Verb
уайымдат	Verb
уайымды	Adjective
уайымсыз	Adjective
уайымсыз	Adverb
уайымшыл	Adjective
уайымшыл	Noun
уат	Verb
уатылған	Adjective
уатқыш	Noun
уахи	Noun
уағдалас	Verb
уағдаластық	Noun
уағыз	Noun
уағызда	Verb
уағыздаушы	Noun
уақ	Adjective
уақиға	Noun
уақсын	Verb
уақтан	Verb
уақтылы	Adjective
уақыт	Noun
уақытсыз	Adjective
уақыттық	Adjective
уақытша	Adverb
уақытылы	Adjective
уақытылы	Adverb
уақытында	Adverb
убалдырған	Noun
увертюра	Noun
узурпатор	Noun
узуфрукт	Noun
уикипедия	Noun
уикипедияшы	Noun
указ	Noun
украиндық	Adjective
уландыр	Verb
уландыратын	Adjective
уландырғыш	Adjective
улану	Noun
улаған	Adjective
улағыш	Adjective
улағыш	Noun
улы	Adjective
улы	Adverb
ультиматум	Noun
ультрадыбыс	Noun
ультрадыбыстық	Adjective
ультракөгілдір	Adjective
умажда	Verb
умиферлі	Adjective
универсализм	Noun
универсиада	Noun
университет	Noun
университетаралық	Adjective
университеттік	Adjective
униполярлы	Adjective
униформа	Noun
униформды	Adjective
уния	Noun
унция	Noun
уран	Noun
урбанизация	Noun
уремия	Noun
урна	Noun
уролог	Noun
урология	Noun
устрица	Noun
утамыр	Noun
утилитаризм	Noun
утопия	Noun
утопиялық	Adjective
утоғытпалау	Noun
учаске	Noun
учаскелік	Adjective
училище	Noun
ушығу	Noun
ушыққан	Adjective
уыз	Noun
уыздық	Noun
уылдырық	Noun
уылдырықтау	Noun
уыс	Noun
уытты	Adjective
уыттылық	Noun
уық	Noun
уілде	Verb
уілдеу	Noun
уқала	Verb
уәде	Noun
уәделе	Verb
уәделес	Verb
уәделескен	Adjective
уәзір	Noun
уәкіл	Noun
уәкілдік	Noun
уәкілетті	Adjective
уәкілеттік	Noun
уәлаят	Noun
фабрика	Noun
фабрикалық	Adjective
фабрикант	Noun
фабрикаттау	Noun
фабула	Noun
фавн	Noun
фаворит	Noun
фаворитизм	Noun
фагот	Noun
фагоцит	Noun
фаза	Noun
фазор	Noun
файл	Noun
факелші	Noun
факс	Noun
факсимиле	Noun
факт	Noun
факто	Adjective
фактография	Noun
фактор	Noun
факторингтік	Adjective
фактория	Noun
факторлық	Adjective
фактура	Noun
факультативтік	Adjective
факультет	Noun
фалликалық	Adjective
фальсифицикация	Noun
фальц	Noun
фамилия	Noun
фанатикалық	Adjective
фанера	Noun
фанерогам	Noun
фанерофит	Noun
фантазия	Noun
фантазмикалық	Adjective
фантасмагория	Noun
фантастика	Noun
фантастикалық	Adjective
фанфар	Noun
фарад	Noun
фараон	Noun
фарерлік	Adjective
фармакология	Noun
фармакологиялық	Adjective
фармакопея	Noun
фармацевт	Noun
фармацевтика	Noun
фармацевтикалық	Adjective
фармация	Noun
фарс	Noun
фарсах	Noun
фасад	Noun
фаталды	Adjective
фатализм	Noun
фатикалық	Adjective
фатьянов	Adjective
фауна	Noun
фашизм	Noun
фашист	Noun
фашистендіру	Noun
фашистік	Adjective
февраль	Noun
федералды	Adjective
федералдық	Adjective
федерализм	Noun
федералистік	Adjective
федерация	Noun
федерациялық	Adjective
феерия	Noun
фельдмаршал	Noun
фельдшер	Noun
феминизация	Noun
феминизм	Noun
феминист	Noun
фенил	Noun
фенол	Noun
фенолдық	Adjective
фенология	Noun
феномен	Noun
феноменолог	Noun
феноменология	Noun
фенотип	Noun
феодал	Noun
феодалды	Adjective
феодалдық	Adjective
феодализм	Noun
ферма	Noun
фермент	Noun
ферментативті	Adjective
ферменттеу	Noun
фермер	Noun
фермий	Noun
феромон	Noun
феррит	Noun
ферритин	Noun
ферромагнетизм	Noun
ферромагниттік	Adjective
ферроқорытпа	Noun
фестиваль	Noun
фетишизм	Noun
фетиштік	Adjective
фетр	Noun
фехтование	Noun
фиалка	Noun
фиаско	Noun
фибрин	Noun
фибринді	Adjective
фибриноген	Noun
фибробласттық	Adjective
физик	Noun
физика	Noun
физикалы	Adverb
физикалық	Adjective
физикохимик	Noun
физиоемдеу	Noun
физиократия	Noun
физиолог	Noun
физиология	Noun
физиологиялы	Adverb
физиологиялық	Adjective
физиосанитарлық	Adjective
физиотерапия	Noun
физкультура	Noun
физкультуралық	Adjective
фикһ	Noun
филантропия	Noun
филармония	Noun
филателия	Noun
филиал	Noun
филиппиндік	Adjective
филогенетикалық	Adjective
филогения	Noun
филолог	Noun
филология	Noun
филологиялық	Adjective
философ	Noun
философия	Noun
философиялық	Adjective
философта	Verb
фильм	Noun
финал	Noun
финалдық	Adjective
финализм	Noun
финалист	Noun
финанс	Noun
финдік	Adjective
фирма	Noun
фирн	Noun
фисгармония	Noun
фискальді	Adjective
фитогеография	Noun
фитопатология	Noun
фитопланктон	Noun
фитофагты	Adjective
фитоценология	Noun
фишка	Noun
флавоноид	Noun
флагман	Noun
флайер	Noun
фланг	Noun
фланель	Noun
фланец	Noun
флеботомия	Noun
флейта	Noun
флексия	Noun
флексографикалық	Adjective
флективті	Adjective
флешка	Noun
флигель	Noun
флоккулус	Noun
флокуляция	Noun
флора	Noun
флот	Noun
флотилия	Noun
флоттық	Adjective
флоэма	Noun
флуоресцеина	Noun
флуоресценция	Noun
флуоресценциялы	Adjective
флюорит	Noun
флюорография	Noun
фляга	Noun
фобия	Noun
фовизм	Noun
фокальді	Adjective
фоксглав	Noun
фокус	Noun
фокустау	Noun
фолиант	Noun
фолликул	Noun
фолликулярлы	Adjective
фольга	Noun
фолькетинг	Noun
фольклор	Noun
фольклорлық	Adjective
фольклоршы	Noun
фон	Noun
фонарь	Noun
фонация	Noun
фонд	Noun
фондтық	Adjective
фондю	Noun
фонема	Noun
фонемалық	Adjective
фонематикалық	Adjective
фонендоскоп	Noun
фонетика	Noun
фонетикалық	Adjective
фонетист	Noun
фонограмма	Noun
фонограф	Noun
фонология	Noun
фонологиялық	Adjective
фоностилистикалық	Adjective
фонтан	Noun
форма	Noun
формалдылық	Noun
формалдық	Adjective
формализм	Noun
формалы	Adjective
формальдегид	Noun
формальды	Adjective
формальды	Adverb
формат	Noun
формация	Noun
формула	Noun
формулиз	Noun
форт	Noun
фортепьяно	Noun
фортификация	Noun
форум	Noun
фосфат	Noun
фосфатаза	Noun
фосфин	Noun
фосфокреатин	Noun
фосфолипид	Noun
фосфор	Noun
фосфоресценция	Noun
фосфорлану	Noun
фото	Noun
фотоаппарат	Noun
фотобасу	Noun
фотограмметрия	Noun
фотограф	Noun
фотографиялық	Adjective
фотодеградации	Noun
фотодеградация	Noun
фотодиод	Noun
фотоиллюстрация	Noun
фотокедергі	Noun
фотоколориметр	Noun
фотокомпозиция	Noun
фотокөшіргіш	Noun
фотокөшірме	Noun
фотолитографикалық	Adjective
фотолитография	Noun
фотометр	Noun
фотометрия	Noun
фотометриялық	Adjective
фотомонтаж	Noun
фотон	Noun
фотонды	Adjective
фотополимер	Noun
фотосинтез	Noun
фотосинтездеуші	Adjective
фотосурет	Noun
фототерапия	Noun
фототип	Noun
фототипия	Noun
фототранзистор	Noun
фотохимия	Noun
фотохимиялық	Adjective
фотохромия	Noun
фотоэлектрикалық	Adjective
фотоэлектрлік	Adjective
фотоэлектрохимикалық	Adjective
фотоқабылдағыш	Noun
фотоқағаз	Noun
фотоүлкейткіш	Noun
фрагмент	Noun
фрагменттеу	Noun
фраза	Noun
фразеология	Noun
фрак	Noun
фракция	Noun
фракциялау	Noun
фракциялық	Adjective
франк	Noun
франклин	Noun
фрахт	Noun
фрегат	Noun
фрезерші	Noun
фрейдисттік	Adjective
фреска	Noun
фронт	Noun
фронтон	Noun
фронтспис	Noun
фтизиатрия	Noun
фтор	Noun
фторид	Noun
фторирлеу	Noun
фуга	Noun
фужер	Noun
фузия	Noun
фуксия	Noun
фумигациялау	Noun
фундаментализм	Noun
фундаменталист	Noun
функционал	Adjective
функционалдылық	Noun
функционалдық	Adjective
функционалдық	Noun
функционалді	Adverb
функционер	Noun
функция	Noun
фунт	Noun
фуражка	Noun
фургон	Noun
фургоншы	Noun
фут	Noun
футбол	Noun
футболка	Noun
футболшы	Noun
футзал	Noun
футтық	Noun
футуризм	Noun
футуристиялық	Adjective
футурология	Noun
фуфайка	Noun
фуэ	Noun
фьорд	Noun
фюзеляж	Noun
фәни	Adjective
хабанера	Noun
хабар	Noun
хабардар	Adjective
хабарла	Verb
хабарлама	Adverb
хабарлама	Noun
хабарландыратын	Adjective
хабарландыру	Noun
хабарлас	Verb
хабарсыз	Adjective
хабаршы	Noun
хайуан	Noun
хайуанат	Noun
хал	Noun
халал	Adjective
халапеньо	Noun
халат	Noun
халиф	Noun
халифат	Noun
халыктар	Noun
халық	Noun
халықаралық	Adjective
халықаралық	Adverb
халықтық	Adjective
халықтық	Noun
халықшыл	Noun
халықшылдық	Noun
хамелеон	Noun
хан	Noun
хандық	Adjective
хандық	Noun
ханзада	Noun
ханива	Noun
ханум	Noun
ханшайым	Noun
ханым	Noun
хаос	Noun
харизма	Noun
харизматикалық	Adjective
хартия	Noun
хат	Noun
хаттама	Adjective
хаттама	Noun
хатшы	Noun
хатшылық	Noun
хақ	Noun
хек	Noun
хелат	Noun
хелицера	Noun
хемолюминесценция	Noun
хетеротрофикті	Adjective
хиазм	Noun
хиджаб	Noun
хикая	Noun
хикмет	Noun
химера	Noun
химик	Noun
химиотерапия	Noun
химия	Noun
химияландыру	Noun
химиялы	Adverb
химиялық	Adjective
химиялық	Noun
химтазарту	Noun
химус	Noun
химьярит	Noun
хинаяна	Noun
хинин	Noun
хиромантия	Noun
хироптер	Noun
хирург	Noun
хирургия	Noun
хирургиялық	Adjective
хитин	Noun
хитирики	Noun
хлор	Noun
хлоренхима	Noun
хлорид	Noun
хлорлау	Noun
хлоропласт	Noun
хлорофил	Noun
хлорофилл	Noun
хлороформ	Noun
хлорфторкөмірсу	Noun
хобби	Noun
хоббит	Noun
хоккей	Noun
холдей	Noun
холдинг	Noun
холестерин	Noun
холин	Noun
хондроцид	Noun
хор	Noun
хорда	Noun
хореограф	Noun
хореография	Noun
хореографиялық	Adjective
хорион	Noun
хорология	Noun
хоспис	Noun
хостел	Noun
хош	Noun
храм	Noun
хрестоматия	Noun
хризантема	Noun
христиан	Noun
христиандық	Adjective
хром	Noun
хроматид	Noun
хроматизм	Noun
хроматикалық	Adjective
хроматин	Noun
хроматограмма	Noun
хроматограф	Noun
хроматография	Noun
хроматографиялық	Adjective
хромдық	Adjective
хромит	Noun
хромолитография	Noun
хромопласт	Noun
хромосома	Noun
хромосомалық	Adjective
хромотипия	Noun
хромофотография	Noun
хроник	Noun
хроникалық	Adjective
хронограф	Noun
хронология	Noun
хронологиялық	Adjective
хронометр	Noun
хутор	Noun
царизм	Noun
цезарепапизм	Noun
цезий	Noun
цезура	Noun
целестина	Noun
целибат	Noun
целлофан	Noun
целлулоид	Noun
целлюлла	Noun
целлюлоз	Noun
целлюлоза	Noun
цемент	Noun
цементит	Noun
цементте	Verb
цементтеу	Noun
цензура	Noun
цент	Noun
централизм	Noun
центриоль	Noun
центрифуга	Noun
центрифугалау	Noun
центрифугалық	Adjective
центросома	Noun
цеолит	Noun
цератин	Noun
церий	Noun
цессия	Noun
цефалгия	Noun
цех	Noun
цианид	Noun
цивилизация	Noun
цикада	Noun
цикл	Noun
циклдық	Adjective
циклді	Adjective
циклогексан	Noun
циклоида	Noun
циклон	Noun
циклондық	Adjective
циклоп	Noun
циклотимия	Noun
циклотрон	Noun
цикорий	Noun
цилиндр	Noun
цилиндрлік	Adjective
цинк	Noun
цинкография	Noun
цинкта	Verb
цирк	Noun
цирконий	Noun
циркулярлы	Adverb
цистеин	Noun
цистерна	Noun
цистит	Noun
цистоскопия	Noun
цитата	Noun
цитозин	Noun
цитолог	Noun
цитология	Noun
цитологиялық	Adjective
цитоплазма	Noun
цитоплазмалық	Adjective
цитосома	Noun
цитостом	Noun
цитоқаңқа	Noun
цитра	Noun
цитрон	Noun
цитрус	Noun
цифр	Noun
цифрлеу	Noun
цифрлы	Adverb
цифрлық	Adjective
цокор	Noun
цунами	Noun
чарлстон	Noun
чартер	Noun
чат	Noun
чек	Noun
чемпион	Noun
чемпионат	Noun
черимойя	Noun
чех	Adjective
чехословак	Noun
чин	Noun
чәшке	Noun
шабадан	Noun
шабалаңда	Verb
шабан	Adjective
шабандоз	Noun
шабарман	Noun
шабата	Noun
шабақ	Noun
шабдалы	Noun
шаблон	Noun
шабу	Noun
шабуыл	Noun
шабуылда	Verb
шабуылдайтын	Adjective
шабуылдаушы	Adjective
шабуылдаушы	Noun
шабуылдық	Adjective
шабуылшы	Noun
шабылған	Adjective
шабын	Noun
шабыс	Noun
шабыт	Noun
шабыттан	Verb
шабытты	Adjective
шадра	Noun
шадыр	Adjective
шажырқайлық	Adjective
шай	Noun
шай	Verb
шаймалау	Noun
шайна	Verb
шайналған	Adjective
шайнама	Noun
шайнату	Noun
шайнау	Noun
шайтан	Noun
шайтандай	Adjective
шайханашы	Noun
шайшөп	Noun
шайын	Verb
шайыр	Noun
шайқа	Verb
шайқал	Verb
шайқалу	Noun
шайқас	Noun
шайқағыш	Noun
шакухачи	Noun
шакірт	Noun
шал	Noun
шал	Verb
шала	Noun
шалағай	Adjective
шалағай	Noun
шалбар	Noun
шалбаршы	Noun
шалдуар	Adjective
шалдық	Verb
шалдыққан	Adjective
шалма	Noun
шалпылдат	Verb
шалшық	Noun
шалшықтанған	Adjective
шалшықты	Adjective
шалшықша	Noun
шалымды	Adjective
шалымсыз	Adjective
шалымын	Noun
шалын	Verb
шалғай	Adjective
шалғай	Noun
шалғам	Noun
шалғы	Noun
шалғын	Noun
шалғынды	Adjective
шалқай	Verb
шалқайған	Adjective
шалқала	Verb
шалқан	Noun
шалқасынан	Adverb
шам	Noun
шама	Noun
шамала	Verb
шамаланған	Adjective
шамаластық	Noun
шамалы	Adjective
шамамен	Adverb
шаман	Noun
шамандық	Noun
шаманизм	Noun
шамасында	Adverb
шамдан	Verb
шампан	Noun
шамшылдық	Noun
шамырқан	Verb
шана	Noun
шанақ	Noun
шанд	Verb
шандыр	Noun
шантажист	Noun
шанш	Verb
шанышқы	Noun
шанышқыла	Verb
шап	Noun
шап	Verb
шапалақ	Noun
шапалақта	Verb
шапалықта	Verb
шапан	Noun
шапағат	Noun
шапақ	Noun
шапшандатқыш	Noun
шапшандық	Noun
шапшаң	Adjective
шапшаң	Adverb
шапшаңдат	Verb
шапшаңдық	Noun
шапшы	Verb
шапқыла	Verb
шапқыншы	Noun
шапқыншылық	Noun
шапқыш	Noun
шар	Noun
шара	Noun
шарап	Noun
шарапат	Noun
шарапатты	Adjective
шарапаттылық	Noun
шарасыз	Adjective
шарасыз	Adverb
шарасыздық	Noun
шарбақ	Noun
шарбақта	Verb
шарбақталған	Adjective
шарбақтаған	Adjective
шаржы	Noun
шариғат	Noun
шарла	Verb
шарманкашы	Noun
шарпы	Verb
шарт	Noun
шартпен	Adverb
шарттасу	Noun
шарттасқан	Adjective
шартты	Adjective
шартты	Adverb
шартты	Noun
шарттылық	Noun
шартылдақ	Noun
шаруа	Noun
шаруагер	Noun
шаруагерлік	Noun
шаруашылық	Adjective
шаруашылық	Noun
шаруақор	Noun
шарша	Verb
шаршамайтын	Adjective
шаршат	Verb
шаршататын	Adjective
шаршау	Noun
шаршаған	Adjective
шаршаңқы	Adverb
шаршы	Adjective
шаршы	Noun
шаршыгүлді	Noun
шарық	Noun
шарықта	Verb
шарықтау	Noun
шарғы	Noun
шасси	Noun
шат	Noun
шатас	Verb
шатастыр	Verb
шатасу	Noun
шатасқан	Adjective
шатақ	Adjective
шатақ	Noun
шатпақта	Verb
шаттан	Verb
шаттана	Adverb
шаттандыр	Verb
шаттанған	Adjective
шаттық	Noun
шаттықты	Adjective
шатыр	Noun
шатыршы	Noun
шатырқанат	Noun
шатысқан	Adjective
шатқал	Noun
шатқалды	Adjective
шаужай	Noun
шах	Noun
шахиншах	Noun
шахмат	Noun
шахривар	Noun
шахта	Noun
шаш	Noun
шаш	Verb
шашаулан	Verb
шашақ	Noun
шашақта	Verb
шашақты	Adjective
шаштараз	Noun
шаштаразшы	Noun
шашты	Adjective
шашыл	Verb
шашылу	Noun
шашылған	Adjective
шашырат	Verb
шашырату	Noun
шашыратқыш	Noun
шашыраған	Adjective
шашыраңқы	Adjective
шашқыш	Noun
шаян	Noun
шағала	Noun
шағатай	Noun
шағыл	Noun
шағыл	Verb
шағылдырғыш	Noun
шағылыс	Noun
шағылыс	Verb
шағылыстыр	Verb
шағылыстыратын	Adjective
шағылған	Adjective
шағым	Noun
шағымдан	Verb
шағымданатын	Adjective
шағын	Adjective
шағын	Verb
шағында	Verb
шағыстыр	Verb
шақ	Noun
шақ	Verb
шақпақ	Noun
шақпақтас	Noun
шақпақты	Adjective
шақылда	Verb
шақыр	Verb
шақыратын	Adjective
шақырла	Verb
шақырт	Verb
шақыру	Noun
шақырушы	Adjective
шақырылған	Adjective
шақырым	Noun
шаң	Noun
шаңбыр	Noun
шаңырақ	Noun
шаңғы	Adjective
шаңғы	Noun
шаңғышы	Noun
шаңқай	Adjective
шаңқан	Adjective
шаһ	Noun
шаһар	Noun
шведтік	Adjective
швейцар	Noun
швейцариялық	Adjective
швециялық	Adjective
шебер	Adjective
шебер	Noun
шеберлен	Verb
шеберлік	Adjective
шеберлік	Noun
шеберхана	Noun
шеврон	Noun
шеге	Noun
шегеле	Verb
шегенде	Verb
шегер	Verb
шегеру	Noun
шегін	Verb
шегінде	Adverb
шегіндір	Verb
шегіншекте	Verb
шегінім	Noun
шегініс	Noun
шегіргүл	Noun
шегіртке	Noun
шегіршін	Noun
шеелит	Noun
шежіре	Noun
шежіреші	Noun
шейх	Noun
шек	Noun
шек	Verb
шекара	Noun
шекарадағы	Adjective
шекаралас	Adjective
шекаралық	Adjective
шекарашы	Noun
шеке	Noun
шекер	Noun
шекерле	Verb
шекпен	Noun
шексіз	Adverb
шексіздік	Noun
шекте	Verb
шектегіш	Noun
шектелген	Adjective
шектен	Verb
шектес	Adjective
шектес	Noun
шектес	Verb
шектеу	Noun
шектеуіш	Noun
шекті	Adjective
шектір	Verb
шекуші	Noun
шекшек	Noun
шелеге	Noun
шелек	Noun
шелекте	Verb
шелпек	Noun
шемен	Noun
шеміршек	Noun
шеміршекті	Adjective
шен	Noun
шендес	Verb
шенеунік	Noun
шеп	Noun
шер	Noun
шербет	Noun
шериф	Noun
шерменгүл	Noun
шермеңде	Adjective
шерт	Verb
шерткіш	Noun
шеру	Noun
шеруен	Noun
шеруші	Noun
шет	Noun
шетел	Noun
шетелге	Adverb
шетелдік	Adjective
шетелдік	Adverb
шетелдік	Noun
шеткі	Adjective
шеткі	Adverb
шеттер	Noun
шеттет	Verb
шеттетіл	Verb
шетін	Adjective
шеш	Verb
шеше	Noun
шешей	Noun
шешек	Noun
шешелік	Noun
шешен	Noun
шешендік	Noun
шештір	Verb
шешуші	Adjective
шешуші	Noun
шешіл	Verb
шешілген	Adjective
шешілетін	Adjective
шешілмеген	Adjective
шешілмейтін	Adjective
шешім	Noun
шешімділік	Noun
шешімсіз	Adjective
шешін	Verb
шешінген	Adjective
шеңбер	Noun
шеңберлік	Noun
шеңгел	Noun
ши	Noun
шибөрі	Noun
шие	Noun
шиелен	Verb
шиеленіс	Noun
шиеленіс	Verb
шиеленіскен	Adjective
шиеленісті	Adjective
шиеленісті	Adverb
шиеленісу	Noun
шизофрения	Noun
шиит	Noun
шикі	Adjective
шикізат	Noun
шикізаттық	Adjective
шикілік	Noun
шиллинг	Noun
шимайла	Verb
шимайланған	Adjective
шимпанзе	Noun
шиномонтаж	Noun
шипа	Noun
шипагер	Noun
шипажай	Noun
шипалы	Adjective
шипасыз	Adjective
шират	Verb
ширату	Noun
ширатқыз	Verb
ширақ	Adjective
ширақ	Noun
ширек	Noun
ширығу	Noun
шифоньер	Noun
шифр	Noun
шифрла	Verb
шифрлау	Noun
шиқан	Noun
шиқыл	Noun
шиқылда	Verb
шиқылдау	Noun
шиқылдақ	Adjective
шкала	Noun
шкатулка	Noun
шкаф	Noun
шлак	Noun
шланг	Noun
шляпа	Noun
шницель	Noun
шнур	Noun
шовинистік	Adjective
шогун	Noun
шок	Noun
шоколад	Noun
шол	Verb
шолақ	Adjective
шолжаң	Adjective
шолжаң	Noun
шолу	Noun
шолушы	Noun
шолғыншы	Adjective
шолғыншы	Noun
шолғыш	Noun
шом	Verb
шомдыр	Verb
шомыл	Verb
шомылдыр	Verb
шомылушы	Noun
шонжар	Noun
шопан	Noun
шопинг	Noun
шорбуын	Noun
шорлану	Noun
шорсүйек	Noun
шорт	Noun
шортан	Noun
шорты	Noun
шоссе	Noun
шот	Noun
шотландиялық	Adjective
шоу	Noun
шош	Verb
шошай	Verb
шошайт	Verb
шошақ	Adjective
шошақ	Noun
шошақай	Noun
шошақта	Verb
шошаңдат	Verb
шошы	Verb
шошын	Verb
шошыт	Verb
шошық	Noun
шошқа	Noun
шоғыр	Noun
шоғырлан	Verb
шоғырландыр	Verb
шоғырландыру	Noun
шоғырлану	Noun
шоғырсым	Noun
шоғырын	Noun
шоқ	Noun
шоқақта	Verb
шоқжұлдыз	Noun
шоқпар	Noun
шоқпыт	Noun
шоқпыттал	Verb
шоқша	Noun
шоқы	Noun
шоқы	Verb
шоқындыр	Verb
шоқыт	Verb
шоққарағай	Noun
шпаргалка	Noun
шпигат	Noun
шпинат	Noun
шприц	Noun
шрапнель	Noun
штаб	Noun
штат	Noun
штаттық	Adjective
штепсель	Noun
штурман	Noun
шу	Noun
шуақты	Adjective
шула	Verb
шулат	Verb
шулы	Adjective
шумақ	Noun
шумақтану	Noun
шусыз	Adjective
шусыз	Adverb
шуыл	Noun
шуылда	Verb
шуылдаған	Adjective
шыбақ	Noun
шыбын	Noun
шыбынжұт	Noun
шыбық	Noun
шыбықта	Verb
шыда	Verb
шыдалатын	Adjective
шыдалатын	Noun
шыдам	Noun
шыдамды	Adjective
шыдамды	Adverb
шыдамдылық	Noun
шыдамсыз	Adjective
шыдамсыздық	Noun
шыжық	Noun
шылама	Noun
шылау	Noun
шылдыр	Noun
шылдырауық	Noun
шылдырла	Verb
шылдырлат	Verb
шылпыл	Noun
шылпылда	Verb
шылым	Noun
шым	Noun
шымтезек	Noun
шымш	Verb
шымшы	Verb
шымшық	Noun
шымылдық	Noun
шымырлан	Verb
шын	Adjective
шын	Adverb
шын	Noun
шынайна	Noun
шынайы	Adjective
шынайылық	Noun
шынар	Noun
шынашақ	Noun
шында	Verb
шындап	Adverb
шындық	Noun
шынжыр	Noun
шынтақ	Noun
шынтақта	Verb
шыншыл	Adjective
шыны	Adjective
шыны	Noun
шыныаяқ	Noun
шынымен	Adverb
шынында	Adverb
шынытас	Noun
шынығу	Noun
шынық	Verb
шынықтыр	Verb
шырайгүл	Noun
шырайлы	Adjective
шырайлылық	Noun
шырағдан	Noun
шырақ	Noun
шырақшы	Noun
шырма	Verb
шырмал	Verb
шырмалған	Adjective
шырматыл	Verb
шырмауықгүл	Noun
шырша	Noun
шырыл	Noun
шырылда	Verb
шырылдат	Verb
шырын	Noun
шырынды	Adjective
шырыш	Noun
шырық	Noun
шырық	Verb
шырғанақ	Noun
шырқа	Verb
шыт	Verb
шытын	Verb
шытынат	Verb
шытырла	Verb
шытырлат	Verb
шығанақ	Noun
шығар	Verb
шығаратын	Adjective
шығарма	Noun
шығармашыл	Adjective
шығармашылық	Adjective
шығармашылық	Noun
шығарт	Verb
шығару	Noun
шығарушы	Noun
шығарыл	Verb
шығарылатын	Adjective
шығарылу	Noun
шығарылым	Noun
шығарылған	Adjective
шығу	Noun
шығымды	Adjective
шығымсыз	Adjective
шығын	Noun
шығында	Verb
шығындал	Verb
шығындан	Verb
шығыр	Noun
шығыршық	Noun
шығыс	Adjective
шығыс	Noun
шығыслитвалық	Adjective
шығыстану	Noun
шығыстанушы	Noun
шығыңқы	Adjective
шық	Noun
шық	Verb
шықпырт	Verb
шықшыт	Noun
шықылықта	Verb
шықырла	Verb
шықырлат	Verb
шың	Noun
шыңда	Verb
шыңдалған	Adjective
шыңдаулы	Adjective
шыңыл	Noun
шыңылтыр	Adjective
шыңырау	Noun
шідер	Noun
шіл	Noun
шілде	Noun
шілте	Verb
шілтер	Noun
шілік	Noun
шіміркен	Verb
шіміркендіргіш	Noun
шір	Verb
шірен	Verb
шіркеу	Noun
шіркеулік	Adjective
шірі	Verb
шіріген	Adjective
шіріген	Noun
шірік	Adjective
шірінше	Noun
шіріт	Verb
шүбе	Noun
шүберек	Noun
шүбірек	Noun
шүбә	Noun
шүбәсіз	Adverb
шүйгі	Verb
шүйде	Noun
шүйделік	Adjective
шүйке	Noun
шүйір	Verb
шүкір	Noun
шүкірлік	Noun
шүлбір	Noun
шүлдірле	Verb
шүлпілде	Verb
шүмек	Noun
шүңірек	Adjective
шұбар	Adjective
шұбар	Noun
шұбатыл	Verb
шұжық	Noun
шұжықшы	Noun
шұлық	Noun
шұлған	Verb
шұлғы	Noun
шұнтит	Verb
шұрайлы	Adjective
шұрат	Noun
шұрық	Noun
шұғыл	Adjective
шұғыл	Adverb
шұғыл	Noun
шұғыла	Noun
шұғылалан	Verb
шұғылдан	Verb
шұқ	Verb
шұқы	Verb
шұқыр	Noun
шұқырайт	Verb
шұңғыл	Adjective
шұңқыр	Noun
шәйнек	Noun
шәйір	Noun
шәксіз	Adverb
шәкірт	Noun
шәкірттік	Noun
шәр	Noun
шәрбат	Noun
шәугім	Noun
шәует	Noun
шөбере	Noun
шөгер	Verb
шөгу	Noun
шөгінді	Adjective
шөгінді	Noun
шөже	Noun
шөкім	Noun
шөл	Noun
шөлде	Verb
шөлдену	Noun
шөлдет	Verb
шөлейт	Noun
шөлке	Noun
шөлмек	Noun
шөлмекте	Verb
шөлмектес	Noun
шөмеле	Noun
шөмелеле	Verb
шөміш	Noun
шөмішгүл	Noun
шөміште	Verb
шөнделей	Noun
шөп	Noun
шөпте	Verb
шөптесін	Adjective
шөпшек	Noun
шөпілде	Verb
шөпқоректілер	Noun
шөтке	Noun
щетка	Noun
ыдыра	Verb
ыдырат	Verb
ыдыратушы	Noun
ыдырау	Noun
ыдыраған	Adjective
ыдыс	Noun
ыждахаттан	Verb
ыждағатты	Adjective
ыждаһатта	Verb
ыза	Noun
ызалан	Verb
ызаландыр	Verb
ызаланған	Adjective
ызалы	Adjective
ызақор	Adjective
ызрығық	Noun
ызылда	Verb
ызың	Noun
ызыңда	Verb
ызғар	Noun
ызғырық	Noun
ылди	Noun
ылғал	Noun
ылғалда	Verb
ылғалдан	Verb
ылғалдану	Noun
ылғалды	Adjective
ылғалдылық	Noun
ылғи	Adjective
ылғи	Adverb
ым	Noun
ымда	Verb
ымдау	Noun
ымыра	Noun
ымырасыз	Adjective
ымырашыл	Adjective
ымырт	Noun
ынсап	Noun
ынта	Noun
ынталан	Verb
ынталана	Adverb
ынталандыр	Verb
ынталандыру	Noun
ынталы	Adjective
ынталы	Adverb
ынтамен	Adverb
ынтасыз	Adjective
ынтымақ	Noun
ынтымақтас	Verb
ынтымақтастық	Noun
ынтығу	Noun
ырбит	Verb
ыржалақ	Noun
ыржи	Verb
ырзалас	Verb
ыршы	Verb
ырылдас	Verb
ырым	Noun
ырыс	Noun
ырысты	Adjective
ырық	Noun
ырықсыз	Adverb
ырықтандыру	Noun
ырғал	Verb
ырғақ	Noun
ырғақсыз	Adjective
ырғақты	Adjective
ырғақтылық	Noun
ырғақтық	Noun
ырғы	Verb
ырқ	Verb
ыспатта	Verb
ыссы	Adjective
ыстық	Adjective
ыстықтық	Noun
ысшы	Noun
ысыл	Verb
ысылда	Verb
ысыр	Verb
ысырап	Noun
ысырапты	Adjective
ысырапшы	Noun
ысырапшылдық	Noun
ысырапқор	Noun
ысырма	Noun
ысыру	Noun
ысыт	Verb
ысытқыш	Noun
ысқыла	Verb
ысқыр	Verb
ысқырық	Noun
ысқыш	Noun
ышқын	Verb
ығылыстыр	Verb
ығынды	Noun
ығыс	Verb
ығыстыр	Verb
ығысу	Noun
ық	Noun
ықпал	Adjective
ықпал	Noun
ықпалдастық	Noun
ықпалды	Adjective
ықпалшара	Noun
ықта	Verb
ықтимал	Adjective
ықтималдық	Adjective
ықтисат	Noun
ықшамда	Verb
ықшамдау	Noun
ықшамды	Adjective
ықшамдылық	Noun
ықшамдық	Noun
ықылас	Noun
ықыластан	Verb
ықыласты	Adjective
ықыласты	Adverb
ықыластылық	Noun
ықылық	Noun
ықылықта	Verb
ыңыран	Verb
ыңғай	Noun
ыңғайла	Verb
ыңғайлан	Verb
ыңғайлас	Verb
ыңғайлы	Adjective
ыңғайлы	Adverb
ыңғайсыз	Adjective
ыңғайсыздан	Verb
ыңғайсыздық	Noun
ыңқыл	Noun
ыңқыл	Verb
ыңқылда	Verb
эвакуация	Noun
эвакуацияла	Verb
эвакуацияланған	Adjective
эвенк	Noun
эвкалиптік	Adjective
эвольвента	Noun
эволюционизм	Noun
эволюция	Noun
эволюциялық	Adjective
эвристикалық	Adjective
эвтаназия	Noun
эвтектикалық	Adjective
эвтрофикация	Noun
эвтрофтық	Adjective
эвфемизм	Noun
эвфемистикалық	Adjective
эвфония	Noun
эгалитаризм	Noun
эгоорталық	Noun
эдафикалық	Adjective
эзотерика	Noun
эйнштейний	Noun
эйфориялық	Adjective
эквадориялық	Adjective
экватор	Noun
экваторлық	Adjective
эквиваленттілік	Noun
эквилибриум	Noun
эквилибрші	Noun
экзальтация	Noun
экзартикуляция	Noun
экзема	Noun
экзистенциалды	Adjective
экзистенциализм	Noun
экзогамия	Noun
экзонтрикалық	Adjective
экзоскелет	Noun
экзосфера	Noun
экзотермиялық	Adjective
экзотикалық	Adjective
экзотоксин	Noun
экипаж	Noun
эклампсия	Noun
эклектик	Noun
эклектика	Noun
эклиптик	Noun
эклиптика	Noun
экожүйе	Noun
эколог	Noun
экология	Noun
экологиялы	Adverb
экологиялық	Adjective
экономика	Noun
экономикалы	Adverb
экономикалық	Adjective
экономист	Noun
экотуризм	Noun
экофизиология	Noun
экран	Noun
экрандалу	Noun
экрандау	Noun
экс	Adjective
эксгибиционизм	Noun
эксгумация	Noun
экскаватор	Noun
экскаваторшы	Noun
эксклав	Noun
экскурсант	Noun
экскурсия	Noun
экспансиондық	Adjective
экспансионизм	Noun
экспансионист	Adjective
экспансия	Noun
экспатриация	Noun
экспедиция	Noun
эксперимент	Noun
эксперименталді	Adjective
экспериментальды	Adjective
экспериментаниум	Noun
экспериментаторство	Noun
экспирация	Noun
эксплуатациалық	Adjective
экспо	Noun
экспозиция	Noun
экспозициялық	Adjective
экспонат	Noun
экспоненциалды	Adjective
экспорт	Noun
экспортта	Verb
экспорттау	Noun
экспорттаушы	Noun
экспорттық	Adjective
экспрессионизм	Noun
экспрессионист	Noun
экспроприация	Noun
экссудат	Noun
экссудация	Noun
экстаз	Noun
экстернализация	Noun
экстирпация	Noun
экстравагантты	Adjective
экстрадиция	Noun
экстрадицияла	Verb
экстражелі	Noun
экстракция	Noun
экстраординарлы	Adjective
экстраполяция	Noun
экстремизм	Noun
экстремист	Noun
экстремистік	Adjective
экструдер	Noun
экструзиялық	Noun
эксцентриситет	Noun
эксцентрлік	Adjective
эктодермалық	Adjective
эктодинамоморфтық	Adjective
эктоплазма	Noun
экуменикалық	Adjective
эластин	Noun
эластомер	Noun
элеватор	Noun
элегия	Noun
электорат	Noun
электр	Adjective
электр	Noun
электрик	Adjective
электрикалық	Adjective
электричка	Noun
электрлендіру	Noun
электрлену	Noun
электрлеу	Noun
электрлік	Adjective
электрод	Noun
электродинамикалық	Adjective
электрокардиография	Noun
электрокредит	Noun
электролит	Noun
электролиттік	Adjective
электролюминесценция	Noun
электромагнетизм	Noun
электромагнит	Noun
электромагнитті	Adjective
электромагниттік	Adjective
электрометаллургия	Noun
электрометр	Noun
электромеханик	Noun
электромеханикалық	Adjective
электромонтаж	Noun
электрон	Noun
электронды	Adjective
электронды	Adverb
электрондық	Adjective
электроника	Noun
электроскоп	Noun
электростанция	Noun
электростатикалық	Adjective
электротермия	Noun
электротерістілік	Noun
электротехник	Noun
электрохимик	Noun
электрохимия	Noun
электрохимиялық	Adjective
электроэнцефалография	Noun
электроэрозион	Noun
электрші	Noun
электрқозғалатын	Adjective
элемент	Noun
элементар	Adjective
элементарлық	Adjective
элизия	Noun
эликсир	Noun
элита	Noun
элитарлық	Adjective
элитизм	Noun
эллиндік	Adjective
эллинизм	Noun
эллипсоид	Noun
эллипстік	Adjective
эльф	Noun
элюент	Noun
элюирлеу	Noun
эмаль	Noun
эманация	Noun
эмансипация	Noun
эмбарго	Noun
эмблема	Noun
эмболия	Noun
эмбриолог	Noun
эмбриология	Noun
эмбриональды	Adjective
эмбриондық	Adjective
эмигрант	Noun
эмиграция	Noun
эмират	Noun
эмиссия	Noun
эмиссияла	Verb
эмиссиялық	Adjective
эмитент	Noun
эмменталь	Noun
эмоционалдылық	Noun
эмоция	Noun
эмоциялы	Adjective
эмоциялы	Adverb
эмоциялық	Adjective
эмпатикалық	Adjective
эмпиризм	Noun
эмпиризмдік	Adjective
эмпирик	Noun
эмпирикалық	Adjective
эмпирия	Noun
эмульсия	Noun
эмулятор	Noun
эмуляция	Noun
эмфизема	Noun
энгармоникалық	Adjective
эндемизм	Noun
эндемикалық	Adjective
эндемиялық	Adjective
эндивий	Noun
эндогамия	Noun
эндодинамогеникалық	Adjective
эндокарпий	Noun
эндокриндік	Adjective
эндокринология	Noun
эндолимфатикалық	Adjective
эндометрий	Noun
эндоморфизм	Noun
эндоскопия	Noun
эндосперм	Noun
эндотелий	Noun
эндотермиялық	Adjective
эндотоксин	Noun
энергетик	Noun
энергетика	Noun
энергетикалық	Adjective
энергия	Noun
энергиялы	Adverb
энергомашинажасау	Noun
энклитикалық	Adjective
энтальпия	Noun
энтелехия	Noun
энтероцит	Noun
энтодерма	Noun
энтомолог	Noun
энтомология	Noun
энтропия	Noun
энтузиаст	Noun
энцефалопатия	Noun
энциклопедия	Noun
энциклопедиялық	Adjective
эозин	Noun
эозинофил	Noun
эозинофилия	Noun
эолийдік	Adjective
эпиархейлік	Adjective
эпигастрийлік	Adjective
эпигон	Noun
эпиграмма	Noun
эпиграфика	Noun
эпиграфиялық	Adjective
эпидемиолог	Noun
эпидемиология	Noun
эпидемиологиялық	Adjective
эпидемия	Noun
эпизод	Noun
эпизодтық	Adjective
эпизоотия	Noun
эпик	Adjective
эпикалық	Adjective
эпикарп	Noun
эпикурейлік	Noun
эпилог	Noun
эпиляция	Noun
эпиморфизм	Noun
эпинефрин	Noun
эпипалеозой	Adjective
эпипараклаз	Noun
эпиполеозойлық	Adjective
эпистемологиялық	Adjective
эпиталама	Noun
эпитафия	Noun
эпителий	Noun
эпитет	Noun
эпицентр	Noun
эпициклоид	Noun
эпициклоидтық	Adjective
эпопея	Noun
эпос	Noun
эра	Noun
эрбий	Noun
эргогеникалық	Adjective
эргодикалық	Adjective
эргономика	Noun
эргономикалық	Adjective
эрекция	Noun
эритрейлік	Adjective
эркер	Noun
эрмиттік	Adjective
эрозия	Noun
эротизм	Noun
эротицизм	Noun
эрудиция	Noun
эрцгерцог	Noun
эскадра	Noun
эскадрон	Noun
эскариоль	Noun
эскиз	Noun
эспадриль	Noun
эспланада	Noun
эссе	Noun
эссеист	Noun
эссенция	Noun
эстафета	Noun
эстетизм	Noun
эстетик	Adjective
эстетика	Noun
эстетикалы	Adverb
эстетикалық	Adjective
эстондық	Adjective
эстрада	Noun
эстроген	Noun
эструс	Noun
эсхатология	Noun
эталон	Noun
этанол	Noun
этап	Noun
этерификация	Noun
этика	Noun
этикалы	Adverb
этикалық	Adjective
этикет	Noun
этил	Noun
этиламин	Noun
этимология	Noun
этимологиялық	Adjective
этимон	Noun
этиология	Noun
этникалы	Adverb
этникалық	Adjective
этнограф	Noun
этнография	Noun
этнографиялық	Adjective
этнология	Noun
этнологиялық	Adjective
этномәдени	Adjective
этноорталық	Noun
этнополитика	Noun
этнос	Noun
этносаясат	Noun
этностық	Adjective
этнотарих	Noun
этолог	Noun
этология	Noun
эукариот	Noun
эукариотты	Adjective
эурендік	Adjective
эфемерлік	Adjective
эфиопиялық	Adjective
эфир	Noun
эфирлік	Adjective
эффект	Noun
эффектор	Noun
эффектілі	Adverb
эффузивті	Adjective
эхинококк	Noun
эхография	Noun
эшелон	Noun
эғалитарлық	Adjective
юань	Noun
юбка	Noun
югославиелік	Adjective
юкон	Noun
юмор	Noun
юморист	Noun
юриспруденция	Noun
явка	Noun
ягуар	Noun
ядро	Noun
ядролық	Adjective
ядрошық	Noun
якобинділік	Noun
ямато	Noun
янтарь	Noun
ярд	Noun
ярозит	Noun
яхта	Noun
яшма	Noun
ібіліс	Noun
іждағатты	Adjective
із	Noun
ізашар	Noun
ізбасар	Noun
ізбестас	Noun
ізбесті	Adjective
ізгі	Adjective
ізгіленген	Adjective
ізгілендіру	Noun
ізгілік	Noun
ізде	Verb
ізден	Verb
ізденген	Adjective
ізденіс	Noun
іздестір	Verb
іздет	Verb
іздеттір	Verb
іздеуші	Noun
іздеуіш	Noun
ізет	Noun
ізетті	Adjective
ізетті	Adverb
ізетті	Noun
ізеттілік	Noun
ізші	Noun
ізінше	Adverb
іл	Verb
ілбі	Verb
ілгек	Noun
ілгекте	Verb
ілгері	Adverb
ілгері	Noun
ілгері	Verb
ілгерілет	Verb
ілгерілік	Noun
ілгешек	Noun
ілгір	Adjective
ілгіш	Noun
іле	Adverb
ілес	Verb
ілеспелі	Adjective
ілмек	Noun
ілмекші	Noun
ілмешек	Noun
ілмиген	Adjective
ілтипат	Noun
ілтипатсыз	Noun
ілтипатты	Adjective
ілулі	Adjective
ілігісу	Noun
ілік	Adjective
ілік	Noun
ілік	Verb
іліктір	Verb
ілім	Noun
ілін	Verb
ілініс	Verb
ін	Noun
індет	Noun
інжілші	Noun
інжір	Noun
іні	Noun
інішек	Noun
ірге	Noun
іргелес	Adjective
іргелес	Verb
іргелі	Adjective
іргелі	Adverb
іргетас	Noun
ірк	Verb
іркілдет	Verb
іркіліс	Noun
іркіт	Noun
ірі	Adjective
ірікте	Verb
іріктелген	Adjective
іріктелетін	Adjective
іріктеу	Noun
іріктеуші	Noun
ірілендір	Verb
ірімшік	Noun
ірімшікті	Adjective
іріңде	Verb
іріңдет	Verb
іріңдеу	Noun
іріңді	Adjective
іс	Noun
іс	Verb
ісек	Noun
іскен	Adjective
іскендік	Noun
іскер	Adjective
іскерлік	Adjective
іскерлік	Noun
іскеқосу	Noun
ісмерлік	Noun
ісмет	Noun
іспеттес	Adjective
іссапар	Noun
істе	Verb
істел	Verb
істелген	Adjective
істеткіз	Verb
істеу	Noun
істеуші	Noun
ісік	Noun
ісін	Verb
ісінген	Adjective
ісіну	Noun
ісөкірек	Noun
іш	Noun
іш	Verb
ішастылық	Adjective
ішек	Noun
ішекті	Adjective
ішекқуыстылар	Noun
ішетін	Adjective
ішкен	Adjective
ішкергі	Adjective
ішкиім	Noun
ішкі	Adverb
ішкітектік	Adjective
іштарлық	Noun
іші	Adverb
ішік	Noun
ішімдік	Noun
ішінара	Adverb
ішіне	Adverb
ғажайып	Adjective
ғажап	Adjective
ғажап	Adverb
ғажап	Noun
ғажаптан	Verb
ғазел	Noun
ғазиздік	Noun
ғайбат	Noun
ғайбатта	Verb
ғайбаттау	Noun
ғайбатшы	Noun
ғайып	Noun
ғайыптық	Noun
ғалам	Noun
ғаламдық	Adjective
ғаламтор	Noun
ғалым	Noun
ғалымдық	Adjective
ғалымдық	Noun
ғанибет	Noun
ғанибетшілік	Noun
ғараб	Noun
ғарасат	Noun
ғарыш	Adjective
ғарыш	Noun
ғарышжай	Noun
ғарышкер	Noun
ғарышкерлік	Noun
ғарышнама	Noun
ғарыштық	Adjective
ғасыр	Noun
ғасырлық	Adjective
ғафу	Noun
ғашық	Adjective
ғашықтық	Noun
ғақлия	Noun
ғақлиялық	Adjective
ғибадат	Noun
ғибадатхана	Noun
ғибрат	Noun
ғибратнама	Noun
ғибратты	Adjective
ғимарат	Noun
ғылым	Noun
ғылымдық	Noun
ғылыми	Adjective
ғылыми	Adverb
ғылымтану	Noun
ғұлама	Noun
ғұмыр	Noun
ғұмырбаян	Noun
ғұмырнама	Noun
ғұмырнамалық	Adjective
ғұн	Noun
ғұрып	Noun
Қарақойлы	Noun
Құдай	Noun
Құран	Noun
қаба	Adjective
қабада	Noun
қабан	Noun
қабанша	Noun
қабарған	Adjective
қабат	Noun
қабатта	Verb
қабаттал	Verb
қабаттасушылық	Noun
қабатша	Noun
қабаған	Adjective
қабақ	Noun
қабақтай	Adjective
қабақты	Adjective
қабык	Noun
қабылан	Noun
қабылда	Verb
қабылдампаз	Adjective
қабылдан	Verb
қабылданбайтын	Adjective
қабылданған	Adjective
қабылдау	Noun
қабылдаушы	Adjective
қабылдаушы	Noun
қабылдағыш	Noun
қабын	Verb
қабыну	Noun
қабыр	Noun
қабыржық	Noun
қабыршақ	Noun
қабыршақтан	Verb
қабыршақты	Adjective
қабыршықтан	Verb
қабырға	Noun
қабырғалас	Verb
қабыс	Verb
қабыстыр	Verb
қабыстырылған	Adjective
қабысқан	Adjective
қабық	Noun
қабықша	Noun
қабықшалы	Adjective
қабілет	Noun
қабілетсіз	Adjective
қабілетсіз	Adverb
қабілетсіздік	Noun
қабілетті	Adjective
қабілеттілік	Noun
қабір	Noun
қада	Verb
қадал	Verb
қадалғыш	Adjective
қадам	Noun
қадамда	Verb
қадамды	Adjective
қадат	Verb
қадағала	Verb
қадағалау	Noun
қадағалаусыз	Adjective
қадағалаушы	Noun
қадақта	Verb
қадір	Noun
қадірдан	Adjective
қадірле	Verb
қадірлеуші	Noun
қадірлеушілік	Noun
қадірлі	Adjective
қадірлік	Noun
қадірменді	Adjective
қадірсіз	Adjective
қаж	Verb
қажа	Verb
қажалыс	Noun
қажат	Verb
қажет	Adjective
қажет	Noun
қажет	Verb
қажетсіз	Adjective
қажетсін	Verb
қажетті	Adjective
қажеттік	Noun
қажеттілік	Noun
қажу	Noun
қажы	Noun
қажы	Verb
қажыл	Verb
қажылық	Noun
қажымайтын	Adjective
қажымас	Adjective
қажырлы	Adverb
қажырсыз	Adjective
қажыт	Verb
қажытатын	Adjective
қажыған	Adjective
қаз	Noun
қаз	Verb
қаза	Noun
қазан	Noun
қазанбас	Adjective
қазанбас	Noun
қазанша	Noun
қазаншы	Noun
қазат	Noun
қазаяқ	Noun
қазақ	Adjective
қазақстандық	Adjective
қазақшала	Verb
қазақы	Adjective
қазба	Noun
қазбала	Verb
қазбалау	Noun
қазбалағыш	Adjective
қаздаңда	Verb
қаздаңдат	Verb
қазушы	Noun
қазхана	Noun
қазы	Noun
қазылық	Noun
қазылған	Adjective
қазымырша	Adverb
қазына	Noun
қазыналық	Adjective
қазынашы	Noun
қазынашылық	Noun
қазынды	Adjective
қазықта	Verb
қазір	Adverb
қазір	Noun
қазіргі	Adjective
қазірде	Adverb
қазғыш	Noun
қай	Verb
қайдалық	Noun
қайла	Noun
қаймақ	Noun
қаймақтар	Noun
қаймық	Verb
қаймықтыр	Verb
қайна	Verb
қайнайтын	Adjective
қайнат	Verb
қайнатпа	Noun
қайнатушы	Noun
қайнатылған	Adjective
қайнау	Noun
қайнақшы	Noun
қайпаңда	Verb
қайра	Verb
қайрайтын	Adjective
қайралған	Adjective
қайран	Adjective
қайран	Noun
қайрат	Noun
қайраткер	Noun
қайратсыз	Adjective
қайраттандыр	Verb
қайратты	Adjective
қайратшыл	Adjective
қайрау	Noun
қайрақ	Noun
қайрақшы	Noun
қайрымсыз	Adjective
қайсар	Adjective
қайт	Verb
қайта	Adverb
қайтадан	Adverb
қайтала	Verb
қайталай	Adverb
қайталама	Adjective
қайталан	Verb
қайталанбалы	Adjective
қайталанбас	Adjective
қайталанған	Adjective
қайталау	Noun
қайталаушылық	Noun
қайталауыш	Noun
қайтар	Verb
қайтару	Noun
қайтарылмайтын	Adjective
қайтарылым	Noun
қайтарымсыз	Adverb
қайтпай	Adverb
қайтпайтын	Adjective
қайтпас	Adjective
қайтымды	Adjective
қайтымсыз	Adjective
қайтымсыздық	Noun
қайтқан	Adjective
қайшы	Adjective
қайшы	Adverb
қайшы	Noun
қайшыла	Verb
қайшылық	Noun
қайшылықты	Adjective
қайызғақ	Noun
қайыр	Noun
қайыр	Verb
қайырла	Verb
қайырлы	Adjective
қайырма	Noun
қайырмала	Verb
қайырсыз	Adjective
қайырушы	Noun
қайыршы	Noun
қайыршылан	Verb
қайыршылану	Noun
қайыршылық	Noun
қайырыл	Verb
қайырым	Noun
қайырымды	Adjective
қайырымдылық	Noun
қайырымсыз	Adjective
қайырымшыл	Adjective
қайыс	Noun
қайыс	Verb
қайыспас	Adjective
қайысшы	Noun
қайық	Noun
қайықшы	Noun
қайың	Noun
қайыңды	Adjective
қайғы	Noun
қайғылан	Verb
қайғыландыр	Verb
қайғылы	Adjective
қайғыр	Verb
қайғырт	Verb
қайғысыз	Adjective
қайқы	Adjective
қал	Noun
қал	Verb
қала	Noun
қала	Verb
қалааралық	Adjective
қалайша	Adverb
қалайы	Noun
қалалану	Noun
қалалық	Noun
қалам	Noun
қаламақы	Noun
қаламгер	Noun
қаламгерлік	Adjective
қалампыр	Noun
қаламұш	Noun
қалан	Verb
қалау	Noun
қалаулы	Noun
қалауынша	Adverb
қалаш	Noun
қалашық	Noun
қалақ	Noun
қалақайлық	Noun
қалақта	Verb
қалақша	Noun
қалбалақ	Adjective
қалбағай	Noun
қалбырланған	Adjective
қалдыр	Verb
қалдырма	Verb
қалдық	Adjective
қалдық	Noun
қалжыра	Verb
қалжырап	Adverb
қалжырат	Verb
қалжыраған	Adjective
қалжырағандық	Noun
қалжың	Noun
қалжыңбас	Noun
қалжыңда	Verb
қалжыңдай	Adverb
қалжыңшыл	Adjective
қалмақ	Noun
қалпақ	Noun
қалпылау	Noun
қалт	Adjective
қалта	Noun
қалталылар	Noun
қалталық	Adjective
қалтарыс	Noun
қалташы	Noun
қалтақағар	Noun
қалти	Verb
қалтылда	Verb
қалтылдақ	Adjective
қалтыра	Verb
қалтырай	Adverb
қалтырат	Verb
қалтыраған	Adjective
қалтқы	Noun
қалтқықұс	Noun
қалу	Noun
қалши	Verb
қалшылда	Verb
қалшылдат	Verb
қалшылдаған	Adjective
қалып	Noun
қалыпта	Verb
қалыптал	Verb
қалыптама	Noun
қалыптандыр	Verb
қалыптандыру	Noun
қалыптас	Verb
қалыптастыр	Verb
қалыптастыру	Noun
қалыптаушы	Noun
қалыпты	Adjective
қалыпты	Adverb
қалыптық	Adjective
қалыпшы	Noun
қалыс	Adjective
қалыс	Noun
қалыс	Verb
қалықта	Verb
қалың	Adjective
қалыңда	Verb
қалыңдық	Noun
қалыңмал	Noun
қалыңқыра	Verb
қалған	Adjective
қалғы	Verb
қалқ	Verb
қалқа	Noun
қалқала	Verb
қалқам	Noun
қалқан	Noun
қалқанды	Adjective
қалқансерікбез	Noun
қалқанша	Noun
қалқи	Verb
қалқы	Verb
қалқыту	Noun
қалқығыш	Noun
қам	Noun
қама	Verb
қамал	Noun
қамал	Verb
қамалған	Adjective
қамау	Noun
қамауда	Adverb
қамба	Noun
қамда	Verb
қамдан	Verb
қамдасу	Noun
қамзол	Noun
қампай	Verb
қампайтылған	Adjective
қампайған	Adjective
қампиған	Adjective
қамсыз	Adjective
қамсыздандыр	Verb
қамсыздандыру	Noun
қамт	Verb
қамтамасыз	Adjective
қамтамасыздандыр	Verb
қамты	Verb
қамшы	Noun
қамшыла	Verb
қамыр	Noun
қамырла	Verb
қамыс	Noun
қамысты	Adjective
қамыт	Noun
қамық	Verb
қамықтырғыш	Adverb
қамыққан	Adjective
қамқа	Noun
қамқор	Noun
қамқорлық	Noun
қамқорлықпен	Adverb
қамқорсыз	Adjective
қамқоршы	Noun
қамқоршылық	Noun
қан	Noun
қан	Verb
қана	Verb
қаназдық	Noun
қанат	Noun
қанат	Verb
қанатжеміс	Noun
қанатсыз	Adjective
қанаттандыр	Verb
қанаттас	Noun
қанатты	Adjective
қанау	Noun
қанаушылық	Noun
қанағат	Noun
қанағатсыз	Adjective
қанағаттан	Verb
қанағаттанарлық	Adjective
қанағаттанарлықсыз	Adjective
қанағаттанбаған	Adjective
қанағаттандыр	Verb
қанағаттанған	Adjective
қандас	Noun
қандастық	Noun
қанды	Adjective
қандыр	Verb
қанжар	Noun
қансонар	Noun
қансорғыш	Noun
қансыз	Adjective
қансыра	Verb
қант	Noun
қантала	Verb
қантар	Noun
қантталған	Adjective
қантөгіс	Noun
қаншық	Noun
қаныбет	Adjective
қанық	Adjective
қанықтық	Noun
қанішкіш	Noun
қанқұмар	Adjective
қап	Noun
қап	Verb
қапа	Noun
қапалан	Verb
қапаланған	Adjective
қапас	Adjective
қапас	Noun
қапетке	Noun
қапта	Verb
қапталда	Verb
қаптама	Noun
қаптау	Noun
қаптаушы	Noun
қаптауыш	Noun
қапшық	Noun
қапырық	Adjective
қапырық	Adverb
қапырықты	Adjective
қар	Noun
қар	Verb
қара	Adjective
қара	Verb
қарабайыр	Adjective
қарабайыр	Noun
қарабауыр	Noun
қарабет	Adjective
қарабидай	Noun
қаражат	Noun
қаражаттандыр	Verb
қаражеміс	Noun
қаражидек	Noun
қаражүрек	Adjective
қарай	Adverb
қарай	Verb
қарайла	Verb
қарайт	Verb
қарайтылған	Adjective
қаракесек	Noun
қаракет	Noun
қаракеттер	Noun
қаракүзен	Noun
қаракүрең	Adjective
қарал	Verb
қарала	Verb
қаралан	Verb
қаралы	Adjective
қаралған	Adjective
қарамай	Noun
қарамайла	Verb
қарамайшы	Noun
қарамайшылық	Noun
қарамала	Noun
қарамағы	Noun
қаран	Verb
қарандаш	Noun
қарапайым	Adjective
қарапайым	Adverb
қарапайымдық	Noun
қарар	Noun
қарас	Verb
қарасты	Adjective
қарасты	Noun
қарастыр	Verb
қарастыру	Noun
қарастырыл	Verb
қарасұр	Adjective
қарасөз	Noun
қарат	Verb
қаратерек	Noun
қараторы	Adjective
қараторы	Noun
қараторғай	Noun
қаратұмсық	Noun
қараулық	Noun
қараусыз	Adjective
қараушы	Noun
қарауыл	Noun
қарауылда	Verb
қарауытқан	Adjective
қараша	Noun
қарашын	Noun
қарашық	Adjective
қарашық	Noun
қарағай	Noun
қараған	Noun
қарағаш	Noun
қарақалпақ	Noun
қарақат	Noun
қарақағаз	Noun
қарақтау	Noun
қарақшы	Noun
қарақшылық	Noun
қарақұйрық	Noun
қарақұмық	Noun
қараңда	Verb
қараңғы	Adjective
қараңғы	Adverb
қараңғыла	Verb
қараңғылан	Verb
қараңғылат	Verb
қараңғылау	Adverb
қараңғылық	Noun
қарбыз	Noun
қарекет	Noun
қаржы	Noun
қаржыгер	Noun
қаржыла	Verb
қаржыландыр	Verb
қаржыландыру	Noun
қаржылау	Noun
қаржылық	Adjective
қария	Noun
қарлыған	Noun
қарлығаш	Noun
қарлығыңқыраған	Adjective
қарлық	Verb
қарлыққан	Adjective
қарма	Verb
қармала	Verb
қармалауыш	Noun
қарман	Verb
қармау	Noun
қармақ	Noun
қармен	Noun
қарсақ	Noun
қарсаң	Noun
қарсы	Adjective
қарсы	Adverb
қарсыз	Adjective
қарсылас	Adjective
қарсылас	Noun
қарсылас	Verb
қарсыластыр	Verb
қарсыластыратын	Adjective
қарсыласу	Noun
қарсылық	Noun
қарт	Noun
қартай	Verb
қартаймайтын	Adjective
қартайған	Adjective
қартайған	Noun
қартаң	Adjective
қарттық	Adjective
қарттық	Noun
қару	Noun
қарулан	Verb
қаруландыр	Verb
қаруланған	Adjective
қарулы	Adjective
қарусыз	Adjective
қарусыздандыр	Verb
қарусыздандыру	Noun
қарусыздану	Noun
қаршадай	Adjective
қаршыға	Noun
қары	Verb
қарыз	Noun
қарыздан	Verb
қарыздар	Noun
қарыздық	Adjective
қарык	Noun
қарыл	Verb
қарымақы	Noun
қарымды	Adjective
қарымтасыздық	Noun
қарын	Noun
қарындас	Noun
қарындаш	Noun
қарынша	Noun
қарып	Adjective
қарыс	Noun
қарыста	Verb
қарысқыр	Adjective
қарық	Noun
қарық	Verb
қаріп	Noun
қарға	Noun
қарға	Verb
қарғадай	Adjective
қарғалған	Adjective
қарғау	Noun
қарғаша	Noun
қарғы	Verb
қарғын	Noun
қарғыс	Noun
қарғыт	Verb
қарқ	Verb
қарқара	Noun
қарқылда	Verb
қарқылдаған	Adjective
қарқын	Noun
қарқындандыру	Noun
қарқындату	Noun
қарқынды	Adjective
қарқынды	Adverb
қарқындылық	Noun
қарқынмен	Adverb
қас	Adjective
қас	Noun
қас	Verb
қасапхана	Noun
қасапқана	Noun
қасағалық	Adjective
қасақана	Adjective
қасақана	Adverb
қасақаналық	Noun
қасақы	Adjective
қасбет	Noun
қасида	Noun
қасиет	Noun
қасиетсіз	Adjective
қасиетті	Adjective
қаскүнем	Adjective
қаспақ	Noun
қассыз	Adjective
қастанды	Adjective
қастандық	Noun
қастер	Noun
қастерле	Verb
қастерлі	Adjective
қастерлі	Noun
қастық	Noun
қастықпен	Adverb
қасы	Verb
қасын	Verb
қасында	Adverb
қасық	Noun
қасықшы	Noun
қасірет	Noun
қасіретті	Adjective
қасқа	Adjective
қасқа	Noun
қасқыр	Noun
қат	Verb
қата	Verb
қатай	Verb
қатайт	Verb
қатайтылу	Noun
қатайған	Adjective
қатал	Adjective
қатал	Adverb
қаталдық	Noun
қатар	Adverb
қатар	Noun
қатардағы	Adjective
қатарла	Verb
қатарлап	Adverb
қатарлас	Adjective
қатарластыр	Verb
қатарлы	Adjective
қатаю	Noun
қатаң	Adjective
қатаң	Adverb
қатаңда	Verb
қатаңдық	Adjective
қате	Adjective
қате	Noun
қателес	Verb
қателі	Adjective
қателі	Adverb
қателік	Noun
қатер	Noun
қатерлі	Adjective
қатерлі	Adverb
қатерсіз	Adjective
қатерсіздендіру	Noun
қатесіз	Adjective
қатпа	Noun
қатпар	Noun
қатпарлы	Adjective
қатпаршақ	Noun
қатты	Adjective
қатты	Adverb
қаттылық	Noun
қатулы	Adjective
қатулық	Noun
қатыгез	Adjective
қатыгездік	Noun
қатын	Noun
қатына	Verb
қатынас	Noun
қатынас	Verb
қатынаспай	Adverb
қатынастыр	Verb
қатынастырушы	Adjective
қатынасу	Noun
қатынасушы	Noun
қатыр	Verb
қатырылған	Adjective
қатыс	Noun
қатыс	Verb
қатысатын	Adjective
қатысатын	Noun
қатысты	Adjective
қатысты	Adverb
қатыстыр	Verb
қатыстырыл	Verb
қатысу	Noun
қатысушы	Noun
қатысушылық	Noun
қатысқан	Adjective
қатық	Noun
қау	Noun
қауашақ	Noun
қауақ	Noun
қаудырла	Verb
қаула	Verb
қаулы	Noun
қауса	Verb
қаусаған	Adjective
қаусырма	Noun
қауыз	Noun
қауызда	Verb
қауым	Noun
қауымдастық	Noun
қауымдасу	Noun
қауын	Noun
қауырсын	Noun
қауырсынды	Adjective
қауырт	Adjective
қауіп	Noun
қауіпсіз	Adjective
қауіпсіз	Adverb
қауіпсіздендір	Verb
қауіпсіздендірілген	Adjective
қауіпсіздік	Noun
қауіпсін	Verb
қауіптен	Verb
қауіпті	Adverb
қауқарсыз	Adjective
қаш	Verb
қаша	Noun
қаша	Verb
қашау	Noun
қашушы	Noun
қашыр	Noun
қашырт	Verb
қашық	Adjective
қашықта	Verb
қашықтық	Noun
қашқалақта	Verb
қашқан	Adjective
қашқақта	Verb
қашқын	Noun
қаю	Noun
қаяу	Noun
қағаз	Adjective
қағаз	Noun
қағанат	Noun
қағанақ	Noun
қағандық	Noun
қағида	Noun
қағидалы	Adjective
қағидалы	Adverb
қағидат	Noun
қағушы	Noun
қағыл	Verb
қағылез	Adjective
қағылез	Noun
қағылған	Adjective
қағыс	Verb
қағыстыр	Verb
қағыт	Verb
қағілез	Adjective
қақ	Verb
қақа	Verb
қақай	Verb
қақпа	Noun
қақпала	Verb
қақпас	Noun
қақпашы	Noun
қақпақ	Noun
қақпақтау	Noun
қақпақша	Noun
қақса	Verb
қақсат	Verb
қақсаған	Adjective
қақта	Verb
қақталған	Adjective
қақтама	Noun
қақтаушы	Noun
қақтығыс	Noun
қақтығыс	Verb
қақылда	Verb
қақыр	Verb
қақыра	Verb
қақыраған	Adjective
қақырық	Noun
қаққыла	Verb
қаңбақтай	Adjective
қаңс	Verb
қаңсыла	Verb
қаңтар	Noun
қаңтар	Verb
қаңылтыр	Noun
қаңылтырла	Verb
қаңылтыршы	Noun
қаңыра	Verb
қаңырай	Verb
қаңғалақ	Noun
қаңғы	Verb
қаңғыбас	Noun
қаңғыбастан	Verb
қаңғыма	Adjective
қаңғыр	Verb
қаңқ	Verb
қаңқа	Noun
қаңқасын	Noun
қаһар	Noun
қаһарлан	Verb
қаһарлы	Adjective
қаһарлы	Adverb
қаһарман	Noun
қаһармандық	Noun
қаһарманша	Adverb
қи	Noun
қи	Verb
қимас	Adjective
қимыл	Noun
қимылда	Verb
қимылдат	Verb
қимылсыз	Adjective
қимылсыздық	Noun
қина	Verb
қинал	Verb
қиналыс	Noun
қиналған	Adjective
қипақта	Verb
қира	Verb
қирамайтын	Adjective
қират	Verb
қиратарлықтай	Adverb
қиратушы	Adjective
қиратушы	Noun
қиратыл	Verb
қиратылған	Adjective
қиратқыш	Adjective
қираған	Adjective
қисай	Verb
қисайт	Verb
қисайған	Adjective
қисаңдаған	Adjective
қисса	Noun
қисын	Noun
қисынды	Adjective
қисындылық	Noun
қисынсыз	Adjective
қисық	Adjective
қисық	Adverb
қисықтық	Noun
қитар	Adjective
қиылысқан	Adjective
қиын	Adjective
қиында	Verb
қиындат	Verb
қиындатылған	Adjective
қиындау	Adjective
қиындау	Adverb
қиынды	Noun
қиындық	Noun
қиыншылық	Noun
қиыр	Adjective
қиыршық	Adjective
қиыршықтас	Noun
қиыршықты	Adjective
қиыс	Verb
қиыспаушылық	Noun
қиыстыр	Verb
қиял	Noun
қиялда	Verb
қиялдан	Verb
қиялдағы	Adjective
қиялдық	Adjective
қияли	Adjective
қияли	Noun
қиялшыл	Adjective
қиямет	Noun
қиян	Noun
қиянат	Noun
қиянатсыз	Adjective
қиянатшыл	Adjective
қиянкес	Adjective
қияр	Noun
қиясты	Adjective
қияқ	Noun
қияңқы	Adjective
қиғаш	Adjective
қиғаш	Noun
қиғаштай	Adjective
қиғаштап	Adverb
қиғаштық	Noun
қиқым	Noun
қобалж	Verb
қобалжы	Verb
қобдиша	Noun
қобыз	Noun
қобыра	Verb
қобырай	Verb
қодас	Noun
қодық	Noun
қожа	Noun
қожайын	Noun
қожалақ	Adjective
қожалық	Noun
қожыр	Adjective
қожыра	Verb
қожыраған	Adjective
қоз	Verb
қозатын	Adjective
қоздыр	Verb
қоздырма	Adjective
қоздырту	Noun
қоздыру	Noun
қоздырушы	Noun
қоздырылған	Adjective
қоздырғыш	Noun
қозы	Noun
қозықұйрық	Noun
қозықұмай	Noun
қозға	Verb
қозғал	Verb
қозғалатын	Adjective
қозғалақта	Verb
қозғалақтан	Verb
қозғалмайтын	Adjective
қозғалт	Verb
қозғалтқыш	Noun
қозғалшықтық	Noun
қозғалыс	Noun
қозғалғыш	Adjective
қозғамдама	Adjective
қозғамдама	Noun
қозғаушы	Adjective
қозғаушы	Noun
қозғауыш	Noun
қозғағыш	Noun
қой	Noun
қой	Verb
қойбүлдірген	Noun
қойма	Adjective
қойма	Noun
қойнау	Noun
қойтас	Noun
қойшы	Noun
қойыл	Verb
қойылт	Verb
қойылтқыш	Noun
қойылым	Noun
қойылған	Adjective
қол	Noun
қола	Adjective
қола	Noun
қолайла	Verb
қолайлы	Adjective
қолайлылық	Noun
қолайсыз	Adjective
қолайсыздық	Noun
қолбасшы	Noun
қолбақыр	Noun
қолда	Verb
қолдан	Verb
қолданушы	Noun
қолданушылық	Noun
қолданыл	Verb
қолданылатын	Adjective
қолданымды	Adjective
қолданыс	Noun
қолданыстағы	Adjective
қолдас	Verb
қолдау	Noun
қолдаушы	Noun
қолдағыш	Noun
қолжазба	Noun
қолжазбалық	Adjective
қолжет	Verb
қолжетімділік	Noun
қолжетімсіз	Adjective
қолмен	Adverb
қолпылда	Verb
қолтаңба	Noun
қолтырауын	Noun
қолтық	Noun
қолтықтас	Verb
қолхат	Noun
қолшатыр	Noun
қолшоқпар	Noun
қолым	Noun
қолғабыс	Noun
қолғабысшы	Noun
қолғанат	Noun
қолғап	Noun
қолқа	Noun
қолқалық	Adjective
қолөнер	Noun
қолөнерлік	Adjective
қолөнерші	Noun
қомағай	Adjective
қомағай	Noun
қомақты	Adjective
қомдастыр	Verb
қон	Verb
қонақ	Noun
қонақас	Noun
қонақжай	Adjective
қонақжайлылық	Noun
қонақжайсыздық	Noun
қонақта	Verb
қонақшыл	Adjective
қонақүй	Noun
қондыр	Verb
қондырма	Noun
қондырғы	Noun
қонжық	Noun
қонымды	Adjective
қоныс	Noun
қоныстан	Verb
қоныстандыр	Verb
қоныстану	Noun
қоныстаушы	Noun
қоныш	Noun
қопар	Verb
қопарушы	Noun
қопарыл	Verb
қопарғыш	Noun
қопсы	Verb
қопсыт	Verb
қопсыту	Noun
қопсытқыш	Noun
қор	Noun
қор	Verb
қора	Noun
қораз	Noun
қораздан	Verb
қорамсақ	Noun
қорап	Noun
қораш	Adjective
қорда	Noun
қорек	Noun
қоректен	Verb
қоректендір	Verb
қоректендіргіш	Adjective
қоректендіргіш	Noun
қоректендіруші	Noun
қоректі	Adjective
қоржын	Noun
қорла	Verb
қорлайтын	Adjective
қорлан	Verb
қорлау	Noun
қорлаған	Adjective
қорлық	Noun
қорсақ	Noun
қорсылда	Verb
қорушы	Adjective
қорша	Verb
қоршалған	Adjective
қоршам	Noun
қоршау	Noun
қоршаулы	Adjective
қорылда	Verb
қорым	Noun
қорын	Verb
қорыт	Verb
қорытпа	Noun
қорытушы	Noun
қорытыл	Verb
қорытылған	Adjective
қорытынды	Adjective
қорытынды	Noun
қорық	Noun
қорық	Verb
қорықпайтын	Adjective
қорыққан	Adjective
қорға	Verb
қорғала	Verb
қорғалат	Verb
қорғалатын	Adjective
қорған	Noun
қорған	Verb
қорғанда	Verb
қорғансыз	Adjective
қорғансыз	Noun
қорғану	Noun
қорғаншақ	Adjective
қорғаншақтық	Noun
қорғаныс	Noun
қорғаныстық	Adjective
қорғаныш	Noun
қорғасын	Noun
қорғасында	Verb
қорғау	Noun
қорғаушы	Noun
қорғашта	Verb
қорғағыш	Noun
қорқ	Verb
қорқа	Adverb
қорқау	Noun
қорқақ	Adjective
қорқақ	Noun
қорқақтай	Adverb
қорқақтық	Noun
қорқор	Noun
қорқу	Adjective
қорқыныш	Noun
қорқынышсыз	Adjective
қорқынышты	Adjective
қорқынышты	Adverb
қорқынышты	Noun
қорқыныштырақ	Adjective
қорқыра	Verb
қорқыт	Verb
қорқытатын	Adjective
қорқыту	Noun
қос	Noun
қос	Verb
қоса	Adverb
қосалқы	Adjective
қосалқы	Noun
қосарла	Verb
қосарлан	Verb
қосарландыру	Noun
қосарланған	Adjective
қосарлау	Noun
қосаяқ	Noun
қосақ	Noun
қосақта	Verb
қосақтау	Noun
қосетек	Noun
қосмекенді	Noun
қоснүкте	Noun
қоспа	Noun
қоспалаталы	Adjective
қоспалауыш	Noun
қоспасыз	Adjective
қоста	Verb
қостас	Verb
қостау	Noun
қостаушы	Adjective
қостағыш	Noun
қостілділік	Noun
қостұяқты	Noun
қосу	Noun
қосушы	Noun
қосшы	Noun
қосыл	Verb
қосылдар	Verb
қосылу	Noun
қосылым	Noun
қосылыс	Noun
қосылған	Adjective
қосылғыш	Noun
қосымша	Adverb
қосымша	Noun
қосындыла	Verb
қосқыш	Noun
қотар	Verb
қотырлан	Verb
қошаметте	Verb
қошақан	Noun
қошемет	Noun
қошеметте	Verb
қошта	Verb
қоштас	Verb
қоштасу	Noun
қошқар	Noun
қошқыл	Adjective
қою	Adjective
қоюлан	Verb
қоюландырғыш	Noun
қоюланған	Adjective
қоюлық	Noun
қоюшы	Noun
қоян	Noun
қояншық	Adjective
қояншық	Noun
қояншөп	Noun
қоятын	Adjective
қоғам	Noun
қоғамдандыру	Noun
қоғамдастық	Noun
қоғамдасу	Noun
қоғамдық	Adjective
қоғамшыл	Noun
қоқсыт	Verb
қоқырай	Verb
қоқырсыған	Adjective
қоқыс	Noun
қоқыт	Verb
қоңыз	Noun
қоңыр	Adjective
қоңыр	Noun
қоңырау	Noun
қоңыржай	Adjective
қу	Adjective
қу	Adverb
қу	Noun
қу	Verb
қуала	Verb
қуалаушылық	Noun
қуан	Verb
қуана	Adverb
қуанатын	Adjective
қуандыр	Verb
қуант	Verb
қуаныш	Noun
қуанышсыз	Adjective
қуанышты	Adjective
қуанған	Adjective
қуарыңқы	Adjective
қуат	Adjective
қуат	Noun
қуатсыз	Adjective
қуатсыздық	Noun
қуатта	Verb
қуаттан	Verb
қуаттандыр	Verb
қуатты	Adjective
қуаң	Adjective
қуаңшылық	Noun
қудала	Verb
қудаланған	Adjective
қулан	Verb
қуланған	Adjective
қулық	Noun
қулықсыз	Adjective
қулықты	Adjective
қулықшы	Noun
қунақ	Adjective
қура	Verb
қураған	Adjective
қусыр	Verb
қусыру	Noun
қутыңда	Verb
қутыңдат	Verb
қуушы	Noun
қуыр	Verb
қуырдақ	Noun
қуырма	Noun
қуыршақ	Noun
қуыршақшы	Noun
қуырылған	Adjective
қуыс	Noun
қуыстан	Verb
қуғын	Noun
қуғында	Verb
қуғындалушы	Noun
қуғындау	Noun
қуқыл	Adjective
қуқылдан	Verb
қыбырла	Verb
қыдыр	Verb
қыдырт	Verb
қыдырымпаздыктар	Noun
қыжыл	Noun
қыз	Noun
қыз	Verb
қызамық	Noun
қызанақ	Noun
қызар	Verb
қызарақта	Verb
қызба	Noun
қызбалық	Noun
қыздыр	Verb
қыздыратын	Adjective
қыздырушылық	Noun
қыздырылған	Adjective
қыздырғыш	Noun
қыздық	Adjective
қызмет	Noun
қызметақы	Noun
қызметкер	Noun
қызметтес	Noun
қызметші	Adjective
қызметші	Noun
қызметшіл	Adjective
қызтекелік	Noun
қызу	Noun
қызулы	Adjective
қызулықпен	Adverb
қызы	Noun
қызыл	Adjective
қызылбас	Noun
қызылдау	Adjective
қызылдық	Noun
қызылмия	Noun
қызылша	Noun
қызын	Verb
қызынақ	Noun
қызығу	Noun
қызығушылық	Noun
қызық	Adjective
қызық	Adverb
қызық	Verb
қызықпаған	Adjective
қызықсын	Verb
қызықта	Verb
қызықты	Adjective
қызықты	Adverb
қызықтыр	Verb
қызықтырарлық	Adjective
қызықтыратын	Adjective
қызықтырғыш	Adjective
қызыққан	Adjective
қызыққыш	Adjective
қызғалдақ	Noun
қызған	Adjective
қызған	Verb
қызғана	Adverb
қызғанарлық	Adjective
қызғаншақ	Adjective
қызғаншақтық	Noun
қызғаныш	Noun
қызғанышты	Adjective
қызғылт	Adjective
қызғылықты	Noun
қыл	Noun
қыл	Verb
қыларлық	Noun
қылау	Noun
қылдырықтай	Adjective
қылжақ	Noun
қылжақбас	Noun
қылжақта	Verb
қылжыр	Adjective
қыли	Adjective
қылилық	Noun
қылмыс	Noun
қылмыскер	Noun
қылмыстандыру	Noun
қылмыстану	Noun
қылмыстас	Noun
қылмысты	Adjective
қылмыстық	Adjective
қылта	Noun
қылтан	Noun
қылти	Verb
қылшақ	Noun
қылшық	Noun
қылшықты	Adjective
қылы	Noun
қылымсу	Noun
қылымсы	Verb
қылымсыған	Adjective
қылыш	Noun
қылық	Noun
қылықты	Adjective
қылықты	Noun
қылғуғу	Noun
қылқалам	Noun
қылқан	Adjective
қылқан	Noun
қылқанды	Adjective
қылқобыз	Noun
қылқындыр	Verb
қылқындыру	Noun
қылқұрт	Noun
қымбат	Adjective
қымбат	Noun
қымбатта	Verb
қымбаттаған	Adjective
қымбатты	Adjective
қымбаттық	Noun
қымсын	Verb
қымта	Verb
қымтан	Verb
қымтырылып	Adverb
қымыз	Noun
қымыздық	Noun
қымызшы	Noun
қымқыр	Verb
қына	Noun
қынагүл	Noun
қынап	Noun
қынжыла	Adverb
қынжылт	Verb
қынжылушылық	Noun
қынжылған	Adjective
қып	Adverb
қыпшақ	Noun
қыр	Noun
қыр	Verb
қыран	Noun
қыранот	Noun
қырат	Noun
қырау	Noun
қыраулан	Verb
қыраулатқан	Adjective
қырағы	Adverb
қыркүйек	Noun
қырла	Verb
қырлаушы	Noun
қырлы	Adjective
қырлық	Adjective
қырманшы	Noun
қырмызы	Noun
қырмызыгүл	Noun
қырна	Verb
қырсаулан	Verb
қырсыз	Adjective
қырсыздан	Verb
қырсық	Adjective
қырсық	Noun
қырсықтан	Verb
қырсықтана	Adverb
қырсықты	Adjective
қырсықтық	Noun
қырт	Noun
қыртыс	Noun
қыртыстан	Verb
қыртысты	Adjective
қыруар	Adjective
қыруар	Noun
қыршы	Verb
қырыл	Noun
қырыл	Verb
қырылда	Verb
қырылдат	Verb
қырылдаған	Adjective
қырылыстыр	Verb
қырымшақ	Noun
қырын	Verb
қырынан	Adverb
қырыну	Noun
қырықаяқ	Noun
қырықбуын	Noun
қырықтықшы	Noun
қырыққабат	Noun
қырыққұлақ	Noun
қырықұлақ	Noun
қырғауыл	Noun
қырғи	Noun
қырғы	Noun
қырғыз	Adjective
қырғын	Noun
қырғыш	Noun
қырқ	Verb
қырқа	Noun
қырқатын	Adjective
қырқушы	Noun
қырқылда	Verb
қырқылжың	Noun
қырқылған	Adjective
қырқым	Noun
қырқыс	Noun
қырқыс	Verb
қырқысу	Noun
қырқұйек	Noun
қырқұлақ	Noun
қыс	Noun
қыс	Verb
қысатын	Adjective
қысаң	Adjective
қыспақ	Noun
қыста	Verb
қыстау	Noun
қыстақ	Noun
қыстыр	Verb
қыстырма	Adjective
қыстырулы	Adjective
қыстырғыш	Noun
қыстық	Adjective
қысу	Noun
қысушы	Noun
қысыл	Verb
қысылшаң	Adjective
қысылшаң	Noun
қысылған	Adjective
қысым	Noun
қысымдау	Noun
қысымсыз	Adverb
қысыра	Verb
қысық	Adjective
қысқа	Adjective
қысқа	Adverb
қысқалық	Noun
қысқамерзімді	Adjective
қысқамерзімдік	Adjective
қысқар	Verb
қысқарма	Noun
қысқарт	Verb
қысқартылым	Noun
қысқартылған	Adjective
қысқартылған	Noun
қысқару	Noun
қысқарылу	Noun
қысқаша	Adjective
қысқаша	Adverb
қысқы	Adjective
қысқыш	Noun
қытайлық	Adjective
қытайлық	Noun
қытымыр	Adjective
қытырла	Verb
қытырлақ	Adjective
қытықта	Verb
қытықшыл	Adjective
қыш	Noun
қыша	Noun
қышу	Noun
қышшы	Noun
қышыма	Noun
қышытпа	Adjective
қышытпа	Noun
қышқыл	Adjective
қышқыл	Noun
қышқылдану	Noun
қышқылдылық	Noun
қышқылтым	Adjective
қыңсылауық	Adjective
қыңсылағыш	Adjective
қыңыр	Adjective
қыңыр	Noun
қыңырлық	Noun
қыңқылдаған	Adjective
құба	Adjective
құбыжық	Noun
құбыл	Verb
құбыла	Noun
құбылма	Adjective
құбылнама	Noun
құбылт	Verb
құбылыс	Noun
құбыр	Noun
құбырлық	Adjective
құда	Noun
құдай	Noun
құдайсыз	Noun
құдайшыл	Adjective
құдалық	Noun
құдағи	Noun
құдық	Noun
құдірет	Noun
құдіретті	Adjective
құжат	Noun
құжатнама	Noun
құжатта	Verb
құжаттама	Noun
құжаттану	Noun
құжаттанушы	Noun
құжыраңда	Verb
құз	Noun
құзырет	Noun
құзырлы	Adjective
құзырсыз	Adjective
құзғын	Noun
құй	Verb
құйма	Noun
құймақ	Noun
құймырлық	Noun
құйрық	Noun
құйрықсыз	Adjective
құйрықты	Adjective
құйттай	Adjective
құйыл	Verb
құйым	Noun
құйымшақ	Noun
құйын	Noun
құйындат	Verb
құйынсыз	Adjective
құйыршық	Noun
құйғыт	Verb
құйқылжыған	Adjective
құл	Noun
құла	Verb
құлайтын	Adjective
құлама	Noun
құлан	Noun
құлат	Verb
құлатушы	Noun
құлаған	Adjective
құлаған	Noun
құлағдар	Noun
құлақ	Noun
құлақбау	Noun
құлақсыз	Adjective
құлақтандыр	Verb
құлақша	Noun
құлаққап	Noun
құлаққағыс	Noun
құлдыра	Verb
құлдырайтын	Adjective
құлдырау	Noun
құлдық	Noun
құлпы	Noun
құлпынай	Noun
құлпыр	Verb
құлпыру	Noun
құлшылық	Noun
құлшын	Verb
құлшынысты	Adjective
құлын	Noun
құлындау	Noun
құлыншақ	Noun
құлып	Noun
құлыпта	Verb
құлық	Noun
құлықты	Adjective
құлқайыр	Noun
құм	Noun
құмайт	Noun
құман	Noun
құмар	Adjective
құмар	Noun
құмарлан	Verb
құмарланған	Adjective
құмарлық	Noun
құмарт	Verb
құмарта	Adverb
құмартатын	Adjective
құмарту	Noun
құмақ	Adjective
құмдақ	Noun
құмды	Adjective
құмсалғыш	Noun
құмтас	Noun
құмшекер	Noun
құмыра	Noun
құмырашы	Noun
құмырсқа	Noun
құмыты	Noun
құмық	Noun
құн	Noun
құнажын	Noun
құнан	Noun
құнарландыр	Verb
құнарлы	Adjective
құнарсыз	Adjective
құнарсыздық	Noun
құнақ	Noun
құндақ	Noun
құнды	Adjective
құндыз	Noun
құндылық	Noun
құнсыз	Adjective
құнсыздану	Noun
құнтсыз	Adjective
құныс	Verb
құп	Adjective
құпия	Adjective
құпия	Noun
құпияланған	Adjective
құпиялық	Noun
құпиясөз	Noun
құпта	Verb
құр	Adjective
құр	Noun
құр	Verb
құра	Verb
құрал	Noun
құралай	Noun
құралдан	Verb
құралданған	Adjective
құралды	Adjective
құралсыз	Adjective
құралым	Noun
құралған	Adjective
құрам	Noun
құрама	Adjective
құрама	Noun
құрамдас	Adjective
құрамдас	Noun
құрамдау	Noun
құран	Noun
құрастыр	Verb
құрастырма	Adjective
құрастыру	Noun
құрастырушы	Noun
құрастырылған	Adjective
құрау	Noun
құрақ	Noun
құрақты	Adjective
құрбан	Noun
құрбандық	Noun
құрбы	Noun
құрдас	Noun
құрлық	Noun
құрлықтық	Adjective
құрма	Noun
құрмалдық	Noun
құрмет	Noun
құрметте	Verb
құрметтелетін	Adjective
құрметтелмейтіндік	Noun
құрметті	Adjective
құрсан	Verb
құрсау	Noun
құрсаула	Verb
құрсақ	Adjective
құрсақ	Noun
құрсым	Noun
құрт	Noun
құрт	Verb
құртатын	Adjective
құрттаған	Adjective
құрту	Noun
құрушы	Noun
құры	Verb
құрыл	Verb
құрылтай	Adjective
құрылтай	Noun
құрылтайшы	Noun
құрылым	Noun
құрылымда	Verb
құрылымдаушы	Noun
құрылымды	Adjective
құрылымдылық	Noun
құрылымдық	Adjective
құрылыс	Noun
құрылыстық	Adjective
құрылғы	Noun
құрым	Noun
құрыстау	Noun
құрыш	Noun
құрықта	Verb
құрғат	Verb
құрғатқыш	Noun
құрғақ	Adjective
құрғақтық	Noun
құрғақшылық	Noun
құс	Noun
құс	Verb
құсбегі	Noun
құстыратын	Adjective
құсшы	Noun
құт	Noun
құтан	Noun
құтсыз	Adjective
құтты	Adjective
құттықта	Verb
құттықтау	Noun
құты	Noun
құтыл	Verb
құтылдыр	Verb
құтылымды	Adjective
құтылыс	Noun
құтырт	Verb
құтыртушы	Noun
құтырын	Verb
құтырынған	Adjective
құтырған	Adjective
құтырған	Noun
құтқар	Verb
құтқарушы	Noun
құтқарыл	Verb
құш	Verb
құшақ	Noun
құшақта	Verb
құшақталған	Adjective
құштар	Adjective
құштарлық	Noun
құю	Noun
құюшы	Noun
құятын	Adjective
құяң	Noun
құқ	Noun
құқылы	Adjective
құқылы	Adverb
құқық	Noun
құқықбұзушылық	Adjective
құқықтану	Noun
құқықты	Adjective
құқықтық	Adjective
құқықтық	Noun
құқыққорғаушы	Noun
Үнділік	Noun
үгілгіш	Adjective
үгінді	Noun
үгінділер	Noun
үгіт	Noun
үгіт	Verb
үгітте	Verb
үгіттен	Verb
үгіттеуші	Noun
үгітілген	Adjective
үде	Verb
үдеме	Adjective
үдемеле	Verb
үдемелі	Adjective
үдемелі	Adverb
үдеріс	Noun
үдет	Verb
үдеткіш	Noun
үдеу	Noun
үз	Verb
үзбе	Noun
үзгіш	Noun
үздік	Adverb
үздік	Noun
үздіксіз	Adjective
үздіксіздік	Noun
үздікті	Adverb
үзеңгілес	Noun
үзіл	Verb
үзілгіш	Adjective
үзілу	Noun
үзілім	Noun
үзіліс	Noun
үзіліссіз	Adverb
үзім	Noun
үзінді	Noun
үй	Noun
үй	Verb
үйез	Noun
үйеле	Verb
үйеңкі	Noun
үйлен	Verb
үйлендір	Verb
үйлену	Noun
үйлес	Verb
үйлестік	Noun
үйлестір	Verb
үйлестіру	Noun
үйлестіруші	Noun
үйлесім	Noun
үйлесімді	Adjective
үйлесімді	Adverb
үйлесімділік	Noun
үйлесімсіз	Adjective
үйлесімсіздік	Noun
үйлі	Adjective
үймеле	Verb
үймелес	Verb
үйрек	Noun
үйректұмсық	Noun
үйрен	Verb
үйренбеген	Noun
үйренуші	Noun
үйреншікті	Adjective
үйреніс	Verb
үйреніскен	Adjective
үйрет	Verb
үйрету	Noun
үйретуші	Noun
үйсіз	Adjective
үйт	Verb
үйтілген	Adjective
үйшік	Noun
үйілген	Adjective
үйім	Noun
үйінді	Noun
үйір	Noun
үйір	Verb
үйірлес	Verb
үйірме	Noun
үйіріл	Verb
үккіш	Noun
үкі	Noun
үкім	Noun
үкімет	Noun
үкіметаралық	Adjective
үкіметтік	Adjective
үлбір	Noun
үлбіре	Verb
үлгер	Verb
үлгермеуші	Adjective
үлгерім	Noun
үлгі	Noun
үлгілеу	Noun
үлгілі	Adjective
үлгілік	Adjective
үлгілік	Noun
үлгіші	Noun
үлес	Noun
үлес	Verb
үлескер	Noun
үлестір	Verb
үлестіргіш	Noun
үлестіруші	Noun
үлестірушілік	Adjective
үлестіріл	Verb
үлестірілген	Adjective
үлкей	Verb
үлкейт	Verb
үлкейткіш	Noun
үлкен	Adjective
үлкен	Noun
үлкендер	Noun
үлпек	Noun
үлпілде	Verb
үммет	Noun
үміт	Noun
үміткер	Noun
үміткерлік	Noun
үмітпен	Adverb
үмітсіз	Adjective
үмітсіз	Adverb
үмітсіздендір	Verb
үмітсіздік	Noun
үміттен	Verb
үміттендір	Verb
үн	Noun
үнде	Verb
үндеме	Verb
үндемеген	Adjective
үндемес	Adjective
үндес	Adjective
үндес	Verb
үндескен	Adjective
үндестік	Noun
үндестіру	Noun
үндесу	Noun
үндеу	Noun
үнді	Adjective
үнді	Noun
үнділік	Noun
үндістандық	Adjective
үнем	Noun
үнемде	Verb
үнемді	Adjective
үнемді	Adverb
үнемділік	Noun
үнемсіз	Adjective
үнемшіл	Adjective
үнемі	Adjective
үнемі	Adverb
үнсіздік	Noun
үр	Verb
үрдіс	Adjective
үрдіс	Noun
үрей	Noun
үрейлен	Verb
үрейлі	Adverb
үрк	Verb
үркек	Adjective
үркі	Verb
үркін	Noun
үркіншілік	Noun
үркіт	Verb
үрле	Verb
үрлен	Verb
үрлеу	Noun
үрмелі	Adjective
үрпи	Verb
үрпит	Verb
үрпиіп	Adverb
үрім	Noun
үскі	Noun
үскіле	Verb
үст	Noun
үсте	Verb
үстел	Noun
үстем	Adjective
үстемден	Verb
үстемдік	Noun
үстеме	Noun
үстемеле	Verb
үстеу	Noun
үстінде	Adverb
үстірт	Noun
үсі	Verb
үсік	Noun
үтік	Noun
үтікте	Verb
үтіктеу	Noun
үтір	Noun
үш	Noun
үшбұрыш	Noun
үшбұрыштық	Adjective
үшем	Noun
үшеулеп	Adverb
үшкір	Adjective
үшмүше	Noun
үштаған	Noun
үштік	Noun
үштүсті	Adjective
үшінші	Noun
үюші	Noun
үңгі	Noun
үңгі	Verb
үңгігіш	Noun
үңгіме	Noun
үңгір	Noun
үңіл	Verb
ұдайы	Adverb
ұждан	Noun
ұжданды	Adjective
ұждансыз	Adjective
ұжым	Noun
ұжымдастыру	Noun
ұжымдық	Adjective
ұжымшылдық	Noun
ұза	Verb
ұзар	Verb
ұзарт	Verb
ұзарту	Noun
ұзартылған	Adjective
ұзартқыш	Noun
ұзат	Verb
ұзату	Noun
ұзақ	Adjective
ұзақ	Adverb
ұзақмерзімді	Adjective
ұзақмерзімдік	Adjective
ұзақтық	Noun
ұзын	Adjective
ұзындық	Noun
ұзынша	Adjective
ұй	Verb
ұйпабас	Noun
ұйпалақта	Verb
ұйпалақтан	Verb
ұйым	Noun
ұйымдас	Verb
ұйымдаспаған	Adjective
ұйымдастыр	Verb
ұйымдастыру	Noun
ұйымдастырушы	Noun
ұйымдасқан	Adjective
ұйымдасқан	Adverb
ұйымдық	Adjective
ұйымшыл	Adjective
ұйымшылдық	Noun
ұйысу	Noun
ұйыт	Verb
ұйытқы	Noun
ұйыған	Noun
ұйығу	Noun
ұйық	Noun
ұйықта	Verb
ұйықтайтын	Adjective
ұйықтататын	Adjective
ұйғар	Verb
ұйғарыл	Verb
ұйғарылған	Adjective
ұйғарым	Noun
ұйқас	Noun
ұйқассыз	Adjective
ұйқасты	Adjective
ұйқастырма	Noun
ұйқастырылған	Adjective
ұйқастық	Noun
ұйқы	Noun
ұйқылық	Noun
ұйқысыз	Adjective
ұйқысыздық	Noun
ұйқысыра	Verb
ұйқышыл	Adjective
ұйқышыл	Noun
ұйқышылдық	Noun
ұл	Noun
ұлан	Noun
ұлас	Verb
ұластыру	Noun
ұлағат	Noun
ұлағатты	Adjective
ұлпа	Adjective
ұлпа	Noun
ұлт	Noun
ұлтабар	Noun
ұлтар	Verb
ұлтаралық	Adjective
ұлтжандылық	Noun
ұлттандыру	Noun
ұлттық	Adjective
ұлттық	Adverb
ұлтшыл	Noun
ұлтшылдық	Noun
ұлу	Noun
ұлыбританиялық	Adjective
ұлылық	Noun
ұлыған	Adjective
ұлық	Adjective
ұлық	Noun
ұлықтау	Noun
ұлғай	Verb
ұлғайт	Verb
ұлғайту	Noun
ұлғайтыл	Verb
ұлғайтылған	Adjective
ұлғайтқыш	Noun
ұма	Noun
ұмтыл	Verb
ұмтылдыр	Verb
ұмтылыс	Noun
ұмыт	Verb
ұмыттыр	Verb
ұмыттырыл	Verb
ұмытшақ	Adjective
ұмытшақ	Noun
ұмытшақтық	Noun
ұмытыл	Verb
ұмытылмайтын	Adjective
ұмытылмас	Adjective
ұмытылмас	Adverb
ұмытылған	Adjective
ұмытыңқыра	Verb
ұн	Noun
ұна	Verb
ұнайтын	Adjective
ұнамды	Adjective
ұнамды	Adverb
ұнамсыз	Adjective
ұнат	Verb
ұнатпа	Verb
ұнату	Noun
ұнды	Adjective
ұнта	Verb
ұнтақ	Noun
ұнтақталған	Adjective
ұншы	Noun
ұпай	Noun
ұр	Verb
ұран	Noun
ұрла	Verb
ұрланған	Adjective
ұрлау	Noun
ұрлаушы	Noun
ұрлық	Noun
ұрлықшы	Noun
ұрпақ	Noun
ұрс	Verb
ұрсы	Verb
ұртта	Verb
ұрттық	Adjective
ұршық	Noun
ұршықшы	Noun
ұры	Noun
ұрыл	Verb
ұрылған	Adjective
ұрындыр	Verb
ұрындырған	Adjective
ұрыс	Noun
ұрыс	Verb
ұрыстыр	Verb
ұрық	Noun
ұрықтандыру	Noun
ұрықтанған	Adjective
ұрықтық	Adjective
ұрғашы	Noun
ұсат	Verb
ұсатушы	Noun
ұсақ	Adjective
ұсақта	Verb
ұсақталған	Adjective
ұсақтаушы	Noun
ұсақшыл	Adjective
ұста	Noun
ұста	Verb
ұстаз	Noun
ұстайтын	Adjective
ұстал	Verb
ұсталынған	Adjective
ұсталық	Noun
ұсталған	Adjective
ұстам	Noun
ұстамды	Adjective
ұстамдылық	Noun
ұстамсыз	Adjective
ұстан	Verb
ұстаным	Noun
ұстара	Noun
ұстас	Verb
ұстат	Verb
ұстатпайтын	Adjective
ұстау	Noun
ұстаушы	Noun
ұстахана	Noun
ұстынды	Adjective
ұсын	Verb
ұсыну	Noun
ұсыныл	Verb
ұсынылған	Adjective
ұсыныс	Noun
ұсқынсыз	Adjective
ұт	Verb
ұттыр	Verb
ұтыл	Verb
ұтылыс	Noun
ұтылыссыз	Adjective
ұтылған	Adjective
ұтымды	Adjective
ұтыс	Noun
ұтыссыз	Adjective
ұш	Noun
ұш	Verb
ұшатын	Adjective
ұшақ	Noun
ұшпа	Adjective
ұшпалылық	Noun
ұшта	Verb
ұшталған	Adjective
ұштастыр	Verb
ұштастырушы	Noun
ұштағыш	Noun
ұшу	Noun
ұшыр	Verb
ұшыра	Verb
ұшырас	Verb
ұшырат	Verb
ұшырату	Noun
ұшырыл	Verb
ұшық	Noun
ұшықтыр	Verb
ұшыққан	Adjective
ұшқалақ	Noun
ұшқалақтық	Noun
ұшқын	Noun
ұшқында	Verb
ұшқыр	Adjective
ұшқыш	Noun
ұя	Noun
ұял	Verb
ұяла	Verb
ұялмай	Adverb
ұялт	Verb
ұялшақ	Adjective
ұялы	Adjective
ұялыңқыра	Verb
ұялған	Adjective
ұят	Noun
ұятсыз	Adjective
ұятсыздық	Noun
ұятты	Adjective
ұятшыл	Adjective
ұяшық	Noun
ұяң	Adjective
ұяңдық	Noun
ұғым	Noun
ұғымды	Adjective
ұғымдылық	Noun
ұғымсыз	Adjective
ұғымтал	Adjective
ұғын	Verb
ұғындыр	Verb
ұқ	Verb
ұқса	Verb
ұқсас	Adjective
ұқсас	Adverb
ұқсастыру	Noun
ұқсастық	Noun
ұқсат	Verb
ұқтыр	Verb
ұқыпсыз	Adjective
ұқыпсыздық	Noun
ұқыпты	Adjective
ұқыпты	Adverb
ұңғы	Noun
ұңғылау	Noun
әбден	Adverb
әбжылан	Noun
әбзел	Noun
әбзелхана	Noun
әбігерле	Verb
әбігершілік	Noun
әбілет	Noun
әдеби	Adjective
әдебиет	Noun
әдебиеттану	Noun
әдебиеттік	Adjective
әдебиетші	Noun
әдейсіз	Adverb
әдейі	Adverb
әдейілеп	Adverb
әдемі	Adjective
әдемі	Adverb
әдеміле	Verb
әдемілеп	Adverb
әдемілік	Noun
әдеп	Noun
әдепкі	Adjective
әдепсіз	Adjective
әдепсіз	Adverb
әдепсіз	Noun
әдепсізден	Verb
әдепсіздік	Noun
әдепті	Adjective
әдепті	Adverb
әдептілік	Noun
әдет	Noun
әдетте	Adverb
әдеттегі	Adjective
әдеттен	Adjective
әдеттен	Verb
әдеттенбегендік	Noun
әділ	Adjective
әділ	Noun
әділдік	Noun
әділет	Noun
әділетсіз	Adjective
әділетсіз	Adverb
әділетсіздік	Noun
әділетті	Adverb
әділеттілік	Noun
әділетшіл	Noun
әділқазылар	Noun
әдіп	Noun
әдіпте	Verb
әдіс	Noun
әдіскер	Noun
әдістеме	Noun
әдістемелі	Adverb
әдістемелік	Adjective
әже	Noun
әжей	Noun
әжептәуір	Adjective
әжетай	Noun
әжетхана	Noun
әжуа	Noun
әжуала	Verb
әжім	Noun
әжімді	Adjective
әздек	Noun
әзер	Adverb
әзіл	Noun
әзілде	Verb
әзілдес	Verb
әзілдескіш	Noun
әзілдеу	Noun
әзілкеш	Noun
әзілқой	Noun
әзілқойлық	Noun
әзір	Noun
әзірбайжан	Noun
әзірге	Adverb
әзірейіл	Noun
әзірле	Verb
әзірлеме	Noun
әзірлен	Verb
әзірлеуші	Noun
әзірлік	Noun
әзірше	Adverb
әзәзіл	Noun
әзәзілдік	Noun
әйгіле	Verb
әйгілеу	Noun
әйгілі	Adjective
әйгілі	Adverb
әйгілік	Noun
әйел	Noun
әйелдік	Adjective
әйелдік	Noun
әйелжандылық	Noun
әйнек	Noun
әйнекте	Verb
әйнектел	Verb
әйнектеуші	Noun
әйнекші	Noun
әйнешек	Noun
әйтеуір	Adverb
әйтпегенде	Adverb
әйтпесе	Adverb
әк	Noun
әке	Noun
әкел	Verb
әкелік	Noun
әкелінген	Adjective
әкесіз	Noun
әкет	Verb
әкетай	Noun
әкиек	Noun
әккі	Adjective
әктел	Verb
әктеуші	Noun
әкім	Noun
әкімдік	Noun
әкімсымақ	Noun
әкімші	Noun
әкімшілдік	Noun
әкімшілік	Adjective
әкімшілік	Noun
әкімшілікті	Adverb
әл	Noun
әлбетте	Adverb
әлгіде	Adverb
әлгіндей	Adverb
әлдебір	Adjective
әлден	Verb
әлдеқайда	Adverb
әлдеқайдан	Adverb
әлдеқалай	Adverb
әлдеқашан	Adverb
әлдиле	Verb
әлдилет	Verb
әлектен	Verb
әлекшөп	Noun
әлем	Noun
әлемдік	Adjective
әлемдік	Adverb
әлеует	Noun
әлеуетті	Adverb
әлеуметтану	Noun
әлеуметтанушы	Noun
әлеуметтену	Noun
әлеуметтік	Adjective
әлеуметтік	Adverb
әлпет	Noun
әлпеттес	Adjective
әлпеште	Verb
әлсіз	Adjective
әлсіз	Adverb
әлсізден	Verb
әлсіздендір	Verb
әлсіздік	Noun
әлсін	Adverb
әлсіре	Verb
әлсіреген	Adjective
әлсірет	Verb
әлует	Adjective
әлі	Adverb
әліп	Noun
әліпби	Noun
әліппе	Noun
әліппелі	Adjective
әмбебап	Adjective
әмбебапты	Adverb
әмбебаптылық	Noun
әмбебаптық	Noun
әмеңгерлік	Noun
әмиян	Noun
әмір	Noun
әмірлі	Adjective
әмірлік	Noun
әмірмен	Adverb
әмірші	Noun
ән	Noun
әндет	Verb
әнтек	Adverb
әншейін	Adverb
әнші	Noun
әншілік	Noun
әнқұмар	Noun
әнұран	Noun
әпенді	Noun
әпер	Verb
әпербақан	Noun
әпке	Noun
әпкіш	Noun
әпсәтте	Adverb
әрдайым	Adjective
әрдайым	Adverb
әрекет	Noun
әрекетсіз	Adjective
әрекетсіздік	Noun
әрекетсізік	Noun
әрекеттен	Verb
әрекеттес	Verb
әрекеттестік	Noun
әрекетті	Adjective
әрекеттілік	Noun
әрекетшіл	Adjective
әрең	Adverb
әрине	Adverb
әркелкі	Adjective
әркелкілік	Noun
әрлеуші	Noun
әрлі	Adjective
әртілділік	Noun
әртіс	Noun
әртүрлі	Adjective
әртүрлілік	Noun
әрі	Adverb
әріп	Noun
әріпсан	Noun
әріптес	Noun
әріптестік	Noun
әрқалай	Adverb
әрқашан	Adverb
әсем	Adjective
әсемде	Verb
әсемдік	Noun
әсемпаздық	Noun
әсер	Noun
әсерлен	Verb
әсерленгіштік	Noun
әсерлі	Adjective
әсерлі	Adverb
әсерлілік	Noun
әсершіл	Adjective
әскер	Noun
әскерлендіру	Noun
әскерлік	Adjective
әсте	Adverb
әсіреле	Verb
әсірелеп	Adverb
әсірелеу	Noun
әсіресе	Adverb
әтек	Adjective
әтек	Noun
әтеш	Noun
әткеншек	Noun
әтір	Noun
әуе	Adjective
әуе	Noun
әуеайлақ	Noun
әуедегі	Adjective
әуежай	Noun
әуез	Noun
әуезді	Adjective
әуезовтану	Noun
әуел	Adjective
әуелгі	Adverb
әуеле	Verb
әуелі	Adverb
әуен	Noun
әуендеме	Noun
әуендет	Verb
әуенді	Adjective
әуенділік	Noun
әуес	Adjective
әуесқой	Adjective
әуесқой	Noun
әуесқойлық	Noun
әуетаным	Noun
әулет	Noun
әулеттік	Adjective
әулиелік	Noun
әумесер	Adjective
әумесер	Noun
әумесерлік	Noun
әуре	Noun
әуреле	Verb
әурелен	Verb
әурешілік	Noun
әуселе	Noun
әшекей	Noun
әшекейлен	Verb
әшекейленген	Noun
әшкере	Adjective
әшкере	Noun
әшкереле	Verb
әшкерелеу	Noun
әшкерелеуші	Noun
әңгіме	Adjective
әңгіме	Noun
әңгімеле	Verb
әңгімелес	Verb
әңгімелеу	Noun
әңгімеші	Noun
әңгүдік	Noun
өбекте	Verb
өгей	Adjective
өгей	Noun
өгейсі	Verb
өгіз	Noun
өгізше	Noun
өжеттен	Verb
өжеттік	Noun
өжеттілік	Noun
өзара	Adjective
өзара	Adverb
өзаралық	Noun
өзге	Adjective
өзгеле	Verb
өзгер	Verb
өзгергіш	Adjective
өзгергіштік	Noun
өзгеретін	Adjective
өзгермейтін	Adjective
өзгерт	Verb
өзгерту	Noun
өзгертіл	Verb
өзгеру	Noun
өзгеріс	Noun
өзгеріссіз	Adjective
өзгерісті	Adjective
өзгеше	Adjective
өзгешелік	Noun
өздік	Adjective
өзек	Noun
өзекті	Adjective
өзекті	Adverb
өзектілік	Noun
өзен	Noun
өзенаралық	Noun
өзенші	Noun
өзеншік	Noun
өзімсін	Verb
өзімшіл	Adjective
өзімшіл	Noun
өзімшілдік	Noun
өзімізше	Adverb
өзіндік	Adjective
өзінділік	Noun
өйт	Verb
өкпе	Noun
өкпек	Adjective
өкпеле	Verb
өкпелегіш	Adjective
өкпешіл	Adjective
өксі	Verb
өксік	Noun
өктем	Adjective
өктемдік	Noun
өктемшілдік	Noun
өктемшілік	Noun
өкше	Noun
өкшеле	Verb
өкіл	Noun
өкілдік	Noun
өкілетті	Adjective
өкілеттілік	Noun
өкім	Noun
өкімдік	Adjective
өкімет	Noun
өкіметшіл	Adjective
өкін	Verb
өкінуші	Adjective
өкініш	Noun
өкінішті	Adjective
өкінішті	Adverb
өкір	Verb
өкірт	Verb
өл	Verb
өлген	Adjective
өлген	Noun
өлексе	Noun
өлердей	Adverb
өлерлік	Adjective
өлерлік	Noun
өлетін	Adjective
өлең	Noun
өлеңдет	Verb
өлке	Noun
өлкелік	Adjective
өлмейтін	Adjective
өлтір	Verb
өлтіргіш	Noun
өлтіретін	Adjective
өлтірушілік	Noun
өлтірілген	Adjective
өлше	Verb
өлшем	Noun
өлшемдестік	Noun
өлшемді	Adjective
өлшемсіз	Adjective
өлшемсіз	Adverb
өлшен	Verb
өлшенбейтін	Adjective
өлшенген	Adjective
өлшенетін	Adjective
өлшеу	Noun
өлшеусіз	Adjective
өлшеуші	Noun
өлшеуіш	Noun
өлік	Adjective
өлім	Noun
өлімсек	Adjective
өлімсіре	Verb
өлімсіреген	Adjective
өлімтік	Noun
өлімші	Noun
өмір	Noun
өмірбаян	Noun
өмірбаяндық	Adjective
өмірбаяншы	Noun
өмірбақи	Adverb
өмірбақилық	Adjective
өмірлік	Adjective
өмірсіз	Adjective
өміршең	Adjective
өміршең	Adverb
өн	Verb
өнгіш	Adjective
өнделетін	Adjective
өндір	Verb
өндіргіш	Adjective
өндіруші	Noun
өндіріл	Verb
өндірілетін	Adjective
өндірімділік	Noun
өндіріс	Noun
өндірістік	Adjective
өндірісші	Noun
өнеге	Noun
өнегелі	Adjective
өнегесіз	Adjective
өнер	Noun
өнеркәсіп	Noun
өнеркәсіптік	Adjective
өнеркәсіпші	Noun
өнерпаз	Adjective
өнерпаз	Noun
өнерпаздық	Noun
өнертабыс	Noun
өнертабысшы	Noun
өнертану	Noun
өнертапқыш	Noun
өнертапқыштық	Noun
өнім	Noun
өнімді	Adjective
өнімділік	Noun
өнімсіз	Adjective
өнімсізден	Verb
өр	Noun
өр	Verb
өрбі	Verb
өргіз	Verb
өре	Noun
өрекпі	Verb
өрекпіт	Verb
өрен	Noun
өрескел	Adjective
өрескелдік	Noun
өресіз	Adjective
өреше	Noun
өркен	Noun
өркенде	Verb
өркендеген	Adjective
өркендет	Verb
өркениет	Noun
өркениетті	Adjective
өркеш	Noun
өркөкірек	Adjective
өркөкіректік	Noun
өрле	Verb
өрлеу	Noun
өрмек	Noun
өрмекші	Noun
өрмеле	Verb
өрмінезді	Adjective
өрнек	Noun
өрнекте	Verb
өрнектелетін	Adjective
өрнекті	Adjective
өрнекші	Noun
өрп	Verb
өрт	Noun
өрте	Verb
өртегіш	Noun
өртелген	Adjective
өртен	Verb
өртсөндіргіш	Noun
өрш	Verb
өршелен	Verb
өршелендір	Verb
өршітуші	Adjective
өрік	Noun
өрілген	Adjective
өрім	Noun
өріс	Noun
өрісте	Verb
өрістет	Verb
өс	Verb
өсек	Noun
өсекте	Verb
өсекші	Noun
өсекшіл	Noun
өсетін	Adjective
өсиет	Noun
өсиетте	Verb
өскелең	Adjective
өскен	Adjective
өспелі	Adverb
өст	Verb
өсу	Noun
өсім	Noun
өсімдік	Noun
өсімқор	Noun
өсімқорлық	Noun
өсір	Verb
өсіру	Noun
өсіріл	Verb
өт	Noun
өт	Verb
өте	Adverb
өте	Verb
өтелген	Adjective
өтелу	Noun
өтем	Noun
өтемақы	Noun
өтемақылық	Adjective
өтемді	Adjective
өтеу	Noun
өткел	Noun
өткер	Verb
өткіз	Verb
өткізгіш	Adjective
өткізгіштік	Noun
өткізетін	Adjective
өткізетін	Noun
өткізушілік	Noun
өткінші	Adjective
өткір	Adjective
өткір	Adverb
өткірле	Verb
өткірлен	Verb
өткірленген	Adjective
өткірлік	Noun
өту	Noun
өтілмейтін	Adjective
өтімді	Adjective
өтімділік	Noun
өтімсіз	Adjective
өтін	Verb
өтінім	Noun
өтініш	Noun
өтінішті	Adverb
өтірік	Adjective
өтірік	Adverb
өтірік	Noun
өтірікші	Adjective
өтірікші	Noun
өтіс	Noun
өш	Noun
өш	Verb
өшкен	Adjective
өшпе	Verb
өшпенді	Adjective
өшпенділік	Noun
өшпес	Adjective
өштес	Verb
өшір	Verb
өшіргіш	Noun
өшіретін	Adjective
өшірулі	Adjective
өшірілген	Adjective
өң	Noun
өңде	Verb
өңдейтін	Adjective
өңделген	Adjective
өңделетін	Adjective
өңделмеген	Adjective
өңдес	Adjective
өңдеу	Noun
өңді	Adjective
өңеш	Noun
өңсіз	Adjective
өңсіздендір	Verb
өңсіздеу	Adverb
өңшең	Adjective
өңір	Noun
өңірлік	Adjective
